1,Chas Galaso,96
2,Noris Massip,135
3,Sevastian Leiras,10
4,Youssef Neuenhausen,52
5,Sanson Baderskov,50
6,Denese Rosenblatt,72
7,Aliaksandra Itxasmendi,123
8,Aissata Crispi,117
9,Georges Petrosyan,114
10,Elisangela Heinschel,54
11,Thomas Ursaru,91
12,Cañosantos Bosselmann,100
13,Itxasne Uphaus,123
14,Martynas Arkules,20
15,Rosalia Gasman,132
16,Maksym Vornhusen,23
17,Kasey Lledias,29
18,Basma Hausperger,99
19,Es Barraso,109
20,Aleidis Cros,49
21,Nauset Riemenkasten,36
22,Lisett Amersvoort,9
23,Alisha Grosser,88
24,Dilson Segbers,6
25,Onisim Pastorinho,15
26,Musarrat Higginson,91
27,Yanis Krauhse,111
28,Ericson Padros,124
29,Vitalijus Farres,100
30,Jacobus Rosenloehner,80
31,Mecedes Paranhos,18
32,Rosia Bestard,67
33,Tibisay Fronius,79
34,Kostyantyn Biesenthal,35
35,Parascovia Schrangs,126
36,Chrystal Poss,136
37,Santisima Goerkes,106
38,Joselyne Warners,113
39,Gados Montesa,124
40,Artesino Mallinson,83
41,Vasco Piqueras,38
42,Aleksandrina Torschmied,78
43,Pascualina Gierlichs,54
44,Josephina Balakrishnan,24
45,Chelsea Goossens,105
46,Yusein Torrelles,58
47,Haris Eckstein,55
48,Yusleidy Neyenhus,133
49,Holmes Theismann,28
50,Natascia Papenfuhs,27
51,Christina Percisa,54
52,Tarsilo Heintzsch,63
53,Sviatoslav Fleckenstein,44
54,Airas Backhus,5
55,Tsvetan Puigdemasa,69
56,Essaddik Abdessamie,58
57,Tommaso Escartin,103
58,Avinash Gaspar,51
59,Ashot Abrams,45
60,Youssra Haenraats,74
61,Ashely Espinasse,130
62,Youssoupha Meisterlin,62
63,Aleksey Gariso,5
64,Ladislaa Goldstaub,72
65,Osmar Veronese,105
66,Teogenes Zschammer,2
67,Povilas Sensenschmidt,79
68,Tish Jayasurya,74
69,Phillis Easen,122
70,Jesua Gstatter,66
71,Anastacio Kohlschmitt,29
72,Louisa Reusse,32
73,Lissete Grasso,15
74,Yasmeen Badyashin,82
75,Christia Yassine,55
76,Constanti Jespers,120
77,Younes Matseyovsky,11
78,Ussumane Koustoubos,117
79,Ysaura Congost,124
80,Titus Agus,39
81,Nasar Roishinsk,16
82,Eduviges Zhilinsky,49
83,Brais Pfliegensdorfer,101
84,Tsvetanka Charcos,59
85,Piedrasantas Tenostendarp,53
86,Blessing Schmidgunst,41
87,Winston Carrasqueira,124
88,Transito Arnaus,20
89,Licesio Fuss,91
90,Onesiforo Adelfinski,32
91,Consorcia Heimst,93
92,Gislene Andrusenko,85
93,Hortensi Sculsinger,101
94,Svyatoslav Millares,105
95,Nisar Kesselaer,28
96,Takashi Endres,69
97,Rusu Castrodeza,115
98,Rosa Pensado,107
99,Eloisa Sluyters,15
100,Hades Subirats,100
101,Elissa Cañis,44
102,Jussara Torrijos,51
103,Pascasia Lozivets,131
104,Teodosia Weise,59
105,Castulo Isabel,4
106,Yashi Corvas,58
107,Alesander Diercks,50
108,Nasser Kuhlhuser,15
109,Ambarisha Klockes,46
110,Felicitas Pfaffhausen,45
111,Yenisey Moshonkin,53
112,Kassoum Thibus,69
113,Yossra Toasa,94
114,Isilda Bossa,25
115,Josemaria Valdivielso,135
116,Aleksandre Ausin,18
117,Glenis Fassbender,66
118,Bassma Bruckstein,122
119,Basilides Suriyaprakash,45
120,Wessal Srivas,20
121,Fineas Espinasse,25
122,Teslem Diederichsen,10
123,Eghosa Klockes,112
124,Roksolana Harionovsky,126
125,Susann Cuanhas,114
126,Vlasta Golosenin,4
127,Mattias Wasmuth,66
128,Yisel Dissmann,100
129,Taysa Simpso,118
130,Denys Weihsmayr,88
131,Risa Michaelsen,72
132,Cresencio Gunzenhauser,33
133,Iliass Oliveras,2
134,Edrisa Adaes,74
135,Abdus Wolts,99
136,Kasie Jaensch,6
137,Abdessamed Balladares,3
138,Yasu Belous,12
139,Clemens Roloffs,28
140,Tsvetan Togores,49
141,Eloisa Besa,65
142,Ouassim Jestkov,80
143,Manasa Wichelhaus,125
144,Christeen Jobst,22
145,Fineas Castellano,112
146,Luise Ditschke,124
147,Lurdes Gershovitz,39
148,Tynisha Rauhaus,41
149,Assya Lazarescu,109
150,Akos Moreiras,84
151,Lahssen Vornhusen,69
152,Danish Nesme,134
153,Escolastica Honores,101
154,Eliso Weidensee,52
155,Wassila Wolski,131
156,Yassmin Gotsche,86
157,Consagracion Gorospe,63
158,Cyrstal Ospald,68
159,Asher Agranovsky,50
160,Inesa Esquiroz,44
161,Urias Essabbar,20
162,Felisa Yankovsky,121
163,Atanas Juanesena,85
164,Josue Mazuelas,29
165,Asceneth Tihonitsky,58
166,Arelys Marchais,47
167,Oystein Ilenseer,34
168,Roksolana Zeligsheim,69
169,Graciosa Mostazo,59
170,Pastor Mariscal,69
171,Castora Draesel,117
172,Drusilla Andress,131
173,Lounes Lizasoeta,20
174,Yanitsa Puscher,105
175,Estebe Sellas,16
176,Cletus Moshcovitsh,132
177,Maelys Xeres,100
178,Ashok Bustillos,62
179,Crisologo Pfarrdrescher,36
180,Isaak Likhtenshtedt,73
181,Hasna Sebastien,17
182,Yoshua Detesan,112
183,Aser Hirschfeld,78
184,Annalisa Gottschald,117
185,Wassima Kores,28
186,Iustin Fayos,80
187,Alfons Heiseler,67
188,Georges Guimas,90
189,Osariemen Parreiras,11
190,Lashay Buschking,116
191,Rogers Parsons,6
192,Missy Vasyutynsky,30
193,Manases Kesselaer,108
194,Aksiniya Vitas,90
195,Karissa Iskra,67
196,Nasly Quesnoy,37
197,Winston Bierschenk,136
198,Nast Arkules,100
199,Taisa Jelezovsky,105
200,Cristopher Nesi,66
201,Musarrat Blankenspeck,33
202,Adenso Buisson,93
203,Fousseyni Yushkin,60
204,Idalmis Sensenschmidt,52
205,Masha Middelanis,70
206,Hosein Kieckbusch,83
207,Arunas Sors,55
208,Cataysa Ysturiz,33
209,Ulysses Esquivel,9
210,Venessa Thiesing,99
211,Aleksi Zens,113
212,Rosmen Wespatat,33
213,Tressa Gasanz,74
214,Anesia Schneijders,62
215,Damarys Host,14
216,Telesfora Baumbusch,109
217,Georges Bordonhos,5
218,Qaisar Mosak,88
219,Isicio Shadursky,71
220,Jess Jernosek,16
221,Andreas Olasolo,75
222,Xesus Thornes,76
223,Tomasz Thesinga,53
224,Leesa Geers,46
225,Alyosha Dikson,37
226,Pusa Arisa,119
227,Mahesh Guasch,90
228,Miesha Tschumi,44
229,Laimonas Morillas,91
230,Nikolaus Babashoff,67
231,Massaer Martens,110
232,Aleshia Vollstedt,131
233,Besik Leeser,31
234,Nauset Riaguas,41
235,Visita Personal,54
236,Ildefonsa Aliques,108
237,Brooks Chekomasov,132
238,Myesha Steins,109
239,Joslyn Sluyters,5
240,Antonios Basart,12
241,Baselisa Assall,71
242,Andros Gallegos,125
243,Jurijus Walterscheid,44
244,Jesica Elges,16
245,Custodia Odinius,51
246,Eusiquio Beifuss,65
247,Rasim Gosse,125
248,Edgaras Estupiña,63
249,Licas Angerstein,16
250,Charise Minakshi,59
251,Consorcia Lastres,78
252,Luisina Eckstein,90
253,Elsa Aceves,6
254,Taysir Dubinovsky,3
255,Hermitas Reinas,7
256,Tanisha Babashov,42
257,Ansa Charnis,121
258,Estefany Wassermeier,105
259,Allison Holtstrater,85
260,Dorsey Kartashkin,83
261,Tesifon Leaños,35
262,Doloris Hofmans,66
263,Nissrine Eppstein,77
264,Prisciliana Groothuisen,73
265,Natasa Viveros,115
266,Kurtis Haversath,3
267,Ursino Dietzschold,45
268,Ousama Arronis,110
269,Aisling Demakis,111
270,Isora Clahsen,57
271,Jesenia Yesse,129
272,Cristia Goodson,53
273,Modest Asbai,45
274,Itsasne Huesges,36
275,Rosmary Esterine,68
276,Gussie Hohensee,103
277,Consejo Grotus,101
278,Oleksandr Abdessamie,64
279,Lhassan Bosco,30
280,Ineso Toenjes,124
281,Hasni Helashvili,122
282,Dennis Aberson,115
283,Luisina Zschieschak,78
284,Joanes Maruschak,135
285,Faustina Sichsek,117
286,Azarias Mullejans,92
287,Tressa Gnirss,40
288,Hripsime Larosa,102
289,Ismahane Presencia,60
290,Louise Thiemens,133
291,Lisabeth Remisio,56
292,Isaia Weispfenning,102
293,Desideria Morillas,70
294,Anuska Gustems,133
295,Astrid Iso,39
296,Asan Praetorius,48
297,Mousa Rosenloehner,135
298,Terese Felis,91
299,Donatas Bairradas,29
300,Rosamaria Botines,117
301,Alaksmi Desjardins,11
302,Cristhian Rosendorf,21
303,Agostina Dittges,33
304,Odalys Redecillas,55
305,Gessami Bestemyanov,65
306,Alisha Barthelmes,108
307,Silvestre Mischenko,30
308,Oskia Novoseltsev,37
309,Petros Rieckers,36
310,Yusara Batsevich,59
311,Sinforoso Bessonov,24
312,Kristi Justes,29
313,Reposo Vogtschmidt,37
314,Waris Cocis,109
315,Desheng Grosset,36
316,Jose Eriksson,18
317,Preslava Landstorfer,65
318,Progreso Buers,83
319,Ilyasse Tuesta,127
320,Janessa Sarasua,132
321,Isard Oscar,79
322,Jinsheng Monjas,46
323,Dalius Filoso,106
324,Godstime Falgueras,21
325,Arshak Fusshuller,50
326,Aleksandra Rouhs,16
327,Priscilia Jaspart,76
328,Keltse Sellas,56
329,Lisheng Heisser,106
330,Marlies Jvanetsky,105
331,Marines Arkules,36
332,Paraschiv Mashgiah,116
333,Vaidotas Scheerers,133
334,Isart Novosiltsev,76
335,Ventsislav Makushkin,42
336,Rosalina Jahreis,69
337,Ascension Reques,56
338,Driss Kretschmann,71
339,Rosalvina Gorosarri,105
340,Faysal Elsmore,99
341,Rosilda Demakis,1
342,Dionisia Elosegui,1
343,Gissela Judasin,135
344,Lise Congost,38
345,Pasqualino Basanta,109
346,Santusa Isserlin,34
347,Aires Tolos,63
348,Titus Higginson,45
349,Clemorisa Baevski,117
350,Narciso Mallinson,53
351,Candis Badenes,41
352,Malisa Chilvers,67
353,Christeen Moriones,106
354,Asia Jesko,10
355,Christia Vassallo,87
356,Eliseu Fresneda,28
357,Shasta Vyglovsky,25
358,Wencesla Grohsgart,27
359,Marbelis Wiggenhauser,83
360,Lashaunda Wagenseil,2
361,Wisdom Puscharovsky,3
362,Jessi Poles,127
363,Borislava Dlugosch,117
364,Vilmos Rosendorf,7
365,Rishikesh Sreenivasan,74
366,Dosindo Gluskin,30
367,Atsuko Reuschel,76
368,Dianelys Takacs,129
369,Arshad Sikorski,101
370,Anisia Winiarsk,52
371,Elyse Bastioo,91
372,Feras Dosantos,109
373,Ishrat Escario,52
374,Esneda Girbes,98
375,Ismary Morrison,10
376,Belisaria Tihvinsky,25
377,Ester Basedahl,131
378,Francesco Imsieke,80
379,Excelsina Steins,69
380,Kristoffer Fleischhaker,111
381,Assane Gluskin,4
382,Arkadiusz Demakis,117
383,Huseyin Dragusin,42
384,Lahasen Goldscheider,110
385,Christofer Maksyuta,134
386,Josetxo Thiemens,136
387,Rosamond Theissing,1
388,Ambrosia Mannish,30
389,Ineso Fasbender,34
390,Costel Maravalhas,91
391,Onesiforo Tunisso,31
392,Roberts Goloushin,36
393,Iosune Lasheras,81
394,Aleksejs Oliveras,19
395,Crispo Felisberto,51
396,Visan Hans,27
397,Ismene Balseca,49
398,Anastasia Lohschmidt,126
399,Abdesselam Pschorner,19
400,Idrissa Quambusch,21
401,Cassaundra Escarigo,49
402,Conceso Luedersen,118
403,Kristofer Gottschlag,129
404,Royston Irmischer,101
405,Ilias Niculescu,79
406,Khrystyna Robbers,11
407,Presentina Huesges,133
408,Estelia Estupiña,73
409,Rajesh Tuenissen,90
410,Asael Purdes,73
411,Ismaela Fustel,56
412,Nicodemus Usle,94
413,Kassie Quambusch,54
414,Justiniano Cummings,105
415,Wissal Pison,75
416,Victoras Grigorishin,51
417,Travis Manssouri,112
418,Joseline Enters,83
419,Prados Drassal,81
420,Joslyn Simms,10
421,Gervasia Casquero,37
422,Preslava Burosch,119
423,Prakash Beiderhase,45
424,Augustin Belosohov,126
425,Danish Cantarellas,2
426,Elissa Tegelbeckers,95
427,Amarilis Donckers,16
428,Iosif Gorostizu,50
429,Colas Kasberger,92
430,Isabelina Fishman,42
431,Chelsey Pelissier,78
432,Neisa Tseiner,5
433,Rosina Joosten,23
434,Joussef Gashkov,70
435,Nederlands Masero,113
436,Banessa Somasundara,109
437,Franciska Rissol,88
438,Eliseo Nastasa,109
439,Cristiana Haversath,54
440,Cristiano Chorincas,42
441,Ibtisam Abelhans,45
442,Yasira Drassal,109
443,Karsten Zastrojny,7
444,Rumaisa Sacasa,106
445,Yousif Guest,85
446,Arturas Ashburg,81
447,Desamparados Riemensperger,29
448,Ersilia Ormiston,60
449,Ouasima Josserand,27
450,Elisardo Escarigo,117
451,Kostadinov Wickenheisser,69
452,Nikolas Damas,71
453,Proceso Canseco,99
454,Kristofer Likhonosov,122
455,Kostiantyn Vilutis,60
456,Aramis Losito,100
457,Asier Casamayor,88
458,Ortensia Pis,75
459,Christelle Sellas,21
460,Jesper Bosz,44
461,Bousso Beyersdorf,117
462,Wassim Cardeñosa,98
463,Hosea Oechsle,56
464,Arseni Sudershan,11
465,Nissrin Ysturiz,40
466,Essaadia Susso,40
467,Derlis Gschlossl,120
468,Nelsy Offermanns,127
469,Estefan Dorenbusch,12
470,Lambertus Casati,37
471,Josimar Friese,40
472,Nemesio Ousset,64
473,Tonisha Hofmeister,17
474,Romualdas Dorschmidt,46
475,Sondos Patsev,34
476,Parasca Behrschmidt,101
477,Aase Teschler,134
478,Janessa Claessens,70
479,Costinel Tsigra,32
480,Mossaab Donkersloot,24
481,Xose Isambourg,50
482,Santos Farriols,101
483,Maricris Buenaposada,95
484,Prazeres Gilks,12
485,Rhys Nosk,94
486,Deloras Storhas,26
487,Crispulo Gas,120
488,Euclides Soesser,45
489,Hendrikus Jatzyshin,101
490,Alistair Susso,4
491,Osazee Tzscheuschner,96
492,Urszula Toennesen,89
493,Cesarino Ausborn,110
494,Alseny Daras,15
495,Asiel Nesvetaev,99
496,Edris Goldstern,21
497,Rosimar Nasti,54
498,Desamparado Pasero,90
499,Collins Purse,19
500,Houssein Roelfsema,73
501,Iliyas Casasola,126
502,Estanislao Largueisa,59
503,Rayisa Pison,1
504,Porsha Allmoslochner,14
505,Mustansar Tadeusz,112
506,Nisrine Braunschmid,42
507,Miklos Volkmars,114
508,Asbel Berish,110
509,Besik Hilgers,111
510,Kissima Yaksha,10
511,Yanetsy Agus,5
512,Yasemin Aonghuis,24
513,Cesario Isgro,118
514,Saskia Pannasch,99
515,Talisha Matseyovsky,43
516,Housam Groteklaes,75
517,Lakiesha Janes,125
518,Aisha Zheromsky,26
519,Israa Ruschenbaum,119
520,Myles Chushig,97
521,Elson Muhlstadt,38
522,Anais Bechstedt,79
523,Ernestino Korves,49
524,Hassane Lessmann,19
525,Vesko Bauhus,101
526,Ysaura Duquesne,19
527,Kenisha Astolfi,39
528,Olesea Mossmer,27
529,Elitsa Esterine,109
530,Abdessalem Somolinos,57
531,Theresia Fenners,107
532,Oristila Kinski,106
533,Hovhannes Grillhosl,123
534,Porres Weispfenning,115
535,Iaroslav Messenger,120
536,Dioscorides Blaustein,99
537,Lassana Dorschmidt,20
538,Nerijus Walterscheidt,105
539,Ishaq Gasho,80
540,Asiel Bruchhauser,2
541,Bistra Wichelhaus,122
542,Isabelino Costin,84
543,Tamisha Brandts,33
544,Klaus Valdeolivas,111
545,Casandra Arispe,55
546,Rosenda Ruschoff,84
547,Aleksej Ursoleo,49
548,Jesabel Brisido,51
549,Hisako Oleas,109
550,Arelys Bordonhos,40
551,Susano Roosenboom,19
552,Narcis Silvestri,18
553,Valentinas Sebastia,126
554,Susanna Escauriaza,75
555,Berkis Dans,36
556,Irish Kallashi,98
557,Hosain Hakanson,93
558,Mercedes Gottschlag,82
559,Raksasa Danesi,132
560,Aleksi Magrans,73
561,Pasqualina Nicholson,11
562,Roso Malumbres,103
563,Sashko Cascon,51
564,Luisana Geselbracht,133
565,Chesus Prisecaru,81
566,Edrisa Balladares,34
567,Sinforosa Skampinsk,103
568,Larisa Poschen,109
569,Sasha Geertsen,10
570,Hasan Thebus,46
571,Liseth Wolts,118
572,Amsatou Eggers,4
573,Rossie Lambas,2
574,Bisma Pfaffhausen,15
575,Vanusa Dimas,114
576,Dolnoserbski Therstappen,64
577,Apsara Kronschnabl,98
578,Isidro Mischenkov,27
579,Gessami Batsevich,114
580,Alis Haselier,78
581,Sinesio Bargues,74
582,Generoso Kirchhausen,132
583,Milissa Fuss,96
584,Tuastri Winkelhues,63
585,Isabelino Mansholt,70
586,Elyass Dorries,3
587,Chester Albersmann,32
588,Cruces Shalashov,34
589,Remus Eichstaedt,93
590,D'Asis Rutschle,28
591,Asura Filoso,107
592,Adonis Bonsoms,103
593,Ivis Manotas,130
594,Arismendy Arrais,21
595,Alexsandro Farriols,107
596,Roselina Lauenstein,82
597,Lindsay Eriksson,62
598,Ghassan Reisslohner,74
599,Osahon Warners,54
600,Hortensia Buigues,79
601,Mishel Biñaspre,127
602,Katiuska Basozabal,36
603,Misti Niñoles,82
604,Krzystof Berezovsky,136
605,Assuncao Greaves,58
606,Hornjoserbsce Almoslochner,60
607,Protasio Prisecaru,63
608,Remedios Misa,27
609,Ousama Reinisch,94
610,Ilyes Mosegui,48
611,Mercedes Grodensky,104
612,Gines Lagarelhos,31
613,Sylvester Ocaskova,51
614,Morris Mazuelas,71
615,Wes Ladyjets,101
616,Sissel Tolosana,128
617,Jessica Ousset,82
618,Confesor Cardells,4
619,Bustar Elkenhans,26
620,Orosio Meihs,38
621,Elyse Henriques,31
622,Teisha Michaelsen,4
623,Estelvina Casamayor,12
624,Trista Amelsvoort,32
625,Pascasia Reishaus,32
626,Ansar Ferraris,118
627,Vsevolod Kohlschmitt,122
628,Fuencisla España,101
629,Bousso Osburg,63
630,Yusef Palmisano,39
631,Masoud Peterseil,43
632,Yaneris Laps,54
633,Yarelis Johannsmeyer,82
634,Rosimeire Niedzielsk,125
635,Yasemin Justh,61
636,Pariksit Pasion,11
637,Gracas Dols,56
638,Hades Illanes,124
639,Denisha Imbs,37
640,Karissa Dercksen,13
641,Joris Mross,43
642,Janise Patsev,13
643,Roscoe Purse,51
644,Kurtis Cantarellas,94
645,Adams Casparie,83
646,Charisse Hitpass,23
647,Desamparats Espigares,85
648,Ilisca Mazuelas,36
649,Wenceslaa Wiseman,26
650,Alejos Grushinsky,118
651,Alassane Messemer,73
652,Teressa Veltistov,65
653,Alecsandru Kosiuszk,121
654,Myrtis Hostmann,84
655,Vladyslava Cuacos,104
656,Tyisha Masoliver,24
657,Estibalitz Lederhossen,74
658,Josephina Solposto,89
659,Gustav Omedes,124
660,Gines Potsepkin,136
661,Rosalyn Isenhofer,136
662,Casiano Egers,39
663,Drissia Knops,53
664,Consolacion Ocaskova,89
665,Susannah Viresh,35
666,Clamores Hostench,122
667,Success Zhivotovsky,100
668,Bastian Reques,90
669,Nicolas Feltens,109
670,Elsa Diers,8
671,Augustus Forakis,110
672,Matrikas Thomas,23
673,Kassandra Cofreces,20
674,Norris Elisiario,32
675,Ishfaq Matzkovsky,116
676,Arturas Boms,111
677,Rosinda Djisev,62
678,Recesvinto Susundegui,65
679,Thomasina Farinos,10
680,Irkus Masjuan,95
681,Yokasta Cordes,54
682,Eloisa Ruis,91
683,Sebastia Cercoso,23
684,Natascha Tschierschke,39
685,Bassirou Mross,46
686,Gerson Usabiaga,127
687,Rosenilda Hans,70
688,Alyosha Aldai-Jusso,119
689,Oskar Yankovsky,87
690,Sisinia Sandersen,58
691,Lhassane Gieschen,119
692,Charles Valdearenas,86
693,Cristelle Vingranovsky,96
694,Joesph Veneruso,43
695,Hosnia Ettensperger,39
696,Christina Zharkovsky,2
697,Dorys Wachsmut,28
698,Vannesa Esteve,2
699,Farnes Laps,91
700,Moses Jeanson,8
701,Yusra Upson,9
702,Shamas Atanes,72
703,Yoselyn Viñals,31
704,Alastair Veronese,37
705,Wesley Austern,103
706,Crescenciano Eisenstein,18
707,Takisha Wisskopp,11
708,Casildo Astete,36
709,Iraides Picassinos,90
710,Dris Berntsen,28
711,Confesora Flickenschild,130
712,Leonardus Tregers,8
713,Lajos Bus,118
714,Segismundo Castellani,25
715,Durvasa Pertusa,46
716,Kurtis Casais,28
717,Daysi Moraes,23
718,Pascasio Socias,115
719,Restituta Minakshi,18
720,Leonas Jenkyns,109
721,Tanisha Pierson,44
722,Caños Endres,8
723,Cristobalina Bilias,59
724,Wassila Zschornak,11
725,Eulises Kensington,51
726,Assiya Gottseli,97
727,Elisa Carballares,12
728,Terisa Willkens,86
729,Livius Rattensperger,106
730,Hashim Villacastin,110
731,Taras Essabbar,102
732,Kristal Ascacibar,122
733,Norris Narkiss,45
734,Darius Mossbrugger,4
735,Alesha Germershausen,22
736,Satish Losquiño,19
737,Zeus Messemer,21
738,Isauro Parsch,40
739,Alastair Matres,54
740,Natascha Gistas,111
741,Luis Valois,68
742,Lluis Lurdes,48
743,Hannes Watson,118
744,Nicolasa Terras,57
745,Maysa Balonas,72
746,Mamasa Vanderstegen,35
747,Yesmin Ossenbeck,92
748,Assmae Llimos,94
749,Kanisha Buers,21
750,Panagiotis Lastagaray,110
751,Vitalijus Nsang,74
752,Romulus Klaassens,65
753,Isicio Lois,117
754,Sviatoslav Bagues,132
755,Wesley Munster,83
756,Kirstin Groothuisen,39
757,Denislava Isar,100
758,Maksims Seshadrinathan,95
759,Qasir Mohnatsky,133
760,Asher Grushinsky,77
761,Betsaida Albons,76
762,Lakeesha Usechi,98
763,Hafsa Geerts,63
764,Idris Avgustoff,121
765,Estuardo Eichstaedt,101
766,Susy Eriksson,92
767,Morris Saladrigas,3
768,Fransisca Aronstam,121
769,Rossy Mindiashvili,4
770,Gediminas Tschernich,65
771,Amarilis Talsi,103
772,Krysten Floss,79
773,Trish Mccluskey,120
774,Hosam Alcobendas,84
775,Hossein Moles,135
776,Maysam Troncoso,55
777,Aisling Pettersen,118
778,Rossmery Koutsoubos,91
779,Zosima Visier,20
780,Yudelkis Tsapko,11
781,Sebastiao Herisson,72
782,Cristine Jonhson,93
783,Agusti Lyrschikov,75
784,Paulius Cardeñosa,60
785,Vytautas Kasavaraju,97
786,Jaleesa Riemensperger,29
787,Khamissa Ponisch,99
788,Crescenciana Sassi,60
789,Eudosia Mullejans,131
790,Tobias Desiderio,95
791,Wensheng Tueros,1
792,Isidor Ashurst,71
793,Latasha Zschocke,64
794,Easter Desenritter,71
795,Bonoso Dantsiger,55
796,Restituto Molis,36
797,Yassine Eides,34
798,Charissa Santosjuanes,65
799,Iskra Brockhaus,20
800,Jasbir Austern,37
801,Eghosa Genser,1
802,Algimantas Beines,123
803,Messaouda Lambas,115
804,Dennys Vaisakhi,120
805,Estuardo Gerones,78
806,Estiben Ganslmayer,122
807,Natisha Iserbeck,38
808,Borys Vansovich,68
809,Clemens Isachenok,76
810,Gilles Gallegos,65
811,Aissatou Brockstedt,78
812,Miles Ormston,11
813,Kasha Roosenboom,22
814,Yesica Negusaroy,24
815,Porres Ossenbeck,70
816,Roumaissae Nuregesan,118
817,Felisbela Amsler,52
818,Vladislao Rakos,40
819,Isra Tebs,49
820,Iskander Foraster,47
821,Tessy Behns,6
822,Kristan Isus,57
823,Vilmos Volsky,117
824,Ernestino Wolffsen,77
825,Susie Simms,135
826,Baustista Gasquez,43
827,Josimar Gustems,112
828,Rosmira Witzlsperger,33
829,Asahel Jaspart,115
830,Christinia Esimontovsky,132
831,Yris Scharfscheer,77
832,Osaretin Hanssler,116
833,Misericordia Hauptfleisch,126
834,Eusebia Bolinches,64
835,Anesio Nauhauser,99
836,Ussumane Shashidhar,67
837,Constanta Upsdell,49
838,Oleksandr Goseascoechea,9
839,Lisarda Juanesena,6
840,Andreas Albitsky,132
841,Hripsime Reemtsema,73
842,Corsino Tcharnetsky,83
843,Ganesh Basanta,14
844,Pasquale Kolovos,102
845,Romaisae Geeson,106
846,Edesia Gollners,91
847,Agustina Deiros,91
848,Vaclovas Esquiroz,22
849,Benyoussef Vijayashree,3
850,Shamsher Zschieschang,4
851,Eufrosina Langlais,76
852,Amets Tschysch,8
853,Waseem Heinschel,60
854,Bautista Kestner,56
855,Lies Upson,85
856,Lyes Dudenbostel,59
857,Ulisses Itxasmendi,106
858,Gertrudis Kohlschmitt,68
859,Mateos Biedenstein,99
860,Isona Hanitzsch,84
861,Celso Piñas,63
862,Intisar Chereches,47
863,Esneider Asaro,63
864,Ceesay Folkerts,60
865,Jurijs Sarasqueta,110
866,Letisha Feineis,26
867,Fuensanta Terradas,135
868,Ismahan Magrans,30
869,Loles Schrangs,34
870,Escelita Herschstein,4
871,Rokas Schlossin,25
872,Missy Sitjes,114
873,Osaro Thiesing,87
874,Ressie Sudhansu,46
875,Bennasser Masdeu,80
876,Estanislaa Escondrillas,64
877,Boutros Cordes,1
878,Latisha Seichas,34
879,Oleksiy Tihvinsky,85
880,Lissette Ots,3
881,Ilias Goloveshko,37
882,Maisae Upson,24
883,Tanase Dreessen,18
884,Delsie Boselli,105
885,Escolastico Gotschal,87
886,Ishak Usureau,110
887,Asmahane Koerfers,35
888,Airis Frederichs,56
889,Crisantos Gsell,42
890,Asjad Andreason,5
891,Nesrine Chis,4
892,Lashaun Koutsoubos,112
893,Yusraa Itxassou,51
894,Lhoussain Lois,74
895,Constança Turtsevich,44
896,Larisa Theissing,25
897,Sehrish Escauriaza,99
898,Gumersindo Costache,42
899,Raissa Dorfers,62
900,Arsen Fructuoso,4
901,Dolors Nasti,53
902,Valerijus Massip,95
903,Leyanis Dexthures,118
904,Tinisha Luerss,11
905,Justiniana Batis,4
906,Tsetska Zhestkov,69
907,Fuentes Ulferts,75
908,Alcides Congost,12
909,Romaissae Ossendorf,102
910,Alisia Kusgens,23
911,Estibalitz Gestosa,22
912,Alexsander Klingenschmidt,11
913,Progreso Kraemers,55
914,Ouisal Molis,40
915,Kassem Tourais,123
916,Casian Escales,13
917,Analisa Narasimha,21
918,Judson Wollerscheid,21
919,Josie Esbert,69
920,Chas Simodines,70
921,Ernest Broekmans,25
922,Ruslana Gàsio,80
923,Mounsef Griesbaum,46
924,Zsuzsanna Consolina,75
925,Cristy Hilgers,17
926,Falgas Veronesi,97
927,Estefani Magenschaben,107
928,Deus Voihs,124
929,Hugues Monsalve,2
930,Ursel Moebus,33
931,Lissa Reusse,135
932,Leesa Arnandis,62
933,Jassim Rosedahl,127
934,Alesia Bormans,124
935,Costin Verushkin,73
936,Kseniia Paranhos,2
937,François Loschnat,56
938,Alassane Terrasa,11
939,Yves Fesenmayer,14
940,Ismail Perandres,30
941,Anisley Abelhans,41
942,Flors Isser,35
943,Musah Crespi,40
944,Basmala Corces,103
945,Natascia Evsyukov,82
946,Jefferson Jabotinsky,26
947,Nasar Illjes,116
948,Rosell Fucks,111
949,Iosu Avryasov,54
950,Kiersten Zabrovsky,56
951,Bethsabe Abaleshev,44
952,Casta Fitschen,86
953,Ouassila Villers,135
954,Ruska Corrias,97
955,Isabelina Althaus,24
956,Roumaissa Dertilis,23
957,Virtuosa Girstenbrei,57
958,Caños Symons,3
959,Asun Museros,18
960,Ksenia Hilgers,66
961,Battista Cassiano,43
962,Jean-François Valdivielso,17
963,Aracelys Herschel,128
964,Hristian Preuhsler,41
965,Lys Sargues,4
966,Hasnain Ghoshal,64
967,Liseth Junghans,42
968,Constantina Moragas,68
969,Beatris Villacastin,74
970,Alexsandra Piqueras,63
971,Otis Bistuer,97
972,Fidelis Damaske,122
973,Cherish Forstermann,106
974,Romayssa Kaliteevsky,136
975,Yashmina Bauerschmitz,89
976,Constanti Leaños,51
977,Edilson Kushner,33
978,Hristiyan Frohnheiser,68
979,Alistair Moss,33
980,Thays Cubells,94
981,Ashfaq Wildschutz,123
982,Despina Frederichs,77
983,Arquimedes Kousar,43
984,Isidor Meiertons,129
985,Tenisha Westermeier,45
986,Yousri Gashkov,66
987,Sarunas Preuhsler,23
988,Nassera Tessari,102
989,Dusan Trascasa,76
990,Israel Schoenmakers,41
991,Sebastiao Inchausti,31
992,Etsuko Jonhson,118
993,Rastislav Casermeiro,65
994,Isaura Majesk,30
995,Luisa Symonds,22
996,Milciades Escarre,76
997,Masiel Argeles,93
998,Tautvydas Procas,72
999,Vasileios Yekusiel,7
1000,Benson Bosco,38
1001,Blasa Halberstadt,134
1002,Qaisar Pribylsky,103
1003,Ernestas Henriques,24
1004,Avinash Rothenbusch,103
1005,Issame Grosu,110
1006,Dionis Scharfscheer,120
1007,Cerasela Mostazo,26
1008,Dusan Liebisch,14
1009,Youssouph Brigas,51
1010,Isilda Helmess,58
1011,Jesica Paules,107
1012,Insaf Alentisca,45
1013,Ryszard Citores,6
1014,Younes Chisbert,13
1015,Krista English,45
1016,Jaroslav Kretschmann,51
1017,Nikos Istillu,87
1018,Rosiane Makosch,75
1019,Mariasol Knauerhase,24
1020,Marusia Baldassarre,26
1021,Elisete Riemschussel,115
1022,Gospodin Gordusenko,54
1023,Dusti Rimmelspacher,16
1024,Melquisedec Podshivalov,51
1025,Abdennasar Merckens,92
1026,Hasnae Yriso,45
1027,Evangelos Abelhans,127
1028,Aisatou Achselrad,48
1029,Iasone Bessogonov,116
1030,Fuencisla Bensalah,133
1031,Hafsa Merkens,94
1032,Alysha Basterra,122
1033,Rusu Tschanz,108
1034,Arles Irazusta,125
1035,Matheus Tilmans,88
1036,Baptiste Morlanes,81
1037,Huertas Winstanley,108
1038,Dzianis Hurtsilava,113
1039,Jackson Heusgen,103
1040,Cristeta Ferrandis,22
1041,Cristofor Weichslgartner,43
1042,Vanesa Achselrad,73
1043,Eskarne Zhivotovsky,74
1044,Hasan Orensanz,48
1045,Ranses Benedictis,86
1046,Giedrius Portsteffen,118
1047,Assis Rausch,98
1048,Lesha Bandeiras,44
1049,Yarisa Anikushin,64
1050,Yogesh Leser,129
1051,Eresvita Masterreka,69
1052,Justinas Besendorfer,43
1053,Elsira GrossLXX,55
1054,Stevens Chameides,92
1055,Georges Jaspart,101
1056,Katiuscia Bahnsch,10
1057,Tamsir Warstat,1
1058,Misu Hensel,91
1059,Aivaras Quintais,65
1060,Ursula Minskoi,124
1061,Josiah Felsenthal,96
1062,Gervasio Vitoshnov,22
1063,Janise Nosti,109
1064,Clamores Lamelas,67
1065,Takeshi Tzehansky,10
1066,Tarsicio Hyrcanos,69
1067,Assma Kniesz,19
1068,Mudassar Nienhys,117
1069,Lurdes Mihailyants,53
1070,Yosune Csaba,121
1071,Ousainou Dercks,10
1072,Misericordia Ottensosser,95
1073,Joshua Bridges,66
1074,Josefino Raiss,83
1075,Montserrat Cabalhanas,7
1076,Alishba Luderssen,23
1077,Esperanza Prasai,72
1078,Jhosua Muras,112
1079,Istvan Vyshkvarko,66
1080,Nicesio Bestard,136
1081,Arelis Gottschald,105
1082,Assunta Kittsteiner,6
1083,Yousri Bleistein,50
1084,Justiniana Villacastin,23
1085,Kesia Murnseer,98
1086,Mansata Lutgens,22
1087,Abass Thesinga,40
1088,Natascha Suhas,106
1089,Veselka Gerspach,113
1090,Esperanza Tilmans,104
1091,Dimitrios Lissen,93
1092,Aisam Vossberg,80
1093,Yusleidy Carsi,126
1094,Myles Trasierra,74
1095,Tarsicio Busoms,10
1096,Susana Dragusin,7
1097,Mushtaq Tilmans,6
1098,Dorsey Marushkin,36
1099,Contessa Charcos,124
1100,Monssef Claros,58
1101,Mubashir Nachtsheim,29
1102,Nasim Timmsen,5
1103,Vasili Wichelhaus,25
1104,Costel Oncins,94
1105,Guisela Heusner,96
1106,Despina Llames,31
1107,Basilides Ladyjets,124
1108,Asif Breyschen,39
1109,Weston Kusztal,14
1110,Isart Dickens,53
1111,Musa Oliveras,46
1112,Hristinka Abrosimoff,126
1113,Asceneth Weihsen,58
1114,Glennis Zhivotinsky,103
1115,Vlasta Wichelhaus,20
1116,Cesarina Baishev,19
1117,Estanislaa Tosar,125
1118,Housam Ramsenthaler,59
1119,Libasse Hendricks,132
1120,Charissa Llopis,101
1121,Yuksel Villahermosa,35
1122,Josef Ponitzsch,89
1123,Yassin Androvsky,44
1124,Anghelus Adams,24
1125,Tsanko Sandersen,34
1126,Trisha Yadryshnikov,61
1127,Faustino Luptsov,38
1128,Cristinel Salvadores,39
1129,Angels Wiggenhauser,104
1130,Eustoquio Marksteiner,33
1131,Confesora Hadassah,104
1132,Viktoras Lajinhas,132
1133,Yassmina Sellares,38
1134,Hssaine Zschieschan,128
1135,Sotirios Pettersson,97
1136,Monsef Niess,133
1137,Gerson Haversath,30
1138,Matrikas Avryasov,84
1139,Josiane Czisch,43
1140,Alisa Degues,52
1141,Youssouf Schoemakers,8
1142,Huseyin Gonska,89
1143,Chesus Butgens,41
1144,Rishabha Heeschen,66
1145,Cristina Marushko,55
1146,Brindusa Boschetti,69
1147,Franziska Neyenhaus,92
1148,Ernestino Peterschroder,43
1149,Karishma Goseascoechea,135
1150,Jasvinder Isenmann,88
1151,Excelsina Legaspi,15
1152,Nedas Johnnsson,33
1153,Jesika Losantos,48
1154,Isabelino Ghoshal,58
1155,Marshall Paulusen,64
1156,Hassnaa Ossenbeck,81
1157,Alisea Fosch,126
1158,Conversion Brodersen,102
1159,Yessica Josserand,127
1160,Leslee Reimers,94
1161,Alphonse Oncins,134
1162,Nassira Hermens,102
1163,Alexsandro Weihsen,97
1164,Bassou Riemensperger,43
1165,Milissa Feis,94
1166,Bassim Losslein,66
1167,Yasiel Boms,47
1168,Iosu Jaspert,131
1169,Haris Egers,21
1170,Estera Weihsen,90
1171,Jesusa Breyschen,46
1172,Rosemeire Hysa,29
1173,Anastasiia Marcos,42
1174,Remigijus Chisbert,95
1175,Driss Dontsov,102
1176,Radoslav Russinho,104
1177,Maysam Sendarrubias,27
1178,Abdeslam Paulos,57
1179,Misbah Chisbert,11
1180,Pius Basarte,33
1181,Estebana Mijes,16
1182,Elsie Cobles,25
1183,Teudiselo Gsegnet,66
1184,Waris Lehmanns,63
1185,Christopher Salvadores,91
1186,Hans Kremmers,1
1187,Isabelo Gotsche,15
1188,Tarcisio Uphaus,80
1189,Silvestre Girbes,110
1190,Zsolt Inselvini,13
1191,Elsa Tessari,37
1192,Gladis Fotopoulos,108
1193,Rashida Cocos,115
1194,Shaista Guadamillas,6
1195,Flors Beioes,22
1196,Theresia Morgados,80
1197,Rudesinda Banasie,71
1198,Claris Wolters,69
1199,Casiana Elustondo,74
1200,Vannessa Isabel,91
1201,Deloris Hanssler,22
1202,Desheng Gunters,120
1203,Asmat Vijaykrishna,119
1204,Ilyes Molares,71
1205,Francheska Ansede,78
1206,Myroslava Engels,84
1207,Vladyslava Anisovich,38
1208,Nassiba Levasseur,112
1209,Auguste Dubois,13
1210,Ananias Yekusiel,56
1211,Ausra Chuvstvin,8
1212,Stevens Sertels,28
1213,Gertrudis Tursi,81
1214,Cañosanto Horoshih,81
1215,Deivis Wirts,99
1216,Isoken Grodzensky,43
1217,Hansel Sust,82
1218,Rusalin Misa,121
1219,Peligros Henderson,122
1220,Temistocles Dobrjansky,63
1221,Delois Isak,134
1222,Maricris Lois,31
1223,Damaris Daufratshofer,34
1224,Roselin Felis,120
1225,Basmala Jesko,36
1226,Atsuko Pastore,64
1227,Simas Tschanz,63
1228,Gumersinda Corvas,114
1229,Gertrudes Donkersloot,132
1230,Robustiana Reichelson,8
1231,Pariksit Sendarrubias,68
1232,Nastia Luedersen,25
1233,Irish Janes,127
1234,Crescencia Przybelsk,59
1235,Youseff Gnirss,103
1236,Charlsie Tsalko,76
1237,Alessandro Globisch,14
1238,Waseem Precioso,4
1239,Constanze Ramsay,51
1240,Marlys Ossenbruggen,34
1241,Kristeen Hussung,68
1242,Rhys Cocos,67
1243,Osaretin Najas,70
1244,Neusa Gisske,20
1245,Crispiniano Herisson,11
1246,Hosam Duflos,32
1247,Jhoselyn Haines,62
1248,Abdesslam Hausle,100
1249,Hasbia Crespi,16
1250,Jesica Mosegui,47
1251,Jessica Asens,27
1252,Josetxo Salinas,21
1253,Clemens Czekansk,85
1254,Basharat Moshcovitsh,68
1255,Espiritu Krzystofe,12
1256,Theodoros Casablancas,128
1257,Markos Mullners,131
1258,Kashmir Turyansky,74
1259,Marsha Symonds,105
1260,Belvis Hulsermann,134
1261,Hussain Avalishvili,82
1262,Cristel Josten,45
1263,Cresencia Rasmussen,22
1264,Shuangshuang Niculescu,80
1265,Viñas Morales,103
1266,Natasa Niederhausen,124
1267,Benaisa Schmanns,20
1268,Xisca Przybysz,124
1269,Crispina Ambrosius,136
1270,Arseniy Gansauge,78
1271,Felisbela Wirts,30
1272,Youssouf Eibenschitz,75
1273,Costel Optensteinen,8
1274,Yuneisy Passarada,99
1275,Svyatoslav Thoennissen,94
1276,Tatsiana Wolski,27
1277,Istvanne Magrans,130
1278,Isha Pragosa,19
1279,Ascanio Humanes,126
1280,Tressa Schmidschneider,17
1281,Kristy Desiderio,73
1282,Karsten Yepes,24
1283,Faustino Ignatius,46
1284,Benson Jobst,22
1285,Elyse Schmedes,100
1286,Russell Tonsen,57
1287,Jussara Pelser,13
1288,Borisov Tiso,94
1289,Valdefuentes Iruclis,3
1290,Lajos Passeira,118
1291,Markus Westendorf,100
1292,Chrystelle Bagretsoff,92
1293,Confesor Raposo,34
1294,Arsen Cabalhanas,129
1295,Deysi Reusse,35
1296,Rashpal Kaphengst,8
1297,Susanna Masle,125
1298,Laimonas Eppstein,62
1299,Bassma Schroders,131
1300,Lissett Justiz,124
1301,Naresh Bienasch,4
1302,Xiaoshuang Tscherner,24
1303,Ashlee Ternisien,70
1304,Domingas Berastegui,11
1305,Ayshe Almstedt,122
1306,Casto Marsiñach,27
1307,Tais Vernhes,37
1308,Leonisa Canelles,123
1309,Khamiss Karstan,45
1310,Aleksandrs Virasana,35
1311,Yasine Besnier,12
1312,Kristiana Espiño,125
1313,Cels Bodes,58
1314,Celestine Niclos,57
1315,Abdias Bruckstein,10
1316,Yerson Sebastien,21
1317,Blossom Boquinhas,113
1318,Aleks Wynends,31
1319,Ruslanas Casadesus,123
1320,Housseine Lusatis,123
1321,Tsveta Duflos,20
1322,Boulus Clarkson,86
1323,Dayanis Currais,78
1324,Ruslana Friese,53
1325,Vytautas Buchsteiner,86
1326,Vannessa Pensado,113
1327,Tsira Marievsky,60
1328,Yasir Bañales,74
1329,Narcis Viladecans,46
1330,Markos Tcharnetsky,62
1331,Roseann Evangelisti,69
1332,Arshad Susmozas,49
1333,Basiliano Comesaña,94
1334,Christelle Bautista,2
1335,Cesarea Zschockel,60
1336,Rosalyn Najas,79
1337,Mitsuko Gallegos,28
1338,Miloslav Ascanio,104
1339,Argenis Wynants,74
1340,Hester Sors,80
1341,Rustam Charnis,2
1342,Casiodoro Tomczeszy,85
1343,Custodio Tricas,69
1344,Mouhssine Mascareña,68
1345,Wassima Giske,5
1346,Claris Huisinga,86
1347,Aliaksei Susaeta,96
1348,Susie Bertges,125
1349,Ouissal Heisser,116
1350,Ulysses Kleinhanss,90
1351,Nuris Castelli,112
1352,Kristopher Gaschenkov,7
1353,Rosann Moshe,47
1354,Nasser Guillaumes,61
1355,Bousso Fuchtenhans,59
1356,Festus Tomashevsky,133
1357,Onisim Salleras,37
1358,Deniss Zschieschan,126
1359,Oksana Optensteinen,70
1360,Ayesa Groshikov,91
1361,Osmel Matsigura,52
1362,Jose Offermanns,3
1363,Osmel Itxassou,3
1364,Orosio Cernadas,9
1365,Chassidy Sarsanedas,4
1366,Rosette Weissel,70
1367,Franciszek Vingranovsky,95
1368,Irmantas Sichsek,40
1369,Estelle Nusuev,38
1370,Esha Eggers,40
1371,Josie Vansovich,119
1372,Zhisheng Descamps,47
1373,Lashanda Baisarov,124
1374,Cornelius Braunsdorf,59
1375,Btissame Rosser,122
1376,Kelsie Araguas,136
1377,Iusra Poles,9
1378,Kenisha Anschutz,82
1379,Urcesino Arenes,125
1380,Balazs Tschumi,132
1381,Cristinela Costantino,35
1382,Dessie Chuvstvin,108
1383,Isaura Cordoves,3
1384,Rosaria Ambrosi,82
1385,Ashlie Evsyukov,32
1386,Yessenia Beckmanns,69
1387,Alysia Cerdeiras,78
1388,Basiru Abrosimoff,77
1389,Horst Althuis,67
1390,Melquisedec Finestres,11
1391,Hussain Kieckbusch,31
1392,Roksana Winkelhues,118
1393,Gisbert Baransk,21
1394,Cesarino Heinsch,33
1395,Lisarda Riemschussel,134
1396,Misho Ensle,25
1397,Arnoldas Pires,111
1398,Arsilia Voots,100
1399,Onesima Caruso,64
1400,Elvis Zscherpe,12
1401,Ambrose Leitis,4
1402,Saulius Kursaal,54
1403,Esma Messemer,66
1404,Clemorisa Schrangs,127
1405,Fausi Bessogonov,121
1406,Zsofia Grohsert,52
1407,Narcis Wiersich,127
1408,Rosella Ots,129
1409,Taisiya Kuppers,133
1410,Espen Luderssen,123
1411,Dessire Basanta,132
1412,Hamsa Solas,39
1413,Drusila Thannheiser,94
1414,Joshua Segbers,6
1415,Larosi Arguelles,120
1416,Inssaf Manson,133
1417,Aleksandra Schoenmakers,83
1418,Kristiyan Ustyuzhanin,69
1419,Easter Esimontovsky,73
1420,Jassim Usabiaga,13
1421,Rosalva Hellbusch,88
1422,Romaisae Adelfinski,103
1423,Jinsheng Islanov,2
1424,Keshia Olasolo,108
1425,Islam Weichslgartner,8
1426,Lasonya Elbeshausen,135
1427,Anastasija Pis,132
1428,Jasvir Agostino,118
1429,Esaul Novohatsky,98
1430,Assumpcio Reinares,67
1431,Tristana Zheromsky,1
1432,Parascovia Damrosch,101
1433,Vyacheslav Springinsguth,129
1434,Eduardas Villasuso,66
1435,Markus Knops,92
1436,Naseem Piedecausa,113
1437,Patrisia Paisano,125
1438,Alissa Wiles,90
1439,Rosendo Talkovsky,113
1440,Vitalijus Vides,129
1441,Remigijus Yanes,76
1442,Asad Isenbock,108
1443,Justin Heinschel,32
1444,Anasse Westermeier,41
1445,Vasilev Tuesta,122
1446,Rusi Eyes,23
1447,Ineso Vesin,37
1448,Rosane Cotos,68
1449,Abbas Reichensperger,100
1450,Dorcas Kniesz,118
1451,Lesly Maschke,88
1452,Hisham Gsell,51
1453,Asceneth Zieske,84
1454,Eloysa Alexius,89
1455,Alesya Michelys,22
1456,Roosevelt Pfliegensdorfer,99
1457,Willians Legaristi,87
1458,Ermesinda Batanas,26
1459,Andres Felsenberg,88
1460,Larissa Villuendas,56
1461,Demarcus Grotenhues,100
1462,Mounsif Feistkorn,96
1463,Cassie Ludders,29
1464,Oscar Breuers,92
1465,Hristov Doris,34
1466,Louisa Reinas,128
1467,Massimiliano Cardus,68
1468,Columbus Kosiuszk,22
1469,Aysel Zhivotovsky,81
1470,Sushil Auslender,44
1471,Nafissa Marievsky,15
1472,Sergejs Goloushin,28
1473,Demarcus Pedersen,24
1474,Rimas Carragosa,54
1475,Costina Cassirer,68
1476,Luis Konigshofen,17
1477,Gertrudis Costin,76
1478,Lashanda Schlippes,112
1479,Neus Wrusch,92
1480,Cesidio Baevski,39
1481,Batista Borjesson,93
1482,Jerusalen Chaques,43
1483,Algirdas Folques,97
1484,Frans Hanssler,49
1485,Liesbeth Marrazes,131
1486,Christine Agosto,119
1487,Cosima Evsyukov,19
1488,Deivis Eyes,89
1489,Mubashir Marrazes,16
1490,Christi Globisch,107
1491,Onisor Tropinsky,16
1492,Phyllis Weissel,115
1493,Ninoska Kistenbrugger,66
1494,Yashira Morales,44
1495,Wasif Gariso,71
1496,Aragones Psiod,99
1497,Andres Grohsheim,35
1498,Piedraescrita Gulevsky,10
1499,Delsie Eisvogel,129
1500,Moise Sieverts,123
1501,Josemaria Liazasoro,54
1502,Mubashar Cembranos,7
1503,Anisio Martinsen,14
1504,Tais Gassenschmidt,85
1505,Recesvinto Felisberto,60
1506,Ventsislava Mathes,89
1507,Nassera Gormanns,101
1508,Rustam Bagues,7
1509,Ladislao Intxusaga,65
1510,Eufrasio Tedeschi,56
1511,Gracas Tissot,54
1512,Feras Albons,21
1513,Priscilo Costea,98
1514,Bassma Likhtenshtedt,14
1515,Martins Magallares,77
1516,Gaudiosa Christ,100
1517,Alysia Limoshin,4
1518,Yousif Marrazes,96
1519,Marvis Forstermann,60
1520,Stanislava Masterreka,19
1521,Sacramentos Leonards,66
1522,Odalis Gastanazatorre,83
1523,Tsvetko Uggias,6
1524,Lashandra Possen,3
1525,Virtudes Salvasohn,127
1526,Regis Hermannsen,76
1527,Tamas Duclos,110
1528,Wilson Ribeisen,33
1529,Ernestino Trimbusch,85
1530,Boutros Tosar,102
1531,Aiste Vinheiras,20
1532,Ouisal Terroso,10
1533,Hermesinda Fiks,116
1534,Evans Platts,33
1535,Tamsir Gasman,94
1536,Masse Mccluskey,47
1537,Isha Pedrals,130
1538,Montes Salinas,58
1539,Teressa Leston,53
1540,Felisberto Magenschaben,58
1541,Generoso Trasierra,121
1542,Daksha Reseco,114
1543,Gracas Pascoa,86
1544,Alcibiades Henjes,90
1545,Paraschiva Balashoff,136
1546,Ashot Vaishnavi,35
1547,Hermitas Molins,53
1548,Battista Anisovich,3
1549,Hashim Izostegui,130
1550,Wenceslao Almellones,120
1551,Dennis Bagishvili,30
1552,Anastassia Coers,67
1553,Nicholas Artigas,67
1554,Tanesha Pelles,35
1555,Ismael Kasimor,69
1556,Elies Parsch,65
1557,Mahesh Silvestri,110
1558,Chems Gastanazatorre,50
1559,Jasbir Estarlich,105
1560,Gladys Gladyshev,66
1561,Escolastica Heintschel,15
1562,Tirso Casasola,124
1563,Baptista Veronesi,84
1564,Eimantas Izusquieta,2
1565,Chesus Finestres,29
1566,Lais Merckens,41
1567,Aleksandrov Vasyuchkov,48
1568,Alaksmi Finestres,22
1569,Radostin Robisco,107
1570,Yosua Issel,109
1571,Ambrosio Bruggershemke,87
1572,Diogenes Goloushin,99
1573,Joselin Thomasso,86
1574,Miledys Mesegue,44
1575,Ismaail Besa,53
1576,Issiaka Bormans,85
1577,Peligros Dobryshev,78
1578,Massinissa Bechstedt,105
1579,Ursicinio Bruchschmidt,96
1580,Pascasio Virehovsky,71
1581,Yulissa Contesti,97
1582,Miles Biarnes,125
1583,Rosilda Novosiltsev,9
1584,Alease Rispeter,35
1585,Alasana Elms,31
1586,Arquimides Lueckens,86
1587,Estibaliz Villegas,107
1588,Hasana Iervese,12
1589,Borislava Thalhauser,135
1590,Yasmine Asendorf,75
1591,Arusyak Preusentanz,77
1592,Assma Rissol,22
1593,Roseline Dreessen,63
1594,Anis Coso,24
1595,Gertrudis Bruckstein,23
1596,Lassana Massanet,99
1597,Ildefons Lindsay,73
1598,Ksenija Brungs,71
1599,Mames Narkiss,128
1600,Yosef Baltussen,51
1601,Intisar Beiderhase,43
1602,Mathis Correas,78
1603,Pasty Grosu,13
1604,Cherise Margulies,136
1605,Silvestru Zaks,129
1606,Anfisa Fasbender,65
1607,Batista Reves,85
1608,Arismendy Yushkov,71
1609,Btissame Geeson,42
1610,Alois Antushevsky,52
1611,Peñitas Viresh,13
1612,Sarunas Alentisca,10
1613,Christof Butsch,48
1614,Alassana Kollmannsperger,22
1615,Dioscoro Espasa,44
1616,Elissa Kuns,78
1617,Messaouda Achselrad,107
1618,Cristabel Halberstadt,14
1619,Oleksandr Pontones,89
1620,Yissel Quaresima,113
1621,Romaissa Csernak,96
1622,Ashley Dmuhovsky,37
1623,Dariusz Blaustein,134
1624,Esdras Malumbres,30
1625,Isidoro Scherers,61
1626,Tleitmas Vasquez,21
1627,Andrejus Bruckstein,128
1628,Yasira Liazasoro,5
1629,Chris Fiks,91
1630,Juris Rosenhain,119
1631,Rosana Braceras,63
1632,Gisell Hoppstadter,133
1633,Elyas Dachs,68
1634,Pascuala Pedregosa,75
1635,Yousuf Nytsch,132
1636,Kanisha Lozivets,69
1637,Belisaria Fincias,12
1638,Domingas Guenters,88
1639,Christel Dulisz,11
1640,Narcis Janes,61
1641,Estanis Oules,11
1642,Hasan Limones,23
1643,Vladimiras Abaleshev,70
1644,Ikhlass Weissschadel,58
1645,Miroslava Guminsk,52
1646,Apostolos Preisentanz,113
1647,Arseli Higginson,135
1648,Bouselham Casademunt,30
1649,Alexsander Creus,134
1650,Tamisha Pleguezuelos,87
1651,Evedasto Marahrens,7
1652,Lashay Barajas,101
1653,Hasier Przybilsk,124
1654,Lesly Visnap,4
1655,Remigijus Karobalsk,131
1656,Alyse Moset,56
1657,Patsy Robisco,24
1658,Neisa Finestres,122
1659,Trista Saks,68
1660,Lissett Endres,122
1661,Tristana Hasanov,113
1662,Alhassane Krahnstover,130
1663,Ibtissam Kleukens,126
1664,Osmel Roblas,52
1665,Yosu Sheluntsov,76
1666,Adonais Castejana,130
1667,Eguskiñe Narkiss,128
1668,Nassar Rubies,87
1669,Josune Holmes,81
1670,Keltse Gorbushin,2
1671,Marusya Arestieta,11
1672,Astou Aivazovsky,100
1673,Elouise Musi,33
1674,Cesar Reihsner,88
1675,Ossama Talsi,21
1676,Essie Salinas,84
1677,Forrest Tilstra,72
1678,Brugues Lishansky,28
1679,Augustus Beifuss,122
1680,Nafissatou Xmas,69
1681,Parascovia Llorens,122
1682,Belisaria Margulies,128
1683,Assan Zschocke,34
1684,Tiscar Friese,117
1685,Asa Schriefers,3
1686,Tasia Gallastegi,36
1687,Mileydis Quistinit,36
1688,Takisha Masjuan,35
1689,Misho Herovets,29
1690,Lashaunda Oules,111
1691,Misael Tressl,20
1692,Nausica Yssasi,5
1693,Denisse Violas,112
1694,Theodoros Manosalvas,10
1695,Thaddeus Edesa,65
1696,Genis Fronius,52
1697,Jasna Keutgens,3
1698,Waris Nijevyasov,56
1699,Aniss Tsvetanov,10
1700,Bonosa Goloushin,91
1701,Mukesh Quintas,66
1702,Flores Casais,29
1703,Isam Ochsenmeier,62
1704,Graciosa Rakhletsky,98
1705,Celestina Casqueira,116
1706,Essaadia Deiros,83
1707,Rosse Vyshkvarko,53
1708,Gertrudis Halichevsky,52
1709,Castañar Jamussa,118
1710,Ernestine Puscher,38
1711,Jaspal Agosto,128
1712,Crescente Wotschke,103
1713,Fineas Rahlevsky,37
1714,Elson Warnkes,33
1715,Tomasz Nierhaus,84
1716,Josue Bras,40
1717,Restituta Henjes,68
1718,Ganesh Tueros,127
1719,Eusterio Claessens,82
1720,Hussain Gosselin,97
1721,Costantino Mooslechner,110
1722,Younouss Chrestensen,109
1723,Jhoselin Puigdemasa,109
1724,Alyse Maiso,85
1725,Pasion Drosu,118
1726,Eduvijis Prevost,45
1727,Rudesindo Corrias,136
1728,Jessenia Wroblesk,128
1729,Kandis Cacosk,101
1730,Isolino Junghans,10
1731,Virtuosa Forshteter,91
1732,Buensuceso Nunheiser,30
1733,Alsira Tepes,46
1734,Ardis Dragos,24
1735,Gertrudes Civicos,135
1736,Andrius Pleguezuelos,25
1737,Yoselyn Llopis,114
1738,Ederson Ernst,51
1739,Yisel Elosegui,84
1740,Bess Grabalosa,95
1741,Andras Muellers,89
1742,Alease Danielsen,76
1743,Annis Vasyuchkov,62
1744,Asiya Lastagaray,125
1745,Branislav Hampson,116
1746,Piedrasanta Grametsky,17
1747,Bassou Heinemanns,36
1748,Helios Hamester,48
1749,Rishi Viridarsky,7
1750,Masum Cascallar,117
1751,Hermitas Ustilovsky,16
1752,Rosalind Thoenes,116
1753,Hassam Cristas,90
1754,Ederson Celestino,124
1755,Belkassem Schultheis,73
1756,Rossio Theisen,79
1757,Yoselin Elices,33
1758,Younouss Barreiras,72
1759,Onisor Kabyshev,79
1760,Thomasena Vlahos,5
1761,Maisa Berntsen,89
1762,Yusraa Orensanz,41
1763,Hannes Henseli,42
1764,Osel Lipinski,134
1765,Iasmina Kieckbusch,64
1766,Josefa Arguelles,40
1767,Ursel Kallashi,31
1768,Ayse Blankenstein,42
1769,Crescencio Tsvetkov,90
1770,Vlasta Chuhnovsky,114
1771,Esmeralda Iskra,8
1772,Urcesino Ascaso,50
1773,Estefana Schellhase,61
1774,Alysha Gottschlag,69
1775,Mason Zuchorsk,47
1776,Misericordia Zuasti,41
1777,Natasa Señorans,93
1778,Lynsey Ernst,82
1779,Valiantsina Simms,96
1780,Celestino Balasoiu,108
1781,Ioannis Viroslavsky,71
1782,Egidijus Symons,111
1783,Leonides Raiss,95
1784,Agustin Losslein,32
1785,Aissatu Caballos,106
1786,Nassiba Tadeusz,31
1787,Isaak Carvalhas,118
1788,Glennis Goseascoechea,10
1789,Lhassan Clauhsen,103
1790,Agnus Herstein,60
1791,Ysmael Horos,22
1792,Maisae Heussmann,63
1793,Crispo Dubois,108
1794,Prospera Wanners,63
1795,Costina Rimmelspacher,69
1796,Yaneris Travessa,44
1797,Oskar Riemschussel,110
1798,Cosme Vanstein,107
1799,Desamparados Eihmans,93
1800,Justo Kaster,72
1801,Anxos Portsteffen,92
1802,Mushtaq Kinast,100
1803,Itxasne Aros,121
1804,Latarsha Cocenas,17
1805,Osariemen Auslender,41
1806,Madison Antunes,31
1807,Estudita Serrats,65
1808,Svenska Tessari,133
1809,Krasimir Ausin,121
1810,Nolasco Marushko,24
1811,Lukasz Subirats,104
1812,Alessandra Oliosi,55
1813,Krystal Ganslmayer,6
1814,Harsh Escola,63
1815,Leonidas Liebisch,86
1816,Christophe Rossin,119
1817,Itahisa Prisco,93
1818,Yesica Gorospe,67
1819,Hasier Noves,129
1820,Destiny Cerejeiras,67
1821,Artesino Nahabtsev,135
1822,Assmaa Vecillas,14
1823,Cesario Hindes,2
1824,Rimvydas Bascuñana,114
1825,Gaoussou Mosak,85
1826,Iliasse Callarisa,70
1827,Drusilla Schitsyn,21
1828,Lekisha Scheppers,58
1829,Prospera Preissler,48
1830,Gustavo Garrigosa,113
1831,Estephania Hoyas,1
1832,Asa Lederhossen,3
1833,Cassondra Arres,77
1834,Asdrubal Buschermohle,122
1835,Maissa Pribylsky,27
1836,Lisbet Gosse,125
1837,Oskitz Lagershausen,24
1838,Clarisse Hulsermann,91
1839,Milciades Denisov,121
1840,Longinos Odinius,8
1841,Ildefonso Pragosa,122
1842,Douglass Andress,89
1843,Elson Colillas,70
1844,Marinus Tolksdorf,135
1845,Sants Kolnsperger,23
1846,Anders Mattiessen,19
1847,Cielos Mirsky,118
1848,Dayanis Lledias,115
1849,Tyson Beklenischev,94
1850,Viktoras Hanslmaier,110
1851,Baralides Izostegui,54
1852,Basel Solposto,100
1853,Kirsten Robbers,131
1854,Kashmir Grosskreutz,55
1855,Yassine Haberstein,77
1856,Espiritusanto Dusterhoft,79
1857,Issiaka Johansen,132
1858,Zornitsa Podshivalov,106
1859,Delicias Oechsle,9
1860,Hussain Wessendarp,43
1861,Winston Molins,90
1862,Chase Denisov,9
1863,Igoris Matsevich,45
1864,Algis Musatov,30
1865,Milagrosa Luessen,2
1866,Blagovest Rastoll,72
1867,Christofer Tosca,26
1868,Alesandra Arnandis,34
1869,Latesha Hauptfleisch,34
1870,Yousif Spinks,11
1871,Insaf Nauhaus,41
1872,Yeison Ribeisen,20
1873,Fausto Pschorner,107
1874,Stanislas Cortese,111
1875,Edison Baulies,18
1876,Milagrosa Antontsev,129
1877,Estephania Sifuentes,1
1878,Tomasa Naglschmid,7
1879,Daysi Tihonitsky,115
1880,Erasmo Rohse,102
1881,Nargis Sesto,116
1882,Houssin Carlisl,32
1883,Vaidotas Valvidares,65
1884,Hassen Ruthenschror,119
1885,Chistopher Hausfeld,94
1886,Francisca Paso,14
1887,Bismark Pedrosa,61
1888,Tsveta Xmas,89
1889,Tish Schmidtschneider,119
1890,Hovhannes Peñalosa,77
1891,Rosana Carmanns,3
1892,Custodia Iniesto,72
1893,Fausi Fassbender,94
1894,Tigist Mooslechner,48
1895,Gherasim Viñals,110
1896,Tatsiana Breustedt,103
1897,Aleksandrov Arestieta,127
1898,Estela Llimos,135
1899,Nemesia Remuss,136
1900,Misti Lindsay,32
1901,Rosy Mikhelson,17
1902,Mathis Rotast,41
1903,Rosmira Escolano,59
1904,Lhoussaine Causape,123
1905,Placeres Abos,23
1906,Hssaine Jarusch,85
1907,Asmahane Inarejos,115
1908,Celso Tuenissen,23
1909,Shamas Manasi,91
1910,Luisina Kinski,94
1911,Teotista Prisecaru,133
1912,Spas Gellhaus,79
1913,Jasmine Mordasov,133
1914,Gytis Arkins,61
1915,Algirdas Escursa,61
1916,Evans Villamisar,91
1917,Remus Tueros,82
1918,Escolastico Heinrigs,129
1919,Sinforoso Mossbrugger,43
1920,Visitacion Batchelis,72
1921,Abdennassar Saus,70
1922,Hortensia Mccluskey,46
1923,Elisabeta Carmanns,8
1924,Zsuzsanna Grosser,35
1925,Yash Morlanes,101
1926,Itsaso Alscher,125
1927,Williams Suros,1
1928,Riansares Vyglovsky,99
1929,Rosangela Janhsen,131
1930,Borislava Srivas,9
1931,Aissata Kollmannsperger,130
1932,Isha Castanheira,12
1933,Abdenasser Cañameras,57
1934,Romas Balahovski,61
1935,Yassir Belaustegui,134
1936,Dimas Andress,79
1937,Dongsheng Wilckens,9
1938,Blasinda Alytsky,121
1939,Sinesia Pradanos,109
1940,Rosal Kartashev,99
1941,Laszlo Greus,78
1942,Hasana Liesa,113
1943,Nassar Aalsburg,41
1944,Adrista Gottschol,74
1945,Cassandra Samans,38
1946,Thomasena Manjarres,101
1947,Consol Ohlenbusch,28
1948,Ahsan Intxusaga,127
1949,Esmael Finestres,94
1950,Concesina Schlesser,79
1951,Elsbeth Braceras,63
1952,Charisse Badenas,35
1953,Ranses Zscherper,132
1954,Rayisa Voces,78
1955,Yocasta Baishev,77
1956,Jeisson Meisterernst,96
1957,Housnia Ryzhkovsky,66
1958,Phyllis Estanque,85
1959,Anas Fersing,66
1960,Basma Rockteschel,68
1961,Vasko Payes,93
1962,Konstantin Mikhaltsov,67
1963,Calasanz Wessendarp,79
1964,Falgas Stenmans,13
1965,Anesio Havroshin,127
1966,Jinsong Dans,85
1967,Asura Toasa,99
1968,Mishell Palmisano,135
1969,Bastian Gnirss,69
1970,Kris Castanhola,80
1971,Hassna Voces,98
1972,Yasmine Lutzius,10
1973,Theresa Fenster,56
1974,Sirats Vins,10
1975,Visan Castanhola,91
1976,Leslee Arezes,101
1977,Christiaan Pflugshaupt,111
1978,Rosalbina Gabrisova,127
1979,Hyusein Coso,92
1980,Dorcas Balonas,76
1981,Yasiel Glasko,69
1982,Elieser Kisua,26
1983,Abdus Middelanis,118
1984,Diosdado Belaustegui,64
1985,Shasta Cordoves,103
1986,Abdessadek Adabash,58
1987,Douglas Andersen,31
1988,Cresencio Esimontovsky,32
1989,Angustia Brisido,6
1990,Jesse Markushev,104
1991,Orsolya Walfish,99
1992,Vasily Bolbos,107
1993,Joanes Kreyhsing,34
1994,Jenise Gerones,50
1995,Denitsa Tsvetanov,127
1996,Parascovia Daufratshofer,25
1997,Fuentes Hodgkins,134
1998,Christiaan Castellanos,98
1999,Villaviciosa Adolphs,23
2000,Housna Emtsov,66
2001,Thersa Manson,49
2002,Kees Reques,128
2003,Maksim Dunges,83
2004,Anastasi Olasolo,112
2005,Sunshine Hossain,2
2006,Youseff Reihsner,37
2007,Ignasia Walterscheidt,77
2008,Weston Bartscherer,120
2009,Ansumana Johanson,35
2010,Gaiska Castanho,40
2011,Arelis Castellanos,59
2012,Tyisha Llusar,103
2013,Aguas Tsvetanov,73
2014,Tosha Winkelstrater,40
2015,Ianos Schrors,38
2016,Hollis Estebanell,39
2017,Chuks Claros,105
2018,Edison Reshoft,76
2019,Es Bargues,78
2020,Myroslav Steinkrauss,110
2021,Mercedes Donckers,43
2022,Sassi Kansi,48
2023,Christa Messemer,88
2024,Miklos Zastrojny,77
2025,Charles Ansede,97
2026,Tenesoya Magrans,79
2027,Edvardas Bonsoms,109
2028,Predestina Wirschinger,102
2029,Eloise Reinas,40
2030,Mileidys Christ,131
2031,Arsela Folques,31
2032,Esthela Bouso,88
2033,Josee Barreiras,123
2034,Cisse Westhoven,121
2035,Faisal Lissner,63
2036,Izaskun Deussing,132
2037,Ouisal Bischof,22
2038,Theodorus Argos,11
2039,Isusko Huisinga,115
2040,Yasuko Mooslehner,64
2041,Porsha Abatsiev,58
2042,Vasilis Mazuelas,37
2043,Casiano Andris,31
2044,Nicolaas Dragstra,130
2045,Isabella Escales,84
2046,Eudosio Evangelisti,76
2047,Leidys Knas,32
2048,Josiane Luderssen,52
2049,Nakesha Pelles,24
2050,Cristinela Kircheis,117
2051,Venessa Griffiths,33
2052,Anastasiya Rokhmistrov,66
2053,Christiana Escarre,29
2054,Lashanda Mordasov,121
2055,Basili Tafertshofer,14
2056,Asel Ramisa,125
2057,Esteve Ursch,71
2058,Cristoffer Visco,122
2059,Josepa Cesari,91
2060,Maisae Schmidgunst,110
2061,Hermoso Ernst,125
2062,Nerissa Gormans,129
2063,Sanson Lloris,69
2064,Teresa Carreres,119
2065,Abdesselam Nsang,114
2066,Cresencio Kobusznsk,131
2067,Gediminas Imschloss,114
2068,Placeres Pflugshaupt,7
2069,Crsitina Arevalos,14
2070,Thresa Elbers,92
2071,Yosvany Guminsk,70
2072,Teresiano Tsvetkov,79
2073,Gisele Aspin,136
2074,Alisson Massen,108
2075,Ghassan Nihsen,73
2076,Linarejos Nares,83
2077,Inssaf Brass,48
2078,Joselina Roosa,112
2079,Usha Pradillos,6
2080,Leyanis Zscherper,79
2081,Diosnel Musi,93
2082,Atsushi Bargues,38
2083,Rosemeire Beilschmidt,8
2084,Cathaisa Pis,121
2085,Oskar Griesbaum,30
2086,Neisy Hudson,30
2087,Krystin Teunissen,117
2088,Raysa Kronschnabl,100
2089,Kostadin Govorushin,23
2090,Josep Koitsch,71
2091,Erasma Pipas,81
2092,Burgess Weston,11
2093,Krzysztof Gsell,72
2094,Cels Ruthenschror,13
2095,Josua Masoliver,129
2096,Chelsie Eppstein,49
2097,Teresa Wichkosk,16
2098,Yashira Kostle,106
2099,Beralides Forstermann,63
2100,Marisabel Muns,37
2101,Aliaksandr Casparie,69
2102,Orestes Gabrisova,4
2103,Isa Mullerstein,115
2104,Enos Barasuain,68
2105,Monsalud Mullerstein,112
2106,Rossend Laufs,51
2107,Rosangel Sobas,14
2108,Assane Rust,31
2109,Konstantin Johanson,35
2110,Cristea Scharfstein,27
2111,Ernesto Ponitzsch,109
2112,Martynas Parres,127
2113,Malissa Badenes,73
2114,Mathias Strassmeier,124
2115,Asensi Ediso,119
2116,Firdaus Aragoneses,102
2117,Nasrullah Balasoiu,25
2118,Nashira Gnirss,99
2119,Lieselotte Elso,74
2120,Rogers Chrestensen,48
2121,Giancarlos Galavis,42
2122,Intisar Vermassen,26
2123,Susagna Beckius,66
2124,Cassi Schultheis,113
2125,Janusz Golovanets,39
2126,Mileidys Oules,59
2127,Ardis Posse,33
2128,Frusina Castera,62
2129,Lirios Torras,36
2130,Aristide Ysmal,95
2131,Roseanne Nickisch,98
2132,Hisashi Dobrjansky,113
2133,Tamsir Warnkes,98
2134,Linsey Onis,84
2135,Perseveranda Pettersson,44
2136,Eduviges Albons,81
2137,Daylos Leonis,135
2138,Josune Ritterskamp,66
2139,Yusef Carlson,111
2140,Columbus Douas,41
2141,Elisha Henseli,92
2142,Anisa Nickisch,91
2143,Felicisimo Hitos,31
2144,Rosemarie Upsdell,28
2145,Alsina Estables,87
2146,Jaspal Sabartes,13
2147,Askoa Dobrjansky,2
2148,Casto Bayes,111
2149,Guosheng Fronius,111
2150,Qasim Breustedt,83
2151,Isela Dragos,22
2152,Mariusz Lotterschmid,16
2153,Nisamar Boas,108
2154,Cataysa Fradejas,88
2155,Deisy Payes,136
2156,Matthias Backhuss,10
2157,Cassondra Strassmeier,18
2158,Yongsheng Sichsek,32
2159,Oksana Alischer,79
2160,Tomasina Dusterhoft,61
2161,Taisiya Castejana,134
2162,Houssame Landstorfer,48
2163,Rosemberg Estivill,37
2164,Rashpal Lars,104
2165,Rosamaria Corces,132
2166,Mesias Cuartas,89
2167,Andros Ansede,48
2168,Roslyn Aldai-Jusso,2
2169,Rimantas Escursa,18
2170,Estela Ascanio,31
2171,Villaviciosa Esenkov,42
2172,Krystyna Fuschini,117
2173,Asser Bus,129
2174,Elisaveta Mostazo,72
2175,Tomasina Hlestov,9
2176,Charles Kisses,79
2177,Rosaline Markhasin,92
2178,Laaroussi Monteso,18
2179,Sarasvati Luptsov,54
2180,Abdessamed Vygovsky,74
2181,Esneider Kusgens,100
2182,Artashes Versick,83
2183,Calasanz Hermschroder,90
2184,Cristinela Dertilis,71
2185,Nargis Ravensberger,42
2186,Assad Civicos,97
2187,Tadas Todorsky,89
2188,Tiberius Veronesi,59
2189,Assane Rohirse,129
2190,Rosella Rosser,31
2191,Crsitina Nilson,128
2192,Moslim Dachs,126
2193,Rosmira Chiloeches,87
2194,Ulises Seichas,28
2195,Lisett Mortensen,93
2196,Ernest Achtsnick,82
2197,Yves Avgustoff,124
2198,Decorosa Wachsmut,13
2199,Xesca Petterson,83
2200,Maties Turiso,5
2201,Izascun Jeanson,51
2202,Alecsandru Verushkin,124
2203,Lamis Gatjens,122
2204,Svenska Fucks,43
2205,Rusudan Merckens,67
2206,Thaddeus Schellhase,2
2207,Larysa Mosak,122
2208,Mohsan Tsvetkov,22
2209,Victoras Horstschraer,27
2210,Lindsy Antushevsky,47
2211,Lahasen Figueiras,95
2212,Rashad Rosaria,126
2213,Hiroshi Pokhvisnev,129
2214,Tiscar Kohrssen,56
2215,Corliss Viñes,68
2216,Grimanesa Haudenschild,35
2217,Rosmarie Kollmannsperger,17
2218,Allyson Batis,20
2219,Ortansa Ojosnegros,101
2220,Lisbet Ideias,17
2221,Ascension Batchelis,59
2222,Ramunas Vialas,92
2223,Alvydas Gieschen,6
2224,Tenesoya Strassberger,17
2225,Cesidio Islanov,128
2226,Oleksii Bures,107
2227,Sebastian Horoshavin,98
2228,Nasreddine Tombergs,115
2229,Artesino Bischof,127
2230,Arsela Reimers,52
2231,Cesaria Eiseman,128
2232,Joselito Criste,41
2233,Romans Tilson,39
2234,Casie Xarles,121
2235,Eligijus Nierhaus,91
2236,Generosa Pears,113
2237,Rosio Laureos,130
2238,Vasyl Hessler,76
2239,Moussa Pragosa,134
2240,Francisc Zuasti,20
2241,Mitsue Consolina,122
2242,Aisha Siemons,100
2243,Cesaria Haenraats,9
2244,Rosangel Gasquez,123
2245,Rufus Isenborths,28
2246,Demarcus Tressl,84
2247,Yongsheng Brixius,29
2248,Dessire Umseher,44
2249,Moses Foraster,112
2250,Celsina Sengbusch,129
2251,Estelvina Vygovsky,60
2252,Edgars Bordons,42
2253,Ignas Wassemer,93
2254,Mavis Batis,73
2255,Gervasia Fuertes,58
2256,Annais Rissmann,84
2257,Kissima Pross,51
2258,Mariasol Likhonosov,19
2259,Thomasine Siercks,70
2260,Disney Liesendahl,49
2261,Hermesinda Mohles,70
2262,Ismaail Yassa,69
2263,Cosmina Fayos,89
2264,Eusebia Ordiales,116
2265,Marites Arboledas,53
2266,Marlenis Gottgens,44
2267,Hollis Tribaldos,92
2268,Iskra Gusano,46
2269,Kirsten Antontsev,127
2270,Cristine Austern,97
2271,Abdessamie Ruthenschror,73
2272,Alastair Maksyuta,121
2273,Douglass Dercksen,68
2274,Tarsicio Sabas,89
2275,Sirats Vilutis,115
2276,Esneider Estarlich,95
2277,Lesly Virvitsiotti,37
2278,Alfonsina Sansana,7
2279,Maqsood Zhigultsov,10
2280,Joseph Pfliegensdorfer,12
2281,Rosamond Passarada,135
2282,Carrasca Maciñeiras,77
2283,Isra Bandres,53
2284,Firdaus Tedeschi,91
2285,Rosanna Herschstein,14
2286,Batiste Pelissier,110
2287,Damasa Valois,46
2288,Miesha Usul,72
2289,Cristo Casajus,136
2290,Gilson Reusse,124
2291,Abdelazis Alpresa,121
2292,Mustapha Pasalodos,77
2293,Sampson Raposo,56
2294,Hristofor Yanguas,81
2295,Maysaa Walsh,56
2296,Genis Thinschmidt,117
2297,Lasse Grammelspacher,132
2298,Aleidis Pavlushin,19
2299,Ousman Glassl,34
2300,Katiuscia Beimesche,123
2301,Algimantas Bens,115
2302,Josebe Kosscieluia,107
2303,Karishma Gorosarri,115
2304,Joseba Juerges,46
2305,Kristen Kuppers,67
2306,Terese Absattaroff,93
2307,Flavius Vassallo,13
2308,Françoise Basart,103
2309,Fuentes Tisserand,99
2310,Basit Bienes,22
2311,Ildefonsa Pessante,122
2312,Robinson Bustos,105
2313,Hansel Escuza,99
2314,Cristopher Raders,46
2315,Jesusita Pelles,68
2316,Cesare Hendrichs,120
2317,Meissa Pflugshaupt,27
2318,Ivelisse Chrestensen,113
2319,Edgars Schoemakers,63
2320,Desire Correas,26
2321,Deogracias Vicioso,108
2322,Kelsi Brodermanns,47
2323,Ithaysa Nienhys,102
2324,Nansi Gallasch,36
2325,Tiesha Schlippes,136
2326,Rus Poschen,29
2327,Roso Maciñeiras,24
2328,Generoso Zuasti,131
2329,Robustiana Balahovski,47
2330,Veska Beilis,57
2331,Valdefuentes Mordasov,125
2332,Adrista Crispi,33
2333,Chelsie Birentsveig,35
2334,Crescente Matsigura,103
2335,Adams Issel,79
2336,Progreso Bodes,102
2337,Paulius Haristoy,67
2338,Wisdom Chavarrias,99
2339,Anselmo Gesslein,76
2340,Eszter Fesenmayer,29
2341,Eliso Blanes,120
2342,Yashi Clauss,62
2343,Josebe Sallinas,6
2344,Sebastiana Kruckhans,90
2345,Tsvetana Hurtsilava,115
2346,Delsie Lambas,73
2347,Suresh Springstubbe,81
2348,Tlaytmas Bairradas,6
2349,Mounsif Fish,57
2350,Franciska Erustes,8
2351,Blasina Kzisidsk,39
2352,Yasu Nienstedt,29
2353,Mecias Christ,62
2354,Yassmin Mittelhausser,13
2355,Cathaysa Rumsey,64
2356,Susanne Voinescu,61
2357,Porsche Tischlers,41
2358,Maristela Tebus,87
2359,Nauset English,64
2360,Rosana Picassinos,96
2361,Yasiel Visco,15
2362,Linos Mirallas,52
2363,Asura Pelissier,128
2364,Hassen Bauerschmidt,50
2365,Patrisia Besgens,27
2366,Monserrate Cendalsk,78
2367,Alhassan Teismann,23
2368,Idelisa Genser,101
2369,Nissrin Sebastianes,40
2370,Aslan Lagarelhos,106
2371,Garcilaso Ensle,2
2372,Sergejs Isele,32
2373,Deividas Zschockel,31
2374,Vashti Knornschild,7
2375,Remedios Zhdanovsky,121
2376,Anxos Kalitinsky,18
2377,Rusudan Magallares,79
2378,Anastasia Ascue,66
2379,Vasilev Aristregui,23
2380,Abdennaser Adams,135
2381,Clamores Berish,81
2382,Estiven Maissner,69
2383,Tessie Lajinhas,27
2384,Yessica Jaisimha,6
2385,Manases Vallespin,81
2386,Kandis Grabalosa,98
2387,Eustasio Oelgeklaus,75
2388,Cristiana Heeschen,130
2389,Isolino Bescos,56
2390,Malissa Marchis,2
2391,Persida Glasbrinner,89
2392,Houssam Uggias,71
2393,Lakeesha Manotas,61
2394,Ysaura Grasso,88
2395,Kristen Eisvogel,128
2396,Roncesvalles Mittelhauser,95
2397,Muskilda Rumsey,30
2398,Jeferson Roelfes,22
2399,Hassnae Dorfschmidt,60
2400,Persida Weidensee,77
2401,Hosanna Lebedinets,127
2402,Nissrin Bages,61
2403,Vitalijus Arezes,108
2404,Anfisa Lozivets,30
2405,Anselmo Innes,67
2406,Alphonso Danes,93
2407,Joselin Ohsenbrugge,47
2408,Cesareo Fitschen,9
2409,Wilhelmus Dreessen,30
2410,Edgars Reishaus,77
2411,Chistian Dusterhoft,15
2412,Justice Ashurst,110
2413,Jesenia Chavarrias,9
2414,Mohsen Puschen,42
2415,Crisogono Theis,123
2416,Nemesis Robres,90
2417,Teresia Camiñas,11
2418,Josimar Kniehase,61
2419,Sebastia Pasalodos,91
2420,Asur Campisi,67
2421,Ildefons Frohnheiser,70
2422,Rossmery Tenostendarp,51
2423,Miesha Bruchschmidt,9
2424,Alysha Irigoisbehere,131
2425,Rashad Gormanns,2
2426,Floris Viais,136
2427,Nedas Letosa,97
2428,Hosanna Aronson,39
2429,Espectacion Mestanza,29
2430,Suceso Rahlevsky,20
2431,Nasko Arnaus,116
2432,Tomislav Mindiashvili,19
2433,Roumaissae Hismatulov,88
2434,Urszula Bindseil,87
2435,Tresa Henckels,48
2436,Inas Eccles,18
2437,Iset Islanov,51
2438,Numbers Hanstein,102
2439,Tereasa Zischang,34
2440,Hsiu Stamschrader,88
2441,Kristiyan Detesan,42
2442,Yoshua West,49
2443,Rosmery Gutgsell,69
2444,Leslee Costache,51
2445,Cristiam Wassersleben,98
2446,Nisri Lajintsev,56
2447,Anastasio Estopiña,12
2448,Cassondra Reintges,116
2449,Eulises Castelo,116
2450,Just Lagarelhos,110
2451,Arseli Arns,46
2452,Categorias Vesner,50
2453,Thaddeus Durchschlag,24
2454,Frances Bartelmus,62
2455,Lahsen Knas,52
2456,Telesforo Jaros,33
2457,Felisardo Lizarrusti,69
2458,Nastasia Runggas,12
2459,Erasmo Shimshon,72
2460,Dinesh Juntermanns,97
2461,Alison Montes,32
2462,Terese Guest,59
2463,Nosheen Baucks,124
2464,Jesica Nsang,127
2465,Mateusz Grefkes,17
2466,Christele Belousov,35
2467,Radames Pinos,9
2468,François Egusquizaga,76
2469,Misael Hopfenspirger,9
2470,Veruska Gasquez,50
2471,Desislava Class,27
2472,Lissy Liebisch,50
2473,Lasandra Haussmann,106
2474,Daisy Rosche,96
2475,Denyse Felsen,108
2476,Rosari Barreras,75
2477,Vytautas Mathissen,15
2478,Estrellita Poles,127
2479,Royston Kollmannsperger,55
2480,Castellar Lostao,2
2481,Lashay Jabotinsky,108
2482,Wesal Riemschussel,108
2483,Crisostoma Wagenhauser,59
2484,Riansares Sasheva,131
2485,Eusebiu Floristan,34
2486,Nafissatou Storhas,110
2487,Kirsten Esche,36
2488,Dansk Yesa,110
2489,Hyusein Giesecke,130
2490,Esthefania Sandersen,107
2491,Romulus Grosso,71
2492,Success Onestini,33
2493,Robertas Tiso,37
2494,Mecias Franquis,58
2495,Louis Pipas,23
2496,Lois Krauhse,53
2497,Amarilis Egers,100
2498,Vasilica Gutgsell,31
2499,Yasine Nosti,136
2500,Persida Osandio,108
2501,Krisztian Anisihin,89
2502,Cruces Rumsey,27
2503,Nasser Vasilache,30
2504,Giuseppe Cesari,66
2505,Krzystof Socias,130
2506,Elisio Espiño,9
2507,Monssef Sarasua,5
2508,Joselito Haussner,16
2509,Gissel Flesch,8
2510,Ladislada Muhlhausser,67
2511,Daylos Lahasen,17
2512,Shishi Araguas,115
2513,Asaad Harkensee,38
2514,Branislav Solposto,84
2515,Cerasela Erlenbusch,110
2516,Domingas Hentschl,79
2517,Eustolia Danielsen,57
2518,Aristides Theissing,17
2519,Estephany Quistinit,53
2520,Jese Riedelsheimer,50
2521,Ashraf GrossThebing,123
2522,Bernardus Vinnitsky,131
2523,Iasone Villahermosa,82
2524,Cristinel Sebastien,31
2525,Jesper Haussmann,52
2526,Asser Weidensee,105
2527,Josef Gesslein,91
2528,Valerijus Zastrozhny,23
2529,Qasim Canelhas,7
2530,Oskia Solas,91
2531,Abdessadik Lutzius,3
2532,Asiya Thoennissen,103
2533,Elsbeth Mross,117
2534,Prados Anikushin,32
2535,Elhassan Currais,33
2536,Fidelis Brass,118
2537,Gus Sisinsk,48
2538,Naseem Buscema,45
2539,Claustro Amsler,133
2540,Waqas Matres,55
2541,Anghelus Cosma,111
2542,Pusa Chehovsky,21
2543,Hasier Salleras,34
2544,Aivaras Cassiano,20
2545,Borjas Czesmierousk,104
2546,Sisi Pujolas,15
2547,Orosio Yuksel,107
2548,Yasyn Santis,33
2549,Teresina Zhabotinsky,31
2550,Geremias Theissing,31
2551,Shuangshuang Bernasconi,90
2552,Wanessa Kerstingkotter,25
2553,Intisar Pasalodos,25
2554,Abdeslam Huisinga,44
2555,Isidora Manso,63
2556,Temistocles Puscasu,84
2557,Joselito Verstegge,12
2558,Alexandros Hofmeister,17
2559,Yusuf Christophersen,114
2560,Krastina Krichevsky,26
2561,Csilla Heppekausen,107
2562,Aisa Minskoi,116
2563,Cisse Ausejo,1
2564,Yasmira Insua,95
2565,Kristiana Tchehlakovsky,19
2566,Dickson Ens,33
2567,Dongsheng Poschen,76
2568,Sascha Grushinsky,67
2569,Aristobulo Ruschoff,77
2570,Ghislaine Moebus,80
2571,Yanelis Ostkirchen,121
2572,Oristila Fleckenstein,59
2573,Cristiam Addis,101
2574,Greisy Versace,26
2575,Gaspara Hendrichs,78
2576,Christena Andress,76
2577,Lluis Dirscherl,48
2578,Matthias Masle,48
2579,Asif Heiseler,108
2580,Ros Nicolas,86
2581,Monalisa Ibero-Gorosurreta,86
2582,Melquiades Goerkes,62
2583,Osaretin Katsourinis,118
2584,Crisan Lizasoeta,110
2585,Denilson Voots,113
2586,Astghik Sensi,44
2587,Roshan Crespin,65
2588,Ilyasse Alcobendas,132
2589,Elis Sarvise,61
2590,Kassie Haritopoulos,43
2591,Moustafa Gàsio,21
2592,Blessing Usil,31
2593,Diosnel Baldassarre,30
2594,Kanesha Cassapo,29
2595,Rusalin Musach,126
2596,Yoselin Asselin,49
2597,Osariemen Stamschrader,61
2598,Takisha Globisch,73
2599,Younnes Mensa,115
2600,Asghar Coens,9
2601,Julisa Romijnders,17
2602,Esmeralda Morrison,107
2603,Yosue Teschemacher,75
2604,Isak Biesenthal,125
2605,Teresa Serarols,5
2606,Deysi Venkatasubramani,17
2607,Aisha Meierdiercks,64
2608,Josimar Barthelmess,52
2609,Cristobal Riadigos,72
2610,Yassine Pobes,44
2611,Valerijus Urs,2
2612,Banesa Erenas,22
2613,Osiris Nihsen,113
2614,Markos Lopes,127
2615,Naser Museros,3
2616,Kees Feistkorn,89
2617,Rossio Suros,35
2618,Yasmina Andress,76
2619,Horst Hirsh,84
2620,Takisha Gastañeta,95
2621,Mistie Kolnsperger,126
2622,Sinforoso Foresti,112
2623,Diosdado Correas,133
2624,Ibtissame Jamskov,19
2625,Dimitrios Argos,5
2626,Cesare Zhivotinsky,122
2627,Ermitas Rusiñol,67
2628,Andros Rutkovsky,73
2629,Alfonsa Toenisen,67
2630,Alyse Argos,53
2631,Isael Kerstingkotter,90
2632,Lashay Hees,83
2633,Vytautas Feivus,24
2634,Theresa Bensalah,28
2635,Esdras Kusgens,71
2636,Castora Tuchscherer,28
2637,Cesc Purse,52
2638,Romaisaa Leser,6
2639,Elisea Isfan,87
2640,Nast Itxas-Txori,132
2641,Giedrius Meierhans,57
2642,Ossie Meierdirks,96
2643,Ashanti Balseca,25
2644,Rares Friesen,33
2645,Crisantos Puscher,87
2646,Estell Gastanazatorre,35
2647,Yunes Zingsheim,121
2648,Abdus Ismaili,121
2649,Lluis Stepansk,110
2650,Nickolas Tsarikaev,76
2651,Cresencio Rakos,87
2652,Doloris Blasi,107
2653,Edesio Weichslgartner,52
2654,Kerstin Itxassou,83
2655,Venessa Ventsislavov,126
2656,Niesha Urdiales,64
2657,Alecsandru Grametsky,69
2658,Qaisar Biñaspre,64
2659,Vilson Toenjes,136
2660,Asghar Preissler,135
2661,Eustolia Orbañanos,117
2662,Francesca Xistra,97
2663,Bethsabe Lajinhas,89
2664,Gisele Talesnick,12
2665,Anselm Canovas,125
2666,Louisa Hudson,31
2667,Jospeh Andreason,39
2668,Versie Rosenov,48
2669,Alishba Zschernig,44
2670,Phillis Aivazovsky,133
2671,Atsuko Basozabal,43
2672,Desire Leser,101
2673,Mariusz Citores,93
2674,Ihsan Vossberg,67
2675,Inasse Eihmans,133
2676,Constancio Griggs,51
2677,Asur Koshes,102
2678,Haris Casta�Os,126
2679,Bosanski Maseda,35
2680,Francesco Casaubon,83
2681,Irmantas Kalkschmidt,73
2682,Miles Yustres,121
2683,Jessia Makricosta,54
2684,Yasen Esterine,124
2685,Charis Cassirer,67
2686,Santisima Alexius,51
2687,Ursicina Stamschrader,59
2688,Masse Drosu,7
2689,Leydis Podshivalov,114
2690,Denislav Gosselin,67
2691,Iosune Adams,13
2692,Apsara Jabotinsky,94
2693,Algis Foehse,27
2694,Jaspal Velencoso,109
2695,Denisa Braso,113
2696,Taisia Alscher,23
2697,Monsif Sneijers,3
2698,Arsela Casqueiro,15
2699,Andris Kreftsiek,71
2700,Elisabeht Osburg,55
2701,Osmundo Tsarek,20
2702,Baltasar Ormston,113
2703,Roscoe Grigorevsky,19
2704,Romas Reuhs,120
2705,Bisila Torroglosa,52
2706,Mahassine Voihs,15
2707,Nicholas Arestin,34
2708,Abdias Ganserer,25
2709,Myrtis Livansky,12
2710,Kasi Lierschaft,76
2711,Roselia Jahreis,107
2712,Rosemary Hermosel,85
2713,Afonso Driss,60
2714,Lashandra Grausam,24
2715,Desideria Carrascon,80
2716,Sebastian Borges,134
2717,Argenis Ovies,82
2718,Kousar Zhestkov,3
2719,Jose Escola,13
2720,Christine Tomasio,60
2721,Khamsa Tybus,69
2722,Analisa Lencastre,33
2723,Xesus Charnis,25
2724,Montsant Nienhys,95
2725,Desmond Sertels,14
2726,Agusto Gollners,2
2727,Rosamaria Berndsen,118
2728,Aleksej Cuacos,24
2729,Vasil Raders,24
2730,Celso Biarnes,60
2731,Rossio Grohsgart,78
2732,Bronislava Kartashev,43
2733,Versie Caballos,36
2734,Martires Crispin,96
2735,Sinesio Aragoneses,26
2736,Segisfredo Buers,95
2737,Tisha Grafenhorst,119
2738,Zsofia Dischler,67
2739,Hermitas Paradas,119
2740,Romulus Sifres,130
2741,Kristiyan Rothenhausler,6
2742,Jiansheng Aldersley,90
2743,Jeshua Sellares,78
2744,Nakesha Heiseler,73
2745,Casie Cascallana,121
2746,Christa Elsmore,30
2747,Jaspal Aldai-Jusso,71
2748,Tirsa Seegers,67
2749,Housni Korste,32
2750,Bosanski Tchehlakovsky,91
2751,Cristobalina Profitos,134
2752,Eduvijis Cerejeiras,100
2753,Nasiha Dumstorff,131
2754,Dessislava Wasi,22
2755,Aase Mestanza,66
2756,Crhistian Mecias,8
2757,Alistair Aderkas,23
2758,Youssif Momerts,55
2759,Season Passarada,32
2760,Tynisha Balsas,55
2761,Nafissa Rosinsk,114
2762,Bastian Harnest,109
2763,Tisha Turiso,105
2764,Bassam Preisentanz,22
2765,Estephania Galtes,69
2766,Lourdes Arboledas,131
2767,Gelasio Trebes,116
2768,Esma Tschanz,59
2769,Romaysa Diers,61
2770,Cristofol Gaisreiter,99
2771,Tobias Weisz,52
2772,Bosanski Altschmied,75
2773,Ares Kartushin,60
2774,Essam Fructuoso,2
2775,Chas Heintschel,11
2776,Yuksel Wassener,52
2777,Jessica Irazustabarrena,31
2778,Manasa Justiz,89
2779,Lisbet Berkenstrater,126
2780,Latasha Katsis,62
2781,Rosy Hirschberg,43
2782,Narcisa Tosca,123
2783,Battista Donoso,33
2784,Houssine Vilches,38
2785,Celeste Elias,17
2786,Faysal Vasyuchkov,106
2787,Auras Buenestado,53
2788,Rossio Cerisuelo,47
2789,Candelas Backhus,25
2790,Cathaisa Moosburner,84
2791,Lyndsey Gosebrink,101
2792,Houssein Estevoes,2
2793,Nasera Lehmanns,65
2794,Cornelis Dorres,70
2795,Francisc Noldens,31
2796,Nesrin Edesa,133
2797,Biserka Episcopo,72
2798,Harsh Passeira,11
2799,Mishell Isgro,55
2800,Adassa Lindschau,4
2801,Castor Vallespin,117
2802,Ederson Johannson,114
2803,Leonardus Weustermann,78
2804,Lesya Payssens,48
2805,Rosalinda Apresa,115
2806,Isilda Istillu,89
2807,Roselle Casañas,107
2808,Teres Norris,17
2809,Rossella Hasanov,41
2810,Audrius Orbañanos,97
2811,Rosie Hees,86
2812,Crsitina Rosenbusch,92
2813,Roselle Hasanov,91
2814,Hssaine Armstrong,118
2815,Alessia Nickisch,1
2816,Ismary Avgustov,107
2817,Romaisae Contesti,96
2818,Linsey Canes,53
2819,Sacramentos Fucks,18
2820,Romaissae Pribylsky,120
2821,Romaisae Gollners,1
2822,Jinsheng Gates,118
2823,Josetxo Terrasa,129
2824,Susagna Zens,73
2825,Urvashi Deschamps,59
2826,Prisco Weiskopff,24
2827,Nasera Winstanley,77
2828,Haykanush Dorschmidt,130
2829,Erikas Arraras,42
2830,Narjis Knornschild,3
2831,Houssien Vygodovsky,134
2832,Ioseba Paulusen,30
2833,Frits Punset,116
2834,Oleksandr Antushevsky,83
2835,Hisham Grasso,85
2836,Danish Musalatov,103
2837,Therese Lasheras,35
2838,Elsira Naglschmid,55
2839,Isabel Arns,119
2840,Ildelfonso Kusztal,84
2841,Ossama Matsukevich,15
2842,Aleksandrs Batanas,77
2843,Assunta Junghans,39
2844,Cassaundra Casadesus,106
2845,Tinisha Neuheiser,66
2846,Ernestina Staska,39
2847,Anastasios Damrosch,84
2848,Ramses Manosalvas,25
2849,Isaak Zschieschan,91
2850,Ashanti Lederhossen,101
2851,Dimitris Eigelshofen,8
2852,Denilson Bensalah,99
2853,Jassim Meierhans,91
2854,Persida Dobretsky,1
2855,Veruska Likhonosov,35
2856,Cristeta Salusto,13
2857,Elisa Cristas,32
2858,Roseanna Babentsev,111
2859,Fausia Scheppers,15
2860,Piadosa Mikhelson,81
2861,Felicisima Estupiña,113
2862,Tesifon Alamos,20
2863,Izaskum Mazuelas,110
2864,Riansares Parthasarathi,101
2865,Andres Babusenko,102
2866,Hermesindo Gantes,66
2867,Ernesta Goedsche,67
2868,Calasanz Andrusov,1
2869,Calista Ristol,120
2870,Eimantas Sobas,57
2871,Marylouise Andrejska,84
2872,Kisha Lasheras,7
2873,Giuseppe Reuvers,133
2874,Kristofer Muellers,122
2875,Bose Nasonov,120
2876,Yaniris Veronesi,63
2877,Prisco Tordesillas,32
2878,Espino Cofreces,67
2879,Marquis Vossberg,87
2880,Yoshiko Hegmanns,122
2881,Constantino Brasa,32
2882,Dickson Torresano,103
2883,Rasheed Masle,93
2884,Estrellita Sanches,130
2885,Mostapha Bosselmann,111
2886,Kenisha Cascon,127
2887,Elise Ferrarons,6
2888,Rosal Antipas,6
2889,Constante Corrias,110
2890,Rosalin Arestin,28
2891,Bethsabe Dos,86
2892,Cosimo Drossel,94
2893,Betsabe Felgueras,47
2894,Iudistira Altmanns,67
2895,Mattias Tsapko,58
2896,Anselma Prisco,13
2897,Ilse Babaskin,132
2898,Gertrudes Yelsangikar,124
2899,Hermes Zuheros,21
2900,Kristiyan Winstanley,123
2901,Harish Pechilas,53
2902,Artashes Grosso,112
2903,Rashpal Bauhus,129
2904,Rosane Rust,49
2905,Jean-François Emyshev,97
2906,Sundus Wolfenstein,112
2907,Abdessalam Hysa,119
2908,Wilhelmus Waldhaus,136
2909,Ursicino Rausch,51
2910,Justa Belousov,70
2911,Elsi Nusuev,121
2912,Maqsood Mannish,82
2913,Elsie Sasoeta,36
2914,Rasa Pross,85
2915,Eulises Onisor,83
2916,Vladimiras Musalatov,10
2917,Ros Terras,84
2918,Ysmael Roishinsk,96
2919,Pushpa Sayas,23
2920,Sasho Nahabtsev,57
2921,Merissa Robers,124
2922,Fuencisla Reihsner,116
2923,Misu Gasalla,14
2924,Gintautas Badanes,34
2925,Rossella Musgo,54
2926,Oskar Drosu,72
2927,Felisa Avtsyn,54
2928,Bakasura Worchesi,57
2929,Belisario Badenes,67
2930,Andrejus Marques,74
2931,Titus Montes,43
2932,Osaretin Valters,119
2933,Cesarina Valdeolivas,49
2934,Baptista Llusar,36
2935,Ioseb Keseler,40
2936,Lissett Thornes,17
2937,Costin Coves,19
2938,Travis Esteve,22
2939,Auristela Castellano,16
2940,Yesenia Eichmanns,69
2941,Iscle Tsalaban,91
2942,Blancanieves Vallespin,9
2943,Grisela Dragstra,22
2944,Nicolas Ruthenschror,134
2945,Cortes Bonsch,93
2946,Vasilica Gansslen,104
2947,Krissy Kinast,15
2948,Mishell Vasilache,48
2949,Odalys Leemhuis,72
2950,Melquiades Andresson,45
2951,Nesrin Estorff,104
2952,Diomedes Fleckenstein,59
2953,Liisa Asal,32
2954,Lyes Veronesi,126
2955,Janos Cuartas,92
2956,Vesta Ruschoff,85
2957,Hasmik Mortensen,69
2958,Vilson Muzhitskih,18
2959,Lisabeth Anschutz,5
2960,Kalsoom Amesbury,135
2961,Karishma Springinsguth,91
2962,Evilasia Hemjeoltmanns,56
2963,Gersain Loios,126
2964,Yusein Comesaña,4
2965,Krysten Neuenhausen,99
2966,Llorens Balleste,29
2967,Brais Ametistov,20
2968,Tsenka Hansjosten,117
2969,Jayson Michalaras,58
2970,Jasim Atanes,44
2971,Idelfonsa Bagues,58
2972,Yerson Avtsyn,21
2973,Paraschiv Avgustoff,52
2974,Aisam Knornschild,87
2975,Sarasvati Consolina,18
2976,Taisa Belous,16
2977,Wisdom Brunso,63
2978,Nessrine Hoppens,41
2979,Odalis Thielkes,64
2980,Mindaugas Lindsay,134
2981,Rosen Polski,85
2982,Frantisek Pertusa,39
2983,Nurys Ustynyuk,56
2984,Zosima Toselli,125
2985,Versie Juanos,28
2986,Iset Kaltschmidt,19
2987,Honesta Cousido,73
2988,Asad Iervese,104
2989,Alister Tourais,36
2990,Ibtissam Fillipps,86
2991,Andries Barreiros,111
2992,Ahsan Charcos,127
2993,Eguskiñe Galenkovsky,5
2994,Rosalva Bancells,100
2995,Mstislav Asendorf,2
2996,Aksel Farkas,103
2997,Yones Poeschl,136
2998,Tiscar Kartashkin,29
2999,Escarlata Glassner,91
