1,Besëlidhja,1
2,FlamurtariVlorë,1
3,KFLaçi,1
4,Teuta,1
5,Skënderbeu,1
6,JSK,2
7,MCOran,2
8,MCEE,2
9,ASOChlef,2
10,RCKouba,2
11,USMAlger,2
12,RCRelizane,2
13,SportLubangoeBenfica,3
14,Clube1°deMaio,3
15,FCdeCabinda,3
16,Colón,4
17,RosarioCentral,4
18,RiverPlate,4
19,SanLorenzo,4
20,ClubFerroCarilOeste,4
21,ArsenalFC,4
22,AAArgentinosJuniors,4
23,VélezSarsfield,4
24,Independiente,4
25,Newell'sOldBoys,4
26,CALanús,4
27,RacingClub,4
28,Huracán,4
29,BocaJuniors,4
30,Alashkert,5
31,Banants,5
32,MelbourneVictory,6
33,Mariners,6
34,GoldCoastUnited,6
35,AdelaideUnited,6
36,MelbourneVictory,6
37,WSWanderersFC,6
38,BrisbaneRoar,6
39,Rapid,7
40,AdmiraWacker,7
41,SCR,7
42,SVRied,7
43,KapfenbergerSV,7
44,SVMattersburg,7
45,Austria,7
46,WSGWattens,7
47,FirstVienna,7
48,WAC,7
49,Austria,7
50,SKNStPölten,7
51,SVMattersburg,7
52,Salzburg,7
53,SVHall,7
54,DSVLeoben,7
55,SCMelk,7
56,Wacker,7
57,SKAustria,7
58,BATE,12
59,Neman,12
60,Dynamo,12
61,Dinamo,12
62,BATE,12
63,TorpedoMinsk,12
64,KVMechelen,13
65,KVOostende,13
66,RoyalFC,13
67,Anderlecht,13
68,SCLokeren,13
69,ASVGeel,13
70,KSVDiksmuide,13
71,FCBrussels,13
72,RupelBoom,13
73,KAAGent,13
74,KVVC,13
75,Lierse,13
76,KASEupen,13
77,OHLeuven,13
78,BerchemSport,13
79,Genk,13
80,BeerschotWilrijk,13
81,Eendracht,13
82,Zulte,13
83,KSVRoeselare,13
84,RAECMons,13
85,ROCdeCharleroi,13
86,Standard,13
87,Charleroi,13
88,URLaLouvièreCentre,13
89,RoyalBoussu,13
90,KVCWesterlo,13
91,Real,14
92,FKSarajevo,15
93,Zvijezda,15
94,Čelik,15
95,Borac,15
96,Rudar,15
97,HNKOrašje,15
98,Jedinstvo,15
99,Posušje,15
100,HŠKZrinjski,15
101,Velež,15
102,Palmeiras,17
103,Chapecoense,17
104,Corinthians,17
105,Paranaense,17
106,Gręmio,17
107,ADSãoCaetano,17
108,Internacional,17
109,ECPelotas,17
110,GuaraniFC,17
111,Botafogo,17
112,CoritibaFC,17
113,Bahia,17
114,SantaCruz,17
115,A.D.Portuguesa,17
116,FCSãoPaulo,17
117,NáuticoCapibaribe,17
118,SCRecife,17
119,DemocrataFC,17
120,RioBranco,17
121,Remo,17
122,Vitória,17
123,PontePreta,17
124,BrasíliaFC,17
125,Botafogo,17
126,Gręmio,17
127,Vasco,17
128,SantosFC,17
129,ECBahia,17
130,NáuticoCapibaribe,17
131,DPMMFC,18
132,Ludogorets,19
133,Akademik,19
134,Czernomorec,19
135,CSKA,19
136,Marek,19
137,Levski,19
138,Botev,19
139,Pirin,19
140,Neftochimic,19
141,Lokomotiv,19
142,Litex,19
143,Slavija,19
144,Spartak,19
145,ManawMayay,21
146,Yadanarbon,21
147,RakhapuraUnited,21
148,TorontoFC,26
149,Eskimos,26
150,BlueBombers,26
151,SerbianWhiteEagles,26
152,Roughriders,26
153,Alouettes,26
154,Argonauts,26
155,Impact,26
156,AudaxItaliano,27
157,CDHuachipato,27
158,SanMarcos,27
159,O’Higgins,27
160,Wanderers,27
161,Unido,27
162,CDTemuco,27
163,Palestino,27
164,CuricóUnido,27
165,Deportes,27
166,SanLuis,27
167,DeportesCopiapó,27
168,ColoColo,27
169,UniversidaddeChile,27
170,Ñublense,27
171,CDAntofagasta,27
172,CDPuertoMontt,27
173,UniversidadCatólica,27
174,UniónEspańola,27
175,Everton,27
176,CDCobreloa,27
177,Aerbin,30
178,Jiufang,30
179,Shenua,30
180,GuangdongFC,30
181,Sainty,30
182,Shide,30
183,LunengTaishan,30
184,SIPGFC,30
185,ZhejiangYiteng,30
186,Teda,30
187,Evergrande,30
188,Hyundai,30
189,Zall,30
190,Zobon,30
191,GuangzhouR&F,30
192,Deportivo,31
193,DeportivoPereira,31
194,Real,31
195,OnceCaldas,31
196,LDAlajuelense,33
197,PuntarenasFC,33
198,DeportivoSaprissa,33
199,NKKarlovac,36
200,Cibalia,36
201,NKImotski,36
202,Slaven,36
203,NKOsjiek,36
204,NKDugopolje,36
205,Inter,36
206,KamenIngrad,36
207,NKLučko,36
208,Dinamo,36
209,NKRijeka,36
210,Varteks,36
211,Hajduk,36
212,HNKGorica,36
213,NKRijeka,36
214,Međimurje,36
215,NKZadar,36
216,Hrvatskidragovoljac,36
217,Šibenik,36
218,Mosor,36
219,NéaSalamís,37
220,Anorthosis,37
221,PafosFC,37
222,EnosisNeonParalimni,37
223,Sigma,38
224,FKJablonec,38
225,Bohemians1905,38
226,Viktoria,38
227,Slavia,38
228,Sparta,38
229,Dukla,38
230,FCFastavZlín,38
231,Zbrojovka,38
232,MFKKarviná,38
233,FCSlovanLiberec,38
234,FKMladáBoleslav,38
235,1.SCZnojmo,38
236,FKPříbram,38
237,FKTeplice,38
238,FKPardubice,38
239,HFKOlomouc,38
240,Banik,38
241,MFKHavířov,38
242,FKDrnovice,38
243,SKKladno,38
244,Siad,38
245,Slovácko,38
246,Dynamo,38
247,FCChomutov,38
248,FCSlovanLiberec,38
249,Vysočina,38
250,ViktoriaŽižkov,38
251,FCHradecKrálové,38
252,AaB,39
253,RandersFC,39
254,EsbjergFB,39
255,BrøndbyIF,39
256,ACHorsens,39
257,AGFÅrhus,39
258,HobroIK,39
259,OB,39
260,Akademisk,39
261,FCHelsingør,39
262,SilkeborgIF,39
263,LyngbyBK,39
264,Midtjylland,39
265,NæstvedBK,39
266,Nordsjćlland,39
267,SlagelseBK,39
268,FremadAmager,39
269,Sønderjysk,39
270,FCKøbenhavn,39
271,Frem,39
272,Emelec,40
273,Barcelona,40
274,LDUQuito,40
275,Sawahel,41
276,PeterboroughUtd,42
277,CambridgeUnited,42
278,ManchesterCity,42
279,WycombeWanderers,42
280,Harriers,42
281,CreweAlexandra,42
282,Albion,42
283,Liverpool,42
284,BristolCity,42
285,WalsallFC,42
286,StokeCity,42
287,BlackpoolFC,42
288,GrimsbyTown,42
289,WestHam,42
290,Athletic,42
291,SheffieldUnited,42
292,Rovers,42
293,FCUnited,42
294,United,42
295,NorwichCity,42
296,CrawleyTown,42
297,NottinghamForest,42
298,ColchesterUnited,42
299,SwindonTownFC,42
300,Fulham,42
301,MatlockTown,42
302,Preston,42
303,Wigan,42
304,LeedsUnited,42
305,Arsenal,42
306,ManchesterCity,42
307,HydeFC,42
308,BlackburnRovers,42
309,Portsmouth,42
310,BuryFC,42
311,ScunthorpeUnited,42
312,MorecambeFC,42
313,Everton,42
314,BrentfordFC,42
315,FleetwoodTown,42
316,SheffieldWednesday,42
317,Argyle,42
318,YeovilTown,42
319,HuddersfieldTown,42
320,OxfordUnited,42
321,HullCity,42
322,Rovers,42
323,LutonTown,42
324,LeicesterCity,42
325,QPR,42
326,WestHam,42
327,BoltonWanderers,42
328,Reading,42
329,LeytonOrient,42
330,NottsCounty,42
331,SouthportFC,42
332,AFCFylde,42
333,Wolverhampton,42
334,ShrewsburyTown,42
335,SalfordCity,42
336,MacclesfieldTown,42
337,RotherhamUnitedFC,42
338,BarnsleyFC,42
339,ManchesterUnited,42
340,MansfieldTown,42
341,EbbsfleetUnited,42
342,BurtonAlbion,42
343,TorquayUnited,42
344,IpswichTown,42
345,Tranmere,42
346,Derby,42
347,GillinghamFC,42
348,DartfordFC,42
349,ChesterfieldFC,42
350,CoventryCity,42
351,Middlesbrough,42
352,SouthendUnited,42
353,HallamFC,42
354,CrystalPalace,42
355,LincolnCity,42
356,GranthamTown,42
357,RochdaleAFC,42
358,ExeterCity,42
359,BirminghamCity,42
360,NewcastleUnited,42
361,Southampton,42
362,Dons,42
363,Sunderland,42
364,Chelsea,42
365,ChesterFC,42
366,CurzonAshton,42
367,Millwall,42
368,LewesFC,42
369,WBA,42
370,BarnetFC,42
371,ForestGreenRovers,42
372,NorthamptonTown,42
373,CharltonAthletic,42
374,St.HelensRFC,42
375,Burnley,42
376,PortVale,42
377,BradfordCity,42
378,WatfordFC,42
379,HartlepoolUnited,42
380,Dagenham&Redbridge,42
381,AstonVilla,42
382,AFCBournemouth,42
383,Tottenham,42
384,Stanley,42
385,Tottenham,42
386,FCFlora,45
387,Levadia,45
388,TallinnaKalev,45
389,FCValga,45
390,EB/Streymur,46
391,ÍFF,46
392,B68,46
393,SkálaIF,46
394,AB,46
395,B68,46
396,KÍKlaksvík,46
397,FCLahti,47
398,FCIlves,47
399,HJK,47
400,OGCNice,48
401,Lyon,48
402,Bordeaux,48
403,UCLeMans,48
404,Marseille,48
405,PSG,48
406,StadeRennais,48
407,SCBastia,48
408,FCSochaux,48
409,StadeReims,48
410,Lens,48
411,AmiensSC,48
412,SCSchiltigheim,48
413,Auxerre,48
414,ESTroyes,48
415,CalaisRUFC,48
416,FCMulhouse,48
417,Nantes,48
418,USBoulogne,48
419,ASB,48
420,Strasbourg,48
421,Montpellier,48
422,EnAvant,48
423,GrenobleFoot,48
424,NimesOlympique,48
425,ValenciennesFC,48
426,FCLorient,48
427,OGCNice,48
428,StadeLavallois,48
429,Stadebrestois29,48
430,ACAjaccio,48
431,ClermontFoot,48
432,DijonFCO,48
433,StadeFrançais,48
434,OSCLille,48
435,Sedan,48
436,Monaco,48
437,ASNancy,48
438,Nantes,48
439,USLDunkerque,48
440,SMCaen,48
441,ValenciennesFC,48
442,LeHavreAC,48
443,ASCannes,48
444,OSCLille,48
445,ChamoisNiortais,48
446,Metz,48
447,EtoileNaborienne,48
448,ParisFC,48
449,MontpellierHéraultRugby,48
450,Toulouse,48
451,Racing92,48
452,FCFranceville,49
453,Torpedo,51
454,FCChiatura,51
455,Bayern,52
456,Union,52
457,Ingolstadt04,52
458,HessenKassel,52
459,Bayer,52
460,SCPaderborn,52
461,Borussia,52
462,Wehen,52
463,FSVMainz,52
464,Waldhof,52
465,EintrachtFrankfurt,52
466,SSVJahn,52
467,Hoffenheim,52
468,HansaRostock,52
469,SSVUlm,52
470,Eintracht,52
471,Borussia,52
472,HallescherFC,52
473,FCCarlZeissJena,52
474,FCErzgebirge,52
475,WürzburgerKickers,52
476,FCHeilbronn,52
477,FSV,52
478,1.FCKölnII,52
479,VfV06,52
480,Kaiserslautern,52
481,StuttgarterKickers,52
482,Borussia,52
483,KFCUerdingen,52
484,TSV1860,52
485,SpVggBayreuth,52
486,SVSandhausen,52
487,Hanover96,52
488,SCPaderborn07,52
489,HolsteinKiel,52
490,Göttingen05,52
491,SportfreundeSiegen,52
492,VfLLübeck,52
493,Wattenscheid09,52
494,SCHerford,52
495,1.FCSaarbrücken,52
496,Nürnberg,52
497,Magdeburg,52
498,SGSonnenhof,52
499,Stuttgart,52
500,SVDarmstadt,52
501,FortunaDüsseldorf,52
502,St.Pauli,52
503,Hertha,52
504,FSVMainz,52
505,VfLOsnabrück,52
506,VfRAalen,52
507,Preußen,52
508,RBLeipzig,52
509,VfRMannheim,52
510,Köln,52
511,FCAugsburg,52
512,RSV,52
513,Dynamo,52
514,MSVDuisburg,52
515,TSVCrailsheim,52
516,ArminiaBielefeld,52
517,SCFreiburg,52
518,Waldhof,52
519,Borussia,52
520,KickersOffenbach,52
521,Viktoria,52
522,SpVggGreutherFürth,52
523,WSV,52
524,ChemnitzerFC,52
525,EnergieCottbus,52
526,TuSKoblenz,52
527,BorussiaII,52
528,FSVZwickau,52
529,Fortuna,52
530,Alemannia,52
531,Schalke,52
532,Wolfsburg,52
533,1.FCHeidenheim,52
534,HSV,52
535,Wolfsburg,52
536,VFLBochum,52
537,FCHomburg,52
538,DCWeismain,52
539,SSV04,52
540,WerderBremen,52
541,KarlsruherSC,52
542,1.FCSchweinfurt05,52
543,Hoffenheim,52
544,FCAugsburg,52
545,RealTamaleUnited,55
546,EbusuaDwarfs,55
547,Hasaacas,55
548,AELárisas,57
549,Véroia,57
550,Astéras,57
551,Ionikós,57
552,OFI1925,57
553,Olympiacos,57
554,PASPanachaiki,57
555,Níkis,57
556,AELárisas,57
557,Panathinaikos,57
558,Thrasyvoulos,57
559,Iraklis,57
560,Apóllon,57
561,AOKavala,57
562,Kérkyras,57
563,Aris,57
564,Panthrakikos,57
565,Levadeiakós,57
566,Panionios,57
567,Ergotelis,57
568,Atrómitos,57
569,Paneserraikos,57
570,Xánthi,57
571,AiyáleoAthínion,57
572,PAOK,57
573,Olympiakós,57
574,ATA,58
575,CDSuchitepéquez,59
576,AuroraF.C.,59
577,XelajúMC,59
578,CDPetapa,59
579,AntiguaGFC,59
580,Hispano,60
581,España,60
582,Honved,62
583,DunaújvárosFC,62
584,GyőriETO,62
585,Ferencváros,62
586,Haladás,62
587,MTK,62
588,Vasas,62
589,SoproniVSE,62
590,DVSC,62
591,PuskásAkadémiaFC,62
592,DVSC,62
593,Újpest,62
594,SzázhalombattaiLK,62
595,ZTE,62
596,Fjölnir,63
597,IBVestmannaeyja,63
598,Valur,63
599,FimleikafélagHafnarfjarðar,63
600,Fram,63
601,ÍA,63
602,Stjarnan,63
603,Víkingur,63
604,HALSC,64
605,Dynamos,64
606,ChiragUnited,64
607,PersijaJakarta,65
608,Persebaya,65
609,MitraKukar,65
610,PSPS,65
611,Persewangi,65
612,BaliUnited,65
613,Persema,65
614,SriwijayaFC,65
615,Arema,65
616,Persikabo,65
617,PusamaniaBorneo,65
618,PSPS,65
619,Padideh,66
620,TractorSazi,66
621,ErbilSC,67
622,KarbalaFC,67
623,Bohemians,68
624,LongfordTown,68
625,ShamrockRovers,68
626,Rovers,68
627,CorkCity,68
628,Maccabi,69
629,Hapoel,69
630,Ashdod,69
631,Juventus,70
632,ACPisa,70
633,Udinese,70
634,CagliariCalcio,70
635,FCModena,70
636,ClodienseSSD,70
637,CalcioCatania,70
638,SalernitanaSport,70
639,LivornoCalcio,70
640,Fiorentina,70
641,ACSiena,70
642,FrosinoneCalcio,70
643,ACMonza,70
644,EmpoliFC,70
645,AscoliPicchio,70
646,TorinoFC,70
647,Mantova,70
648,ACCesena,70
649,Parma,70
650,TarantoCalcio,70
651,Padova1910,70
652,TorinoFC,70
653,ASVarese,70
654,ComoCalcio,70
655,Ternana,70
656,ASBrescia,70
657,Triestina,70
658,Reggina,70
659,SPAL,70
660,USAvellino,70
661,ASCittadella,70
662,VeneziaFC,70
663,USFoggia,70
664,TrapaniCalcio,70
665,AlmaJuventus,70
666,ACPerugia,70
667,BolognaFC,70
668,USPalermo,70
669,FCMessina,70
670,ASBari,70
671,SSCNapoli,70
672,CagliariCalcio,70
673,NovaraCalcio,70
674,ProVercelli,70
675,USLecce,70
676,ASECMimosas,71
677,Consadole,72
678,Gamba,72
679,Sagan,72
680,Sanfrecce,72
681,Fagiano,72
682,JEFUnited,72
683,Reysol,72
684,JEFUnited,72
685,Antlers,72
686,Reysol,72
687,Cerezo,72
688,Ardija,72
689,Avispa,72
690,Zelvia,72
691,Kamatamare,72
692,Giravanz,72
693,NaganoParceiro,72
694,FCGifu,72
695,Yamagata,72
696,Albirex,72
697,EhimeFC,72
698,Sanga,72
699,Marinos,72
700,Vissel,72
701,Trinita,72
702,Ardija,72
703,RedDiamonds,72
704,Consadole,72
705,Thespa,72
706,ShonanBellmare,72
707,Gamba,72
708,Tochigi,72
709,Frontale,72
710,Kataller,72
711,GrampusEight,72
712,Roasso,72
713,Vissel,72
714,RedDiamonds,72
715,Júbilo,72
716,Cerezo,72
717,FCAstana,74
718,FKOrdabasy,74
719,FKAstana,74
720,Zhetysu,74
721,Leopards,75
722,Olimps,78
723,FKLiepāja,78
724,Skonto,78
725,Caramba/Dinamo,78
726,FKVentspils,78
727,FKJelgava,78
728,Ekranas,81
729,Kruoja,81
730,FBK,81
731,Sūduva,81
732,Swift,82
733,HammBenfica,82
734,FCDifferdange,82
735,Fola,82
736,F91Dudelange,82
737,RacingUnion,82
738,USRumelange,82
739,SCGrevenmacher,82
740,Pelister,83
741,MadžariSolidarnost,83
742,Makedonija,83
743,Pobeda,83
744,Napredok,83
745,JohorFC,85
746,JohorDarulTa'zim,85
747,SabahFA,85
748,SimeDarby,85
749,PKNS,85
750,Selangor,85
751,Hibernians,87
752,ĦamrunSpartans,87
753,Estudiantes,88
754,ZacatepecSigloXXI,88
755,Chivas,88
756,Potros,88
757,ClubSanLuís,88
758,CFAtlante,88
759,Atlante,88
760,Dorados,88
761,CFMonterrey,88
762,ClubTijuana,88
763,PueblaFC,88
764,Atlas,88
765,Reboceros,88
766,QuerétaroFC,88
767,ClubLeón,88
768,Veracruz,88
769,Correcaminos,88
770,PachucaCF,88
771,Monarcas,88
772,DeportivoToluca,88
773,Pumas,88
774,Alebrijes,88
775,SantosLaguna,88
776,Tigres,88
777,Jaguares,88
778,Necaxa,88
779,Sheriff,89
780,Sheriff,89
781,FCZimbru,89
782,Budućnost,90
783,Hassania,91
784,Chabab,91
785,Mouloudia,91
786,CODM,91
787,FUS,91
788,KACM,91
789,Ittihad,91
790,Olympique,91
791,Difaâ,91
792,Olympique,91
793,Wydad,91
794,Chabab,91
795,FAR,91
796,KAC,91
797,Moghreb,91
798,Ferroviário,92
799,SCHeerenven,94
800,AZ,94
801,SCCambuur,94
802,GoAheadEagles,94
803,MVVMaastricht,94
804,Twente,94
805,VVVVenlo,94
806,FCEmmen,94
807,FCOss,94
808,Vitesse,94
809,NEC,94
810,FCGroningen,94
811,Ajax,94
812,WillemII,94
813,FCVolendam,94
814,ADODenHaag,94
815,HelmondSport,94
816,PECZwolle,94
817,RKCWaalwijk,94
818,Roda,94
819,PSV,94
820,NAC,94
821,SpartaRotterdam,94
822,Achilles'29,94
823,Westlandia,94
824,SVSpakenburg,94
825,IJsselmeervogels,94
826,USVElinkwijk,94
827,Wilhelmus,94
828,Feyenoord,94
829,Utrecht,94
830,Heracles,94
831,Exelsior,94
832,Telstar,94
833,FortunaSittard,94
834,OtagoUnited,95
835,Phoenix,95
836,PyongyangCity,97
837,UlsterRugby,98
838,Cliftonville,98
839,Glentoran,98
840,Linfield,98
841,MoldeFK,99
842,TromsøIL,99
843,LillestrømSK,99
844,Bodø/Glimt,99
845,Brann,99
846,ÅlesundFK,99
847,HenningsværIL,99
848,Vålerenga,99
849,SandefjordFotball,99
850,Rosenborg,99
851,Stabæk,99
852,Sarpsborg08FF,99
853,IKStart,99
854,StrømmenIF,99
855,Viking,99
856,SoharClub,100
857,SurSC,100
858,3deFebrero,101
859,ClubLibertad,101
860,Luqueńo,101
861,CerroPorteńo,101
862,Olímpia,101
863,2deMayo,101
864,Alianza,102
865,Cienciano,102
866,SportBoys,102
867,Universitario,102
868,Włókniarz,103
869,Górnik,103
870,Czarni,103
871,Dolcan,103
872,GKS,103
873,Ślęza,103
874,MGLKSUniejów,103
875,Apator,103
876,Bałtyk,103
877,Tur,103
878,Unia,103
879,Amica,103
880,Arkonia,103
881,Bałtyk,103
882,Bolesław,103
883,Pogoń,103
884,Bug,103
885,Bytovia,103
886,Carbo,103
887,Cartusia,103
888,Ceramika,103
889,Chełmianka,103
890,Chemik,103
891,Chojniczanka,103
892,Chrobry,103
893,Cracovia,103
894,Klon,103
895,Piast,103
896,Czarni,103
897,Dyskobolia,103
898,Polonia,103
899,Lechia,103
900,ZKŻ,103
901,Pogoń,103
902,Flota,103
903,Garbarnia,103
904,GKS,103
905,Górnik,103
906,GLKSNadarzyn,103
907,Arka,103
908,Granica,103
909,Gryf,103
910,ElanaToruń,103
911,Wisła,103
912,Hetman,103
913,Huragan,103
914,Hutnik,103
915,Igloopol,103
916,Nielba,103
917,Sokół,103
918,Cuiavia,103
919,Jagiellonia,103
920,Jarota,103
921,Jeziorak,103
922,CKS,103
923,Karkonosze,103
924,Sparta,103
925,KPStarogard,103
926,Wisła,103
927,Konfeks,103
928,Koszarawa,103
929,KSZO,103
930,Włocłavia,103
931,Chemik,103
932,Łada,103
933,LechPoznań,103
934,Lechia,103
935,Legionovia,103
936,Bojary,103
937,Dąb,103
938,WybrzeżeRewalskie,103
939,ŁKS,103
940,Zagłębie,103
941,Górnik,103
942,GKSTychy,103
943,MKSAlwernia,103
944,Sarmacja,103
945,MKSGogolin,103
946,Mazur,103
947,Carina,103
948,MKSKluczbork,103
949,KSKutno,103
950,Warta,103
951,KSPolkowice,103
952,Radłovia,103
953,RKS1979,103
954,Star,103
955,Victoria,103
956,Avia,103
957,Zjednoczeni,103
958,Nysa,103
959,Victoria,103
960,Mieszko,103
961,MKS,103
962,Stal,103
963,Wisła,103
964,Celuloza,103
965,MKSMyszków,103
966,Zatoka,103
967,Naprzód,103
968,Narew,103
969,Obra,103
970,MKSOława,103
971,Odra,103
972,Okęcie,103
973,Olimpia,103
974,PSŻ,103
975,Olimpia,103
976,Sparta,103
977,Polonia,103
978,Orkan,103
979,Miedź,103
980,Orzeł,103
981,Noteć,103
982,Stilon,103
983,Śląsk,103
984,Stomil,103
985,Lubuszanin,103
986,Patria,103
987,Pcimianka,103
988,Pelikan,103
989,Piast,103
990,Podlesianka,103
991,Pogoń,103
992,Polar,103
993,Polonia,103
994,Posnania,103
995,Promień,103
996,Przebój,103
997,Przemsza,103
998,Puszcza,103
999,Radomiak,103
1000,Raków,103
1001,Resovia,103
1002,Pogoń,103
1003,ROW,103
1004,Roztocze,103
1005,Rozwój,103
1006,Ruch,103
1007,Sandecja,103
1008,Kotwica,103
1009,Siarka,103
1010,Skra,103
1011,Śląsk,103
1012,Sokół,103
1013,Sparta,103
1014,Stal,103
1015,Gwardia,103
1016,Start,103
1017,Stal,103
1018,Świt,103
1019,Tłoki,103
1020,Tomasovia,103
1021,Górnik,103
1022,UniaJanikowo,103
1023,Unia,103
1024,Gryf2009,103
1025,Urania,103
1026,Ursus,103
1027,Szczakowianka,103
1028,Victoria,103
1029,Grom,103
1030,Warmia,103
1031,Warta,103
1032,Wawel,103
1033,Widzew,103
1034,Wigry,103
1035,Wisła,103
1036,Włocłavia,103
1037,Legia,103
1038,Zagłębie,103
1039,Wybrzeże,103
1040,SPZawisza,103
1041,Medyk,103
1042,Znicz,103
1043,NowyHutnik,103
1044,Korona,103
1045,Benfica,104
1046,GilVicente,104
1047,Leixões,104
1048,Belenenses,104
1049,GDChaves,104
1050,Vizela,104
1051,EstorilPraia,104
1052,Naval,104
1053,AlmadaAC,104
1054,Académica,104
1055,Benfica,104
1056,NacionalMadeira,104
1057,P.Ferreira,104
1058,ADdeMachico,104
1059,Farense,104
1060,Boavista,104
1061,Vitória,104
1062,Aves,104
1063,FCPorto,104
1064,Marítimo,104
1065,SCFreamunde,104
1066,Vitória,104
1067,RioAve,104
1068,SilvesFC,104
1069,Leiria,104
1070,CDTondela,104
1071,Sporting,104
1072,FCdePanafiel,104
1073,Imortal,104
1074,FCArouca,104
1075,BeiraMar,104
1076,Braga,104
1077,CFEsperança,104
1078,Portimonense,104
1079,CasaPia,104
1080,VarzimSC,104
1081,LekhwiyaSC,105
1082,AlShamal,105
1083,BidvestWits,106
1084,Ajax,106
1085,KaizerChiefs,106
1086,ChippaUnited,106
1087,Pirates,106
1088,KaizerChiefs,106
1089,PlatinumStars,106
1090,Celtic,106
1091,UCluj,107
1092,AvântulReghin,107
1093,Ceahlăul,107
1094,Viitorul,107
1095,Concordia,107
1096,Progresul,107
1097,Poli,107
1098,Dinamo,107
1099,CFRCluj,107
1100,CSMSIași,107
1101,Farul,107
1102,Flacăra,107
1103,Săgeata,107
1104,UTA,107
1105,GazMetanTârguMureş,107
1106,Steaua,107
1107,Rapid,107
1108,GloriaBistriţa,107
1109,Petrolul,107
1110,Universitatea,107
1111,Bihor,107
1112,Jiul,107
1113,MarisTârguMureş,107
1114,Astra,107
1115,FCHunedoara,107
1116,ASATârguMureș,107
1117,FCMBacău,107
1118,FCBotoșani,107
1119,CFBrăila,107
1120,Gloria,107
1121,Hermannstadt,107
1122,FCSB,107
1123,Sportul,107
1124,Pandurii,107
1125,Olt,107
1126,Akhmat,108
1127,Anji,108
1128,FKArsenal,108
1129,Rubin,108
1130,Kuban,108
1131,Lokomotiv,108
1132,Lokomotiv,108
1133,Zenit,108
1134,KryliaSovietov,108
1135,Mordovia,108
1136,FKRostov,108
1137,Spartak,108
1138,Zenit,108
1139,FKRostov,108
1140,KryliaSovetov,108
1141,FKSibir,108
1142,Dinamo,108
1143,FKKrasnodar,108
1144,Sportakademklub,108
1145,Baltika,108
1146,Olimpiyets,108
1147,Zenit,108
1148,Torpedo,108
1149,Ural,108
1150,FKEnisey,108
1151,CSKA,108
1152,Rotor,108
1153,Amkar,108
1154,Clyde,111
1155,InvernessCT,111
1156,GreenockMorton,111
1157,Celtic,111
1158,WhitlettsVictoria,111
1159,DunfermlineAthletic,111
1160,Hibernian,111
1161,PartickThistle,111
1162,AirdrieUnited,111
1163,FalkirkFC,111
1164,MotherwellFC,111
1165,AnnanAthletic,111
1166,RossCounty,111
1167,QueensPark,111
1168,Rangers,111
1169,DundeeFC,111
1170,St.Johnstone,111
1171,IrvineMeadowXI,111
1172,EdinburghCity,111
1173,Academical,111
1174,St.Mirren,111
1175,QueenoftheSouth,111
1176,AberdeenFC,111
1177,KilmarnockFC,111
1178,RaithRovers,111
1179,DundeeUnited,111
1180,DumbartonFC,111
1181,LivingstonFC,111
1182,Hearts,111
1183,Dragačevo,113
1184,Sloga,113
1185,FKNoviPazar,113
1186,Spartak,113
1187,Radnik,113
1188,Sloboda,113
1189,OFKBeograd,113
1190,Radnički,113
1191,Radnički1923,113
1192,FKJagodina,113
1193,Partizan,113
1194,FKSmederevo,113
1195,Zemun,113
1196,Hajduk,113
1197,Javor,113
1198,Rad,113
1199,FKMetalac,113
1200,Mladost,113
1201,Napredak,113
1202,FKObilić,113
1203,CrvenaZvezda,113
1204,MladiRadnik,113
1205,FKVoždovac,113
1206,YoungLions,114
1207,AFCPovažan,115
1208,Spartak,115
1209,HFKPrievidza,115
1210,1.HFCHumenné,115
1211,FKZTSDubnica,115
1212,MFKSkalica,115
1213,FKPoprad,115
1214,FCDAC1904,115
1215,FCViOn,115
1216,FKPúchov,115
1217,FKSenica,115
1218,VSSKošice,115
1219,MFKRužomberok,115
1220,ASTrenčín,115
1221,FCSenec,115
1222,Slovan,115
1223,Artmedia,115
1224,MŠKŽilina,115
1225,FCNitra,115
1226,ŠKPDúbravka,115
1227,Spartak,115
1228,Dukla,115
1229,1.FCTatran,115
1230,Tatran,115
1231,FKBodva,115
1232,NKMaribor,116
1233,Nafta,116
1234,NKDomžale,116
1235,NDGorica,116
1236,NKBežigrad,116
1237,NKMura,116
1238,NKKrško,116
1239,NKPrimorje,116
1240,NKOlimpija,116
1241,CMCelje,116
1242,SuwonBluewings,117
1243,BucheonFC,117
1244,I’Park,117
1245,ChangwonCity,117
1246,DaeguFC,117
1247,Citizen,117
1248,Sangmu,117
1249,ChunnamDragons,117
1250,United,117
1251,JejuUnited,117
1252,Chonbuk,117
1253,FCSeoul,117
1254,Steelers,117
1255,Chunma,117
1256,MipoDockyardDolphins,117
1257,CeltadeVigo,118
1258,Deportivo,118
1259,UELleida,118
1260,SantAndreu,118
1261,Barcelona,118
1262,RayoVallecano,118
1263,GetafeCF,118
1264,Levante,118
1265,SabadellFC,118
1266,TerrassaFC,118
1267,CDLogrones,118
1268,RealII,118
1269,RealSociedad,118
1270,RealBetis,118
1271,AlbaceteBalompié,118
1272,RealOviedo,118
1273,SanRoque,118
1274,LucenaCF,118
1275,CDLeganés,118
1276,VillarealCF,118
1277,RealZaragoza,118
1278,BarakaldoCF,118
1279,Deportivo,118
1280,PontevedraCF,118
1281,Tenerife,118
1282,RealGijón,118
1283,Osasuna,118
1284,Racing,118
1285,UniónEstepona,118
1286,UDLasPalmas,118
1287,UDSalamanca,118
1288,CDSanFernando,118
1289,SDEibar,118
1290,HérculesCF,118
1291,RealValladolid,118
1292,UCAMMurcia,118
1293,MalagaCF,118
1294,Elche,118
1295,UDAlmeria,118
1296,Valencia,118
1297,Mirandés,118
1298,CDXerez,118
1299,PalenciaCF,118
1300,RealMurcia,118
1301,CórdobaCF,118
1302,RecreativoHuelva,118
1303,GranadaCF,118
1304,CDBadajoz,118
1305,CadizCF,118
1306,RealMadrid,118
1307,CDMensajero,118
1308,AtléticoMadrid,118
1309,RealSociedadII,118
1310,RealCDMallorca,118
1311,Barcelona,118
1312,AtléticoB,118
1313,UECornellà,118
1314,CGTarragona,118
1315,UDCastellóndelaPlana,118
1316,CEEuropa,118
1317,CDNumancia,118
1318,Sevilla,118
1319,Espanyol,118
1320,Athletic,118
1321,RUCIrun,118
1322,AtléticoMadrid,118
1323,ÖrebroSK,119
1324,Elfsborg,119
1325,BKHäcken,119
1326,AIK,119
1327,GefleIF,119
1328,KalmarFF,119
1329,ÖstersundsFK,119
1330,ÅtvidabergsFF,119
1331,LandskronaBoIS,119
1332,Östers,119
1333,GIFSundsvall,119
1334,IFKNorrköping,119
1335,HelsingborgsIF,119
1336,HalmstadsBK,119
1337,NyköpingsBIS,119
1338,Azalea,119
1339,SollentunaFK,119
1340,VästeråsSK,119
1341,MalmöFF,119
1342,FCSt.Gallen,120
1343,Xamax,120
1344,FCBasel,120
1345,Servette,120
1346,YoungBoys,120
1347,ACBellinzona,120
1348,FCAarau,120
1349,FCWinterthur,120
1350,FCThun,120
1351,FCLuzern,120
1352,FCSion,120
1353,Hurriya,121
1354,Omayya,121
1355,Tatung,122
1356,Tatung,122
1357,ChamchuriUnited,124
1358,BuriramUnited,124
1359,PortFC,124
1360,OsotspaSaraburi,124
1361,BangkokUnited,124
1362,TOT,124
1363,SouthStarworldStrikers,125
1364,JoePublic,125
1365,CAB,126
1366,USMonastirienne,126
1367,ÉtoileSportiveduSahel,126
1368,Orduspor,127
1369,Samsunspor,127
1370,Adanaspor,127
1371,Antalyaspor,127
1372,Bursaspor,127
1373,Beykozspor1908,127
1374,ÇaykurRizespor,127
1375,Bayrampaşa,127
1376,IBFK,127
1377,Gaziantepspor,127
1378,Gümüşhanespor,127
1379,Maltepespor,127
1380,Göztepe,127
1381,Kartalspor,127
1382,Trabzonspor,127
1383,İdmanYurdu,127
1384,Güngörenspor,127
1385,Osmanlıspor,127
1386,Kuşadasıspor,127
1387,KasımpaşaSpor,127
1388,Sivasspor,127
1389,Bursaspor,127
1390,Konyaspor,127
1391,Galatasaray,127
1392,Fenerbahçe,127
1393,Beşiktaş,127
1394,Eskişehirspor,127
1395,YeniMalatyaspor,127
1396,Sakaryaspor,127
1397,Sarıyer,127
1398,Zeytinburnuspor,127
1399,FKLviv,130
1400,Dnipro,130
1401,Shakhtar,130
1402,FKLviv,130
1403,Dynamo,130
1404,Obolon,130
1405,Szachtar,130
1406,Metałurh,130
1407,FKPodilya,130
1408,Zorja,130
1409,FKZakarpattia,130
1410,Bukovyna,130
1411,Nywa,130
1412,Czornomorec,130
1413,Illichivets,130
1414,Dynamo,130
1415,FKSumy,130
1416,Tavria,130
1417,Shakhtar,130
1418,Krywbas,130
1419,Dnipro,130
1420,Prykarpattya,130
1421,Stal,130
1422,Metalurg,130
1423,Karpaty,130
1424,Vorskla,130
1425,BaniyasSC,131
1426,EmiratesClub,131
1427,Rowdies,132
1428,Roadrunners,132
1429,RainbowWarriors,132
1430,Chiefs,132
1431,Cowboys,132
1432,DCUnited,132
1433,Ducks,132
1434,Earthquakes,132
1435,LAFC,132
1436,Panthers,132
1437,DemonDeacons,132
1438,Dynamo,132
1439,PennState,132
1440,Gators,132
1441,Wildcats,132
1442,Cowboys,132
1443,CrimsonTide,132
1444,SantaClaraBroncos,132
1445,Terrapins,132
1446,CaliforniaGoldenBears,132
1447,Badgers,132
1448,OrlandoCity,132
1449,49ers,132
1450,Rams,132
1451,Orange,132
1452,Sounders,132
1453,Sporting,132
1454,Tigers,132
1455,Seminoles,132
1456,Rapids,132
1457,Rams,132
1458,Owls,132
1459,Tigers,132
1460,Redskins,132
1461,Browns,132
1462,Lions,132
1463,Monarchs,132
1464,Falcons,132
1465,Revolution,132
1466,Dolphins,132
1467,Crimson,132
1468,Steelers,132
1469,ScarletKnights,132
1470,Huskies,132
1471,ThunderingHerd,132
1472,Tigers,132
1473,TarHeels,132
1474,Mountaineers,132
1475,Hawkeyes,132
1476,KansasJayhawks,132
1477,Aggies,132
1478,Packers,132
1479,Hokies,132
1480,Cougars,132
1481,UABBlazers,132
1482,49ers,132
1483,Tigers,132
1484,Eagles,132
1485,Strikers,132
1486,Colts,132
1487,Ravens,132
1488,Crew,132
1489,BaylorBears,132
1490,Cornhuskers,132
1491,Hoosiers,132
1492,Saints,132
1493,BlackKnights,132
1494,Wolverines,132
1495,Volunteers,132
1496,TennesseeTitans,132
1497,FightingIrish,132
1498,Texans,132
1499,MinnesotaUnited,132
1500,Raiders,132
1501,Buckeyes,132
1502,Sooners,132
1503,OrlandoCity,132
1504,Bengals,132
1505,DUSC,132
1506,Tigers,132
1507,Timbers,132
1508,BuffaloBills,132
1509,Buccaneers,132
1510,Razorbacks,132
1511,RedBulls,132
1512,Beavers,132
1513,Real,132
1514,Bruins,132
1515,Boilermakers,132
1516,Longhorns,132
1517,Wildcats,132
1518,Bulldogs,132
1519,Bears,132
1520,Spartans,132
1521,Broncos,132
1522,Galaxy,132
1523,SunDevils,132
1524,Union,132
1525,GoldenGophers,132
1526,Cougars,132
1527,Jaguars,132
1528,Tigers,132
1529,SanAntonioFC,132
1530,Fire,132
1531,FCDallas,132
1532,Rays,132
1533,Vikings,132
1534,Panthers,132
1535,Cardinals,132
1536,Kickers,132
1537,NorthCarolinaFC,132
1538,Broncos,132
1539,Gamecocks,132
1540,Bulldogs,132
1541,Nacional,135
1542,CAPeńarol,135
1543,RamplaJuniors,135
1544,FKBuxoro,136
1545,Bunyodkor,136
1546,PakhtakorFK,136
1547,CaracasFC,137
1548,Zamora,137
1549,UAMaracaibo,137
1550,EstudiantesdeMérida,137
1551,Monagas,137
1552,DeportivoAnzoátegui,137
1553,Mineros,137
1554,DeportivoTáchira,137
1555,BinhDuong,138
1556,BangorCity,139
1557,CardiffCity,139
1558,SwanseaCity,139
1559,AberystwythTown,139
1560,WrexhamAFC,139
