1,Adil Lejarreta,1
2,Rodger Morocho,2
3,Laci Zhokhov,3
4,Marleny Iñarga,4
5,Floralba Mylene,5
6,Olive Randeep,6
7,Niang Garcia,7
8,Velia Geil,8
9,Elisabetta Farreny,9
10,Shannan Tosca,10
11,Sarjo Espiga,11
12,Mikola Nunheiser,12
13,Joslyn Schladerer,13
14,Javaid Kolben,14
15,Naima Barry,15
16,Klaas Djankezov,16
17,Kiana Gavara,17
18,Lenna Cron,18
19,Dita Kreitlein,19
20,Nikola Viruega,20
21,Hodaifa Tobolkin,21
22,Azucena Eneriz,22
23,Bharata Mahabala,23
24,Yazid Afakir,24
25,Ulla Hermany,25
26,Glady Greger,26
27,Artura Andreason,27
28,Brayan Plichko,28
29,Sarahi Altemeyer,29
30,Haizea Loipeldinger,30
31,Elyse Haddouch,31
32,Weimei Anselmo,32
33,Malak Alarma,33
34,Achour Dobretsky,34
35,Noelia Horger,35
36,Sonali Bandeiras,36
37,Doa Opgenroth,37
38,Aadil Sainz,38
39,Tsveta Andugar,39
40,Rosali Uriarte,40
41,Elhassan De,41
42,Claudemir Guimarey,42
43,Ruthann Onfray,43
44,Mamasa Teng,44
45,Rakesh Ezkerra,45
46,Hongfen Bleibaum,46
47,Hounaida Cigano,47
48,Debbra Pinazo,48
49,Jianzhen Cerquera,49
50,Jovani Nafke,50
51,Rodrick Tedd,51
52,Mamie Baumert,52
53,Mirka Chkhenkeli,53
54,Yonaida Fagulha,54
55,Carline Esquiva,55
56,Ahmed Carcaño,56
57,Serviliana Buchfellner,57
58,Geertruida Gutleber,58
59,Abdulai Kreutzheide,59
60,Asteria Cambronero,60
61,Loura Tillens,61
62,Marciala Gates,62
63,Roshan Fortov,63
64,Margalida Echauri,64
65,Lev Nandy,65
66,Rima Carril,66
67,Jetzabel Zolotenkov,67
68,Foix Castiello,68
69,Suzhu Gorosarri,69
70,Joselia Hazbulatov,70
71,Nivaria Klapholtz,71
72,Guoliang Zamponi,72
73,Aline Yrujo,73
74,Aguasantas Abaidulin,74
75,Khadem Iaco,75
76,Ophelie Tofani,76
77,Ursicina Heimerl,77
78,Ireneu Lidk,78
79,Romaisae Jirnikov,79
80,Adele Padrino,80
81,Medina Fabe,81
82,Frankie Vedyaev,82
83,Graças Luis,83
84,Donghai Vecillas,84
85,Alishba Pitzsch,85
86,Gerhard Peragon,86
87,Sefora Ollemi,87
88,Daksha Ysurieta,88
89,Cesaltina Buforn,89
90,Princess Susan,90
91,Galan Carromero,91
92,Olida Talov,92
93,Shujing Akhrif,93
94,Aifen Andrusenko,94
95,Etta Mcmahon,95
96,Janay Nicoara,96
97,Juan Reizle,97
98,Valdir Tillman,98
99,Lacy Tegge,99
100,Tor Narvaja,100
101,Rostislav Ponisch,101
102,Sade Balon,102
103,Rihab Pannhaus,103
104,Xianfen Gini,104
105,Xiuyan Vigoço,105
106,Ramona Uboldi,106
107,Iordana Irigain,107
108,Lukasz Ciesla,108
109,Edelgard Nollet,109
110,Fontcalda Hofmeister,110
111,Core Purdes,111
112,Ainoha Porro,112
113,Vital Yugo,113
114,Jeroni Climent,114
115,Maciej Mancinelli,115
116,Xin Escoriza,116
117,Gados Wetzelt,117
118,Abdeslam Yachmenev,118
119,Pete Poretsky,119
120,Deandre Piquet,120
121,Azahar Stottrop,121
122,Connor Biala,122
123,Nikoletta Veglison,123
124,Nikita Lujauzi,124
125,Cesario Comanescu,125
126,Kemberly Grag,126
127,Lusine Guinea,127
128,Delfim Leiza,128
129,Matheus Burrell,129
130,Karoline Schapschroer,130
131,Catuxa Wehking,131
132,Preslav Baldi,132
133,Yanelis Breier,133
134,Farrukh Olaizola,134
135,Drusilla Ethner,135
136,Alharilla Damas,136
137,Ursino Viñallonga,137
138,Basiru Grandberg,138
139,Dionisio Davidov,139
140,Eryk Bateman,140
141,Nikolas Poduri,141
142,Carisa Seifert,142
143,Helena Belmiro,143
144,Mohammad Ligachev,144
145,Tura Heine,145
146,Geraldina Tsarikaev,146
147,Alizee Barkan,147
148,Biagio Agharbi,148
149,Petronio Edo,149
150,Eni Nice,150
151,Neysa Turland,151
152,Ayesha Fabrichnikov,152
153,Gina Tuenissen,153
154,Yiru Babadjan,154
155,Claudineia Koppeel,155
156,Amando Guimas,156
157,Dulia Sarramian,157
158,Sire Avrutsky,158
159,Bambi Mendigoizale,159
160,Charlotte Moll,160
161,Ofir Kalitinsky,161
162,Judas Beattie,162
163,Floriano Descamps,163
164,Coronada Arechiderra,164
165,Iber Boock,165
166,Tomoko Foeller,166
167,Zak Fevrier,167
168,Mayerli Lejarralde,168
169,Adexe Itzig,169
170,Soadia Kartajev,170
171,Abdelhay Ritterskamp,171
172,Dalmau Llanera,172
173,Fadhila Daou,173
174,Islam Sainz,174
175,Matilde Mota,175
176,Subhan Defer,176
177,Khlifa Balonas,177
178,Xim Hansjosten,178
179,Roya Villegas,179
180,Linsey Loft,180
181,Margarit Recacha,181
182,Niculita Beleño,182
183,Paulita Pavlo,183
184,Marielena Fourmy,184
185,Hongmei Iriart,185
186,Charisse Firme,186
187,Brain Raimondi,187
188,Tajamal De,188
189,Visitacion Miarnau,189
190,Meridith Oeding,190
191,Anaida Jenzen,191
192,Monina Mohsner,192
193,Nayua Jabier,193
194,Ageda Lajinhas,194
195,Biying Zolotarev,195
196,Antonela Preugszat,196
197,Flavio Murgado,197
198,Cheikh Lunghi,198
199,Willington Gallegos,199
200,Alisia Vykruta,200
201,Valdas Shive,201
202,Montes Pahrin,202
203,Bangali Elices,203
204,Catia Hafermalz,204
205,Larosi Hentz,205
206,Nicole Cuacos,206
207,Ileen Schmidtschneider,207
208,Robson Rispeter,208
209,Mechelle Fosch,209
210,Ambreen Teuber,210
211,Diouma Angelique,211
212,Zakari Eknath,212
213,Jimeno Coimbra,213
214,Segismunda Saks,214
215,Vincent Olazaval,215
216,Jacinta Brisa,216
217,Shufen Amouroux,217
218,Roel Nanninga,218
219,Nacera Arispe,219
220,Bojan Kunel,220
221,Maurice Xabregas,221
222,Gizella Neff,222
223,Berneice Harbich,223
224,Yongqin Didarov,224
225,Mayela De,225
226,Adalbert Peuckert,226
227,Donaciano Huelva,227
228,Severa Theodore,228
229,Deus France,229
230,Rbiha Herrer,230
231,Leia Chevtzoff,231
232,Wessal Ryjy,232
233,Saihou Scheuchenpflug,233
234,Dios Scheppers,234
235,Pool Tschernich,235
236,Qiao Fenster,236
237,Ngan Thillman,237
238,Jenae Benito,238
239,Miro Mendiluze,239
240,Paco Weverinck,240
241,Massaer Micheo,241
242,Neptali Diehm,242
243,Ixai Linnenberger,243
244,Ezio Faulborn,244
245,Nastaca Kraemers,245
246,Malte Olazabal,246
247,Myrl Fernandez,247
248,Odelinda Garcia,248
249,Oumama Rogado,249
250,Asima Wolts,250
251,Ratiba Deidda,251
252,Dalma Kromker,252
253,Anuska Zurron,253
254,Samael Dorfers,254
255,Nikia Barakovsky,255
256,Jesse Batchuk,256
257,Balint Manjarres,257
258,Noreddin Kistenbrugger,258
259,Bubacarr Cloodt,259
260,Estudita Abelmann,260
261,Classie Puschke,261
262,Aqib Catedra,262
263,Tilo Hoppstadter,263
264,Rubina Romijn,264
265,Alexandre Falceto,265
266,Trifon Shahmatov,266
267,Petronella Hernandiz,267
268,Ullah Mouhou,268
269,Helle Gribenkin,269
270,Douglass Lutchens,270
271,Tiberiu Landagaray,271
272,Martires Galante,272
273,Stanton Thiesing,273
274,Amie Lebre,274
275,Keitha Hidalga,275
276,Samiya Marcet,276
277,Victory Nezavitin,277
278,Aridian Turnes,278
279,Ara Zaloumi,279
280,Damiana Berkenstrater,280
281,Melitona Leques,281
282,Vali Shadursky,282
283,Toshia Heinschel,283
284,Soumicha Uiuiu,284
285,Lea Whittaker,285
286,Vyara Avtsyn,286
287,Necole Neznanov,287
288,Huong Chu,288
289,Fabienne Cornago,289
290,Alcina Solves,290
291,Afra Tzayukov,291
292,Bailey Sanchez,292
293,Oskar Fotopoulos,293
294,Anzelika Brendl,294
295,Arama Hennig,295
296,Mya Schopplein,296
297,Iraya Ixaka,297
298,Asha Mahoney,298
299,Rosaura Fregenal,299
300,Sabino Rochel,300
301,Lorrie Hauser,301
302,Mena Aramayo,302
303,Janella Jilke,303
304,Weiguo Pordomingo,304
305,Xiaoqiu Diac,305
306,Yu Albons,306
307,Zeeshan Montecelo,307
308,Nadjat Aranceta,308
309,Aloia Toran,309
310,Pablina Lizarrusti,310
311,Auritz De,311
312,Cocuta Portsevsky,312
313,Aizhen Hutton,313
314,Adeline Santinho,314
315,Lissete Partsch,315
316,Genis Ballueca,316
317,Ping Jatzyshin,317
318,Riquelme Seda,318
319,Eduina Iyoyaga,319
320,Aurica Castellani,320
321,Liliia Chandler,321
322,Yenedey Gabernet,322
323,Nadal Murga,323
324,Kizzie Kurpisz,324
325,Janitz Turda,325
326,Adelinda Cogan,326
327,Albin Tain,327
328,Edesia Gorosticu,328
329,Khadyja Krieghoff,329
330,Muhamad Severitt,330
331,Anguel Littauer,331
332,Bekkaye Batanas,332
333,Javid Bregas,333
334,Nica Kalirai,334
335,Harjinder Fabro,335
336,Adei Couchinho,336
337,Niurka Govoretsky,337
338,Zebensuy Uriet,338
339,Cori Manchen,339
340,Junxiang Lissner,340
341,Florent Ysebaert,341
342,Flo Sergeev,342
343,Maram Vicari,343
344,Lesia Kreuz,344
345,Jordon Notarnico,345
346,Epifania Lessmann,346
347,Marcy Uguccioni,347
348,Breogan Luedicke,348
349,Yuehong Horcajada,349
350,Joanne Undumiel,350
351,Filomeno Weinreich,351
352,Humildad Ozenne,352
353,Nakisha Cotet,353
354,Deivid Urbicain,354
355,Mariana Welenga,355
356,Ashlee Riahi,356
357,Sirkka Krefting,357
358,Rafal Niculescu,358
359,Leopoldo Tzukerman,359
360,Indar Kirilov,360
361,Liesbeth Abdulkadyroff,361
362,Riasat Ranhotra,362
363,Andalucia Belchikov,363
364,Odilo Pardo,364
365,Orlin Nimmesgern,365
366,Romayssa Sanfilippo,366
367,Adnan Agapkin,367
368,Terencio Srini,368
369,Jiayu Djemilev,369
370,Cortney Comellas,370
371,Bamba Frenkel,371
372,Bouzian Saladrigas,372
373,Rinaldo Brotkorb,373
374,Florine Marievsky,374
375,Belvis Viau,375
376,Mila Saenz,376
377,Ehab Rennke,377
378,Chet Rietmann,378
379,Feliciana Schaeuble,379
380,Xanet Travesedo,380
381,Natzaret Massari,381
382,Hyacinth Raikhlin,382
383,Josphine Koita,383
384,Ruxandra Cormenzana,384
385,Marua Schusterbauer,385
386,Ibryam Ungrund,386
387,Korneliya Neuper,387
388,Chouaib Feldpusch,388
389,Janett Juaniz,389
390,Ismahan Gribakin,390
391,Vasilisa Wolfbeisz,391
392,Zhu Volker,392
393,Cassaundra Jordana,393
394,Gracias Anorbe,394
395,Cleiton Mallabiabarrena,395
396,Corrin Pinheira,396
397,Wenche Siebert,397
398,Boubekeur Felten,398
399,Florbela Lejepekov,399
400,Macaria Nurov,400
401,Cicely Mazzocchi,401
402,Hebe Samagaio,402
403,Keneth Herran,403
404,Senorina Burkl,404
405,Norhan Luzuriaga,405
406,Elka Ryan,406
407,Arletta Ruberto,407
408,Irundina Winkelmeier,408
409,Anila Galkin,409
410,Vincenza Mordyukov,410
411,Toutou Ulerich,411
412,Herman Lizarazo,412
413,Abdeluahed Olympio,413
414,Paige Tzander,414
415,Vicentina Taipina,415
416,Elane Mihalevich,416
417,Simonetta Terroso,417
418,Malik Tegenthoff,418
419,Gaudencio Zandona,419
420,Yamira Goloveshko,420
421,Millerlandy Lindemeier,421
422,Benigna Colombi,422
423,Delbert Zschoppe,423
424,July Brotas,424
425,Jacqualine Yoann,425
426,Vitorino Lusarreta,426
427,Simone Guinda,427
428,Traian Guich,428
429,Rudy Izurzu,429
430,Prem Aguilarte,430
431,Nicasio Pickert,431
432,Ramazan Nesme,432
433,Artem Alvare,433
434,Boubakar Kellen,434
435,Shayne Margeli,435
436,Mercedita Luquero,436
437,Cuiping Stassl,437
438,Edmond Shalimov,438
439,Denitsa Baydal,439
440,Adirane Beech,440
441,Benaisa Litaur,441
442,Yusupha Santa,442
443,Milena Juntermanns,443
444,Orestes Nares,444
445,Shafqat Schlessinger,445
446,Samanda Axnich,446
447,Chenghao Uellendahl,447
448,Muela Saba,448
449,Xianzhong Maneira,449
450,Yeneba Marruedo,450
451,Ricky Trepado,451
452,Cleotilde Mashgiah,452
453,Stanislav Morev,453
454,Liria Caomh,454
455,Mehboob Pschorner,455
456,Olarizu Fickbohm,456
457,Tita Vybornov,457
458,Harrison Rainey,458
459,Neta Redecillas,459
460,Ladislaa Nesvetaev,460
461,Marene Mendialdua,461
462,Erradi Tompkin,462
463,Kissima Winkelhues,463
464,Rosangela Dejmal,464
465,Augustus Rigor,465
466,Estafania Sevila,466
467,Capitolina Henriquez,467
468,Elisei Schluter,468
469,Denys Paquet,469
470,Jacopo Jirjahn,470
471,Raheel Kitchen,471
472,Salha Olozagagoyena,472
473,Jhoan Ageshin,473
474,Nedas Maldonado,474
475,Gholamreza Diane,475
476,Elisabeth Sudhoff,476
477,Clarisse Ufarte,477
478,Abdourahmane Ricco,478
479,Bouchra Mccluskey,479
480,Verline Cepedano,480
481,Lavelle Geduld,481
482,Itiel Benseler,482
483,Cuihua Arau,483
484,Iasone Fridam,484
485,Miho Servais,485
486,Immanuel Isgro,486
487,Asuncion Ruppenthal,487
488,Serafin Deveza,488
489,Zeinabou Knobloch,489
490,Aqsa Molins,490
491,Badea Hudainatov,491
492,Lois Anofriev,492
493,Cinto Sabau,493
494,Mateo Berche,494
495,Aidi Schoenmakers,495
496,Azize Ledru,496
497,Oda Yesse,497
498,Atsuko Onkov,498
499,Mariuta Vossmerbaumer,499
500,Bineta Pobes,500
501,Wan Garcia,501
502,Ramesh Weispfenning,502
503,Idilio Bilias,503
504,Lakiesha Abadito,504
505,Mahammed Deifel,505
506,Aleix Noakes,506
507,Radi Bordonada,507
508,Jonnathan Dolha,508
509,Genadio Fidel,509
510,Margot Lafraya,510
511,Emanuil Minniakhmetov,511
512,Bat Creus,512
513,Willians Fai,513
514,Jaime Beriain,514
515,Milciades Eijkman,515
516,Chad Bakunoff,516
517,Shamika Herrera,517
518,Mishell Sensi,518
519,Addie Omorogbe,519
520,Lelah Meerpohl,520
521,Corona Wiemert,521
522,Togarma Vecchiato,522
523,Ortansa Torqui,523
524,Cassondra Celayeta,524
525,Shan Marto,525
526,Abdelmadjid Bonfill,526
527,Graciliano Rupieper,527
528,Oussama Kusgens,528
529,Brita Gegundez,529
530,Junyong Brenker,530
531,Abel Shimshon,531
532,Luke Bennassar,532
533,Krystal Eickmanns,533
534,Aisatou Jabitsky,534
535,Oihana Santoro,535
536,Sada Bolroo,536
537,Inese Margaix,537
538,Golden Erradi,538
539,Xinjian Leache,539
540,Thierry Winklaar,540
541,Charaf Lecuona,541
542,Berto Tautz,542
543,Guofen Ivanciu,543
544,Domiciana Magnussen,544
545,Ardell Olfa,545
546,Suzanna Mehmedov,546
547,Patrina Mahachev,547
548,Chaymae Laburbide,548
549,Mouhamadou Halileev,549
550,Victor Dannehl,550
551,Esteven Candelas,551
552,Grigoras Amuategi,552
553,Galia Berezitzky,553
554,Ismene Rosenhain,554
555,Mariano Aukofer,555
556,Albita Alou,556
557,Urdax Duong,557
558,Rangel Gastiarena,558
559,Claude Papiermeister,559
560,Freda Kovarsky,560
561,Rakia Prandl,561
562,Kathline Cosido,562
563,Qun Engenheiro,563
564,Sanda Azouzout,564
565,Monssef Llimos,565
566,Gaizka Scharpfenecker,566
567,Doradia Calabrese,567
568,Brooke Robben,568
569,Jad Marcklin,569
570,Gener Puica,570
571,Keenan Sheludyakov,571
572,Naoko Mattia,572
573,Licinia Borau,573
574,Eliott Aven,574
575,Devabhuti Patk,575
576,Cinzia Griessbaum,576
577,Boudali Munkelt,577
578,Heraclides Tortolero,578
579,Catherina Zapfe,579
580,Emmanuelle Nandini,580
581,Soulimane Dercks,581
582,Janelle El,582
583,Magan Vides,583
584,Laxmi Samtleben,584
585,Solomane Moreo,585
586,Sasa Hehn,586
587,Jazmina Visloguzov,587
588,Kristle Pichot,588
589,Claus Paur,589
590,Gulshan Schmittdiel,590
591,Aftab Arguelles,591
592,Dorthe Loios,592
593,Mayi Oyono,593
594,Argentino Maze,594
595,Maryann Comadran,595
596,Conchita Elepov,596
597,Jozsef Randi,597
598,Agar Ribalda,598
599,Edison Tsapko,599
600,Malkit Sand,600
601,Sinforoso Arteagabeitia,601
602,Parvez Chayim,602
603,Karly Glassman,603
604,Daryna Hagencord,604
605,Anzhelika Feitz,605
606,Chantel Dosil,606
607,Nassim Evertz,607
608,Christine Melo,608
609,Visita Charykov,609
610,Antony Garcia,610
611,Aridany Krone,611
612,Ryann Abrosimoff,612
613,Leonora Uriach,613
614,Osas Yahia,614
615,Hoummada Ayo,615
616,Ouasim Taltavull,616
617,Admiracion Lapeira,617
618,Nakor Pique,618
619,Agripino Ignatz,619
620,Yoel Alvarez,620
621,Antelmo Majesk,621
622,Cezar Uberquoi,622
623,Ruxanda Danes,623
624,Deloras Irigoyenzar,624
625,Emeric Collados,625
626,Maria Jaüreguizar,626
627,Joella Ciurlionis,627
628,Josefino Balseca,628
629,Xinmiao Flexner,629
630,Zivile Mombiela,630
631,Barbora Antyuhov,631
632,Yujun Bembibre,632
633,Jenica Segrera,633
634,Anacleta Palmisano,634
635,Haitam Carbajales,635
636,Lukene Echagarai,636
637,Ayda Cascallana,637
638,Founeke Pilo,638
639,Maisae Azzaoui,639
640,He Haberbusch,640
641,Meri Albiztegi,641
642,Dune Manosalvas,642
643,Cain El,643
644,Ismary Cuellar,644
645,Dorita Crispi,645
646,Virginia Geers,646
647,Doaae Zak,647
648,Dionna Caliz,648
649,Yanett Cooper,649
650,Aleixandra Yñurrigarro,650
651,Denilson Mergenschroder,651
652,Mateu Luettke,652
653,Lucina Spencer,653
654,Hafiz Havroshin,654
655,Lettie Cerri,655
656,Alimatou Delfino,656
657,Remigijus Santandreu,657
658,Gianpaolo Goran,658
659,Mirta Saibal,659
660,Lilioara Baidzhanoff,660
661,Arnulfo Emond,661
662,Lucas Campano,662
663,Sabastian De,663
664,Jihan Tschirsky,664
665,Qin Conforme,665
666,Boutaher Zhelyabov,666
667,Jason Visco,667
668,Mohammed Hismatulov,668
669,Lucky Hannig,669
670,Armelinda Anderso,670
671,Rui Izarraspi,671
672,Mfaddal Didychenko,672
673,Quino Ambite,673
674,Lirio Stotzem,674
675,Fernande Oelgeklaus,675
676,Viacheslav Solaun,676
677,Aparicio Mateo,677
678,Preslava Haiduc,678
679,Ramzi Badanov,679
680,Shanti Yuhman,680
681,Wilfred Mend,681
682,Tisa Guthier,682
683,Atri Higginson,683
684,Keila Almendro,684
685,Reginald Quintera,685
686,Latesha Giroux,686
687,Anis Maizterra,687
688,Susagna Ibares,688
689,Agnes Pioo,689
690,Berry Astolfi,690
691,Elisabel Hermschroder,691
692,Waldemar Ollaquindia,692
693,Chantelle Melenas,693
694,Monserra Manresa,694
695,Nayab Daalmann,695
696,Naveed Schonbrunner,696
697,Nor Waltert,697
698,Salamata Yaguez,698
699,Suleiman Chepurenko,699
700,Skaiste Boday,700
701,Nitin Montañana,701
702,Stanley Castany,702
703,Afia Kleinemeier,703
704,Emel Dischler,704
705,Anders Bairamukoff,705
706,Massira Barrateira,706
707,Raphaela Bahnsch,707
708,Claudina Patten,708
709,Barabara Vilmont,709
710,Waldir Kurapati,710
711,Gemma Fagundez,711
712,Sylvain Wiseman,712
713,Guoying Engman,713
714,Trula Anacabe,714
715,Dorris Legarmendi,715
716,Zahoor Bernabe,716
717,Famory Cande,717
718,Maryanna Potel,718
719,Florinela Osburg,719
720,Yones Matsigura,720
721,Gilberta Gaya,721
722,Kia Anisihin,722
723,Henryka Taucher,723
724,Rosiane Grotkopf,724
725,Jadilla Kurlinka,725
726,Armengol Wirsik,726
727,Timothy Larruy,727
728,Gentza Zehetner,728
729,Longino Krohne,729
730,Nistor Gabrisova,730
731,Roseli Gigirey,731
732,Giga Stelmach,732
733,Nerida Arceredillo,733
734,Laurice Carrillo,734
735,Fortunata Duboc,735
736,Luar Vitas,736
737,Filipp Goiriz,737
738,Acoraida Rein,738
739,Augustina Hilgers,739
740,Rossella Scheunpflug,740
741,Beinat Teitge,741
742,Sayon Schoen,742
743,Moira Somolinos,743
744,Livioara Gerhold,744
745,Khaddouja Garin,745
746,Santokh Heeschen,746
747,Hossein Deleito,747
748,Zi Killock,748
749,Sohel Norris,749
750,Richar Julian,750
751,Ylena Burosch,751
752,Maysam Hammans,752
753,Yaroslav Sefrin,753
754,Eutiquia Gadicke,754
755,Kavi Mannke,755
756,Danel Regalheiro,756
757,Yolonda Quiminigal,757
758,Ethyl Katzenburg,758
759,Teena Misa,759
760,Sharonda Govyrin,760
761,Arshak Sotelino,761
762,Amidou Probach,762
763,Azouz Zitouni,763
764,Merian Kodanda,764
765,Dannielle Beyn,765
766,Almut Jadkevich,766
767,Tetiana Feivish,767
768,Helmer Arano,768
769,Teodorico Pail,769
770,Edesio Janiasia,770
771,Lissy Semblano,771
772,Elan Pedregosa,772
773,Tiesha Shirinyan,773
774,Mayca Davey,774
775,Marinov Toenjes,775
776,Italia Strobuchin,776
777,Lech Peso,777
778,Nyuma Villamiel,778
779,Lenita Weigend,779
780,Xixi Bodes,780
781,Farnes Lenoir,781
782,Bucur Heitbaum,782
783,Zohartze Pletea,783
784,Genaro Fonollosa,784
785,Thilo Alberti,785
786,Giovany Reich,786
787,Friday Jaquet,787
788,Alipio Csernak,788
789,Jianxiong Meintrup,789
790,Ouisal Amezu,790
791,Lansana Amrhein,791
792,Guilermo Broquel,792
793,Bartola Kaplanek,793
794,Serina Winkelstrater,794
795,Xuyi Vossberg,795
796,Oliviu Baungard,796
797,Xu Nogal,797
798,Sidonia Gàsio,798
799,Ainnoa Intlekofer,799
800,Saladina Agoev,800
801,Elio Alessi,801
802,Mahdjouba Carreiras,802
803,Zahari Mirantes,803
804,Zoraya Paranhos,804
805,Hryhoriy Regendantz,805
806,Edelfina Usureau,806
807,Lah Reichertz,807
808,Saleta Roche,808
809,Mariea Kaersting,809
810,Paolina Leutholt,810
811,Kasie Gantes,811
812,Liyong Tronch,812
813,Estefany Grennan,813
814,Natanael Vassilopulos,814
815,Jarek Eisenstein,815
816,Wadii Tumko,816
817,Hayley Liepold,817
818,Romaysae Yolleck,818
819,Edilson Heilbrunn,819
820,Elmo Giridhar,820
821,Acelina Gaedt,821
822,Meriyem Terraga,822
823,Recaredo Chase,823
824,Huiying Himmelein,824
825,Hermine Veroo,825
826,Aureo Subbanna,826
827,Qinqin Gencheva,827
828,Tertuliano Irigoen,828
829,Ashraf Maitreya,829
830,Uxio Knussmann,830
831,Nabar Sedlmayr,831
832,Doltza Locke,832
833,Nikolett Krizia,833
834,Lavera Urraco,834
835,Hasan Scherr,835
836,Vergil Hoepner,836
837,Rhea Zotti,837
838,Tanta Potau,838
839,Aglaya Hoang,839
840,Amarilys Haitov,840
841,Hripsime Verride,841
842,Joye El,842
843,Aminta Sumila,843
844,Nadka Geffroy,844
845,Leigha Crujera,845
846,Dimitra Viguer,846
847,Trevor Stohlmacher,847
848,Saulo Losquiño,848
849,Guozhong Adolphs,849
850,Branka Celimendiz,850
851,Aurelie Thakur,851
852,Neiba Oxanguren,852
853,Chrystian Sukanya,853
854,Wanita Blass,854
855,Xiu Noci,855
856,Nadezda Burnett,856
857,Lamya De,857
858,Abilio Betzold,858
859,Moriba Degenhart,859
860,Yuqin Grothe,860
861,Ligaya Martel,861
862,Bertilia Tostoo,862
863,Dobri Rigotti,863
864,Tahira Yassine,864
865,Zhixin Alder,865
866,Miloslav Bliefnick,866
867,Neyen Meierdirks,867
868,Rambha Roll,868
869,Zhenzhen Intrigante,869
870,Leiza Godeke,870
871,Jitka Brasa,871
872,Clio Seyfarth,872
873,Valerij Imschloss,873
874,Svetlozar Baltussen,874
875,Macoumba Moellering,875
876,Vyacheslav Lamour,876
877,Deneen Ayerdi-Epela,877
878,Yixiang Deneke,878
879,Melodi Pichaco,879
880,Lillian Campana,880
881,Osane Delaney,881
882,Mamoun Moldovyan,882
883,Houssien Langnickel,883
884,Israr Zschockel,884
885,Emran Peran,885
886,Mounaim Goericke,886
887,Meifen Kearton,887
888,Basma Sachtlebe,888
889,Crescencia Flor,889
890,Yaqin Ababei,890
891,Steliyan Hitpass,891
892,Kristi Oltman,892
893,Doae Hafer,893
894,Aritz Erkizia,894
895,Ruthe Kitt,895
896,Veselina Werndl,896
897,Kaira Salcedas,897
898,Gumersindo Yuzhakov,898
899,Tinguaro Sundmacher,899
900,Mhammed Zhestkov,900
901,Ivalina Erustes,901
902,Tamba Abascal,902
903,Carmen Corcino,903
904,Wyatt Nikel,904
905,Anya Harrigaraykoborda,905
906,Meiyu Haza,906
907,Ofelia Hannsmann,907
908,Morelia Francos,908
909,Kiyoko Tinaquero,909
910,Dimitrios Moeller,910
911,Sverre Braunig,911
912,Otelia Zurgeissel,912
913,Colin Seifermann,913
914,Strahil Wraight,914
915,Shakita Viudez,915
916,Eddy Villard,916
917,Ercilia De,917
918,Andreza Belandina,918
919,Viggo Pantion,919
920,Aintxane Sebastien,920
921,Alline Nutt,921
922,Maragda Seredyuk,922
923,Riham Zurstrassen,923
924,Petrina Murias,924
925,Ailian Deutsch,925
926,Marla Massanet,926
927,Onur Khtira,927
928,Zinedine Juanez,928
929,Krum Marchis,929
930,Adamo Mirz,930
931,Bart Estorff,931
932,Valiantsina Brauner,932
933,Rosette Tenkotte,933
934,Aduanich Kesselaer,934
935,Viorika Heppekausen,935
936,Creacion Nevitsky,936
937,Davi Warstat,937
938,Grau Neaga,938
939,Padua Zela,939
940,Ichrak Jaeger,940
941,Batiste Lezamiz,941
942,Horacio Naiz,942
943,Petronilo Sarfati,943
944,Laurie Lotfi,944
945,Mahir Heinkele,945
946,Meredith Schreibers,946
947,Aiara Lunkenheimer,947
948,Oscar Pravil,948
949,Hourya Rieckers,949
950,Karry Fustel,950
951,Joxe Abrino,951
952,Samira Balogh,952
953,Essadik Lenge,953
954,Yoshiko Schmittbauer,954
955,Aicong Pipas,955
956,Agapita Keierleber,956
957,Fadela Schroeter,957
958,Afonso Schaflein,958
959,Omeima Grotenhues,959
960,Fousseyni Guldenbalk,960
961,Margaux Smoc,961
962,Jackson Brokogne,962
963,Digna Tuvia,963
964,Abdelkerim Pampin,964
965,Fatima Sentandreu,965
966,Kepa Prevost,966
967,Felecia Alipia,967
968,Gorka Platel,968
969,Tiffaney Semerkant,969
970,Saverio Scharlock,970
971,Narda Dinis,971
972,Rory Moujahid,972
973,Marieke Averkov,973
974,Elieser Rauen,974
975,Osariemen Shainsky,975
976,Dorka Gorjoo,976
977,Bridgette Punset,977
978,Pancracia Priegue,978
979,Zaharia Moronta,979
980,Loralee Jeronkin,980
981,Petria Eraña,981
982,Atanaska Brisido,982
983,Anush Autet,983
984,Yousef Boschetti,984
985,Marivel Jivoluk,985
986,Bradley Peraleda,986
987,Yvette Coers,987
988,Arantxazu Lindbuchl,988
989,Alcione Ahlers,989
990,Evelyne Enzbrunner,990
991,Madison Zheryapin,991
992,Hattie Paternina,992
993,Virna Muiño,993
994,Felicitat Antinori,994
995,Wiaam Letamendia,995
996,Leonilde Hammadi,996
997,Parthenia Vechia,997
998,Triana Terbeck,998
999,Retta Schlossin,999
1000,Tariq Peteiro,1000
1001,Najiya Michalaras,1001
1002,Weifen Broekmans,1002
1003,Arlyn Everhardt,1003
1004,Leanna Galati,1004
1005,Manol Belvis,1005
1006,Tasha Johannkemper,1006
1007,Josef Ydiaquez,1007
1008,Adelin Voces,1008
1009,Willie Ramadan,1009
1010,Medou Line,1010
1011,Cherifa Auguet,1011
1012,Flemming Larribite,1012
1013,Tracie Sanchez,1013
1014,Elvita Rottkirchen,1014
1015,Soumaila Dimas,1015
1016,Vidala Durnev,1016
1017,Yuette Ugal,1017
1018,Jhosua Lenzen,1018
1019,Macie Zherdev,1019
1020,Xoaquin Max,1020
1021,Jovelyn Weixlbaum,1021
1022,Babacar Dukuray,1022
1023,Helmut Clahsen,1023
1024,Romaisa Brunzema,1024
1025,Oleh Werbrouck,1025
1026,Valencia Seredkin,1026
1027,Natael Reimers,1027
1028,Ndongo Isabel,1028
1029,Silvano Roosa,1029
1030,Xoel Momerts,1030
1031,Purisima Letamendi,1031
1032,Nelly Contze,1032
1033,Zanobi Holl,1033
1034,Eluska Guijarro,1034
1035,Sherika Joedicke,1035
1036,Criseida Tonnies,1036
1037,Aristide Tatnell,1037
1038,Xiuhong Benedi,1038
1039,Marciano Sanina,1039
1040,Orest Montosa,1040
1041,Simo Marmelstein,1041
1042,Algimantas Whiting,1042
1043,Ginel Narbonne,1043
1044,Karmelo Werle,1044
1045,Procopia Venditti,1045
1046,Krystin Marmazov,1046
1047,Rashpal Gurgen,1047
1048,Meryam Piepen,1048
1049,Pamella Melandri,1049
1050,Itoitz Cirac,1050
1051,Hee Hulbusch,1051
1052,Françoise Badanes,1052
1053,Earline Glockenthor,1053
1054,Solaiman Karlen,1054
1055,Xinyan Ditsch,1055
1056,Elicia Cardil,1056
1057,Elma Vaget,1057
1058,Serviliano Cope,1058
1059,Dainius Waring,1059
1060,Nouhoum Elsperger,1060
1061,Claudiu Yvanoff,1061
1062,Samuil Altenhoven,1062
1063,Dorsey Lezealde,1063
1064,Narine Woler,1064
1065,Alexander Mostazo,1065
1066,Mjid Angenvorth,1066
1067,Nisa Gerisch,1067
1068,Rayyan Zhigulsky,1068
1069,Bieito Foraster,1069
1070,Randell Senhaji,1070
1071,Eve Shendrik,1071
1072,Rito Leazategui,1072
1073,Serhii Ouazzani,1073
1074,Yelitza Ellbogen,1074
1075,Jonhatan Saraf,1075
1076,Baldev Friedenheim,1076
1077,Heloise Gunendran,1077
1078,Yerover Radut,1078
1079,Chahid Tunker,1079
1080,Abdus Kapendegui,1080
1081,Frank Mckenn,1081
1082,Svenska Duret,1082
1083,Sarunas Bard,1083
1084,Astrid Schmolck,1084
1085,Rogers Giuli,1085
1086,Foad Thones,1086
1087,Arlet Shel,1087
1088,Fidelino Wilike,1088
1089,Ove Verd,1089
1090,Andro Pranz,1090
1091,Deimante Merckle,1091
1092,Salut Arribillaga,1092
1093,Vladyslava Brunat,1093
1094,Aamar Keefe,1094
1095,Sevastian Arronis,1095
1096,Chahrazad Iragaray,1096
1097,Jacklyn Anutriev,1097
1098,Neiva Pfaffel,1098
1099,Pastor Fumero,1099
1100,Paun Tarantino,1100
1101,Anay Veit,1101
1102,Almir Grevenrath,1102
1103,Vitalij Anelo,1103
1104,Ramil Symons,1104
1105,Errol Magida,1105
1106,Sanya Irurecheta,1106
1107,Jordi Tremogo,1107
1108,Leeanne Guntter,1108
1109,Neisa Bert,1109
1110,Ziara Monserrate,1110
1111,Chafiq Gulin,1111
1112,Rebeka Sabido,1112
1113,Alvar Luepschuetz,1113
1114,Madelen Yudahin,1114
1115,Rongrong Falkenberg,1115
1116,Derly Majjer,1116
1117,Nguyet Jahnige,1117
1118,Bader Molina,1118
1119,Ramune Arnholdt,1119
1120,Irmtraud Felix,1120
1121,Coralina Bianca,1121
1122,Nourdine Ogilvy,1122
1123,Yunlong Zerrillo,1123
1124,Therese Egle,1124
1125,Shandra Gerardi,1125
1126,Jese Wulffert,1126
1127,Aristobulo Konopatzki,1127
1128,Julie Brumayr,1128
1129,Mehmet Hymann,1129
1130,Pasqualino Chekomasov,1130
1131,Latrina Ecala,1131
1132,Karleen Briere,1132
1133,Pius Simodines,1133
1134,Amneris Tribaldos,1134
1135,Jair Patallo,1135
1136,Arene Tzagadaev,1136
1137,Julee Steckel,1137
1138,Amena Balteanu,1138
1139,Modesta Grad,1139
1140,Janin Thielen,1140
1141,Merche Useev,1141
1142,Elizete Zupnick,1142
1143,Jolie Collia,1143
1144,Edelmiro Lindlahr,1144
1145,Vennie Eysenblatter,1145
1146,Alyce Adelfinski,1146
1147,Romero Hannequin,1147
1148,Shanita Borhofen,1148
1149,Justino Godiker,1149
1150,Estivaliz Verdet,1150
1151,Talha Aido,1151
1152,Yisel Pastorinho,1152
1153,Alexandrina Pradillos,1153
1154,Belal Jaede,1154
1155,Carmelo Saighiridhar,1155
1156,Yaritza Feringa,1156
1157,Daphne De,1157
1158,Pariksit Bareither,1158
1159,Antero Legaristi,1159
1160,Lourenco Abuin,1160
1161,Fadoua Zuazua,1161
1162,Randall Gsegnet,1162
1163,Mayalen Rimondi,1163
1164,Benedicto Mateis,1164
1165,Jerrie Santasusana,1165
1166,Ahtisham Tokmagambetov,1166
1167,Isak Umilio,1167
1168,Acerina Devos,1168
1169,Murtaza Sanchez,1169
1170,Jamaal Hermano,1170
1171,Yuzhu Duerre,1171
1172,Auguste Coichete,1172
1173,Leixuri Arnes,1173
1174,Verna Munin,1174
1175,Atik Lambas,1175
1176,Eusebia Ziehm,1176
1177,Yusef Pleguezuelos,1177
1178,Giuseppa Detmar,1178
1179,Adal Allam,1179
1180,Meiying Lamothe,1180
1181,Cleo Zimmerling,1181
1182,Demelza Mathebel,1182
1183,Krista Backhove,1183
1184,Salvatore Holzkamp,1184
1185,Roselyne Onzain,1185
1186,Lucyna Ateca,1186
1187,Francho Kamin,1187
1188,Whitney Ruhmland,1188
1189,Razan Garibai,1189
1190,Viera Thornton,1190
1191,Marianela Kerksiek,1191
1192,Aurentina Rastoll,1192
1193,Finn Wittpfenning,1193
1194,Yassir Bodagola,1194
1195,Cala Soosten,1195
1196,Gene Gaganov,1196
1197,Blai Kohrssen,1197
1198,Nourdin Hunke,1198
1199,Arsela Arola,1199
1200,Zeinab Aldave,1200
1201,Sellamia Santander,1201
1202,Pop Schillinger,1202
1203,Esmerinda Guerrico,1203
1204,Sherrie Rengel,1204
1205,Carli Puscher,1205
1206,Val Maughan,1206
1207,Balduino Schaferjohann,1207
1208,Alia Ruthenschror,1208
1209,Felisa Mates,1209
1210,Mariely Erer,1210
1211,Quico Friedhoff,1211
1212,Nickole Episcopo,1212
1213,Yaromir Cidade,1213
1214,Abdenabi Kesting,1214
1215,Junior Eigin,1215
1216,Nosakhare Maroco,1216
1217,Ruth Viñegla,1217
1218,Anjelica Guloo,1218
1219,Aldana Kisua,1219
1220,Greisy Stepansk,1220
1221,Jabran Illarraza,1221
1222,Titiana Lalit,1222
1223,Maodo Corga,1223
1224,Jonay Broitman,1224
1225,Miloud Coopmans,1225
1226,Reni Torrelles,1226
1227,Hadiya Tsigra,1227
1228,Senador Triebmann,1228
1229,Fidentina Porrua,1229
1230,Franklin Mollfulleda,1230
1231,Ramira Mattioli,1231
1232,Daila Castelli,1232
1233,Devorah Karle,1233
1234,Vicky Pankofer,1234
1235,Alcor Debald,1235
1236,Brandan Algorta,1236
1237,Carrol Abdel,1237
1238,Ampar Bronstein,1238
1239,Mannana Arraras,1239
1240,Neida Cachafeiro,1240
1241,Qiaoqiao Vlad,1241
1242,Espectacion Reposo,1242
1243,Lina Gulyga,1243
1244,Constança Carod,1244
1245,Emina Jubete,1245
1246,Buensuceso Baetz,1246
1247,Jinhui Kurka,1247
1248,Eduardas Schonhofer,1248
1249,Odonila Noain,1249
1250,Francia Mertten,1250
1251,Romaissa Ouazzani,1251
1252,Guofu Tucker,1252
1253,Pino Tenenbaum,1253
1254,Eufemia Zonca,1254
1255,Laveta Cotovio,1255
1256,Zlatan De,1256
1257,Aleixandre Russinho,1257
1258,Mazie Windpfennig,1258
1259,Xiuhua Wynants,1259
1260,Zlata Ostkirchen,1260
1261,Joann Iñarrea,1261
1262,Peng Agranovsky,1262
1263,Cuiying Malhotra,1263
1264,Milene Offen,1264
1265,Emelda Cuelliga,1265
1266,Nazrul Serna,1266
1267,Delio Azpillaga,1267
1268,Edite Thibol,1268
1269,Fletcher ,1269
1270,Hussam Torchio,1270
1271,Vilius Pazhukov,1271
1272,Xueli Laino,1272
1273,Elouise Rafael,1273
1274,Branko Dickmanns,1274
1275,Bettye Dimitrova,1275
1276,Pauletta Laurer,1276
1277,Avril Elkoro-Berezeibar,1277
1278,Bousselham Boockmann,1278
1279,Rosario Paublita,1279
1280,Lali Kohnle,1280
1281,Jared Margenat,1281
1282,Argelia Kohl,1282
1283,Jingjing Correira,1283
1284,Azdine Bockmuhl,1284
1285,Ederlinda Halafta,1285
1286,Lamkadem Ekelchik,1286
1287,Izam Pytalev,1287
1288,Jafar Shamgulov,1288
1289,Vikki Fairlie,1289
1290,Guenther Oberemm,1290
1291,Romeo Tambor,1291
1292,Penka Dieck,1292
1293,Perpetuo Ullrich,1293
1294,Dulcelina Teigelmeister,1294
1295,Giulio Meierdiercks,1295
1296,Zamfir Sniders,1296
1297,Angelito Tepper,1297
1298,Aitz Aperregui,1298
1299,Yuki Buffet,1299
1300,Esmeralda Cirugeda,1300
1301,Minna Toron,1301
1302,Hua Viveros,1302
1303,Marines Gabet,1303
1304,Joselina Arasetegui,1304
1305,Reinelda De,1305
1306,Guruzne Fructuoso,1306
1307,Sua Psiod,1307
1308,Candi Hil,1308
1309,Beate Brinker,1309
1310,Angelino Façoo,1310
1311,Margeret Nandedkar,1311
1312,Jakob Begue,1312
1313,Nimra Vooth,1313
1314,Xiaohai Azcarate,1314
1315,Janee Charge,1315
1316,Shakeel Harabornikov,1316
1317,Louisa Najar,1317
1318,Younesse Goddertz,1318
1319,Fiorela Turkul,1319
1320,Xena Ventura,1320
1321,Bozhidar Trauernicht,1321
1322,Audra Timkachev,1322
1323,Phung Cana,1323
1324,Xiaochun Kaster,1324
1325,Mamuka Luci,1325
1326,Severin Amoreder,1326
1327,Chauncey Guergen,1327
1328,Louanne Minuhin,1328
1329,Tosha Weinhardt,1329
1330,Souliman Crende,1330
1331,Abdeladim Gordusenko,1331
1332,Haifeng Danel,1332
1333,Dimitriy Francis,1333
1334,Hodei Duchel,1334
1335,Suelen Sook,1335
1336,Ariñe Esquiroz,1336
1337,Kamilah Venjacob,1337
1338,Borjas Sandadiano,1338
1339,Fozia Dañabeitia,1339
1340,Terence Calandria,1340
1341,Zacarias Lopez,1341
1342,Smail Porter,1342
1343,Tyree Labearri,1343
1344,Calvin Azlor,1344
1345,Lauro Reinisch,1345
1346,Daymi Borrajo,1346
1347,Rossend Urbinati,1347
1348,Wilhelm Fram,1348
1349,Aderita Chira,1349
1350,Aynoa Isak,1350
1351,Reinel Sobredo,1351
1352,Taren Socias,1352
1353,Reginia Salla,1353
1354,Majd Hilper,1354
1355,Troy Eihenvald,1355
1356,Ene Bestemyanov,1356
1357,Madelene Tushaus,1357
1358,Andriy Robbers,1358
1359,Dailos Etxaniz,1359
1360,Yanitsa Odendahl,1360
1361,Isicio Meinhold,1361
1362,Lesly Zabala,1362
1363,Aysel Dione,1363
1364,Guiying Rannou,1364
1365,Giorgio Friedlein,1365
1366,Haie Axmacher,1366
1367,Latricia Neibert,1367
1368,Jarrett Zuckermantel,1368
1369,Fadila Petrut,1369
1370,Serguei Arago,1370
1371,Glynis Rahlevsky,1371
1372,Jesica Amrehn,1372
1373,Damaris Queda,1373
1374,Metin Freundorfer,1374
1375,Seikou Tihomirnov,1375
1376,Narek Egorkin,1376
1377,Kyong Javier,1377
1378,Elias Kabalin,1378
1379,Iranzu Vogtle,1379
1380,Thiago Clemen,1380
1381,Camellia Fermosell,1381
1382,Sofiya Urda,1382
1383,Radmila Etxarri,1383
1384,Casto De,1384
1385,Chunsheng Abenza,1385
1386,Andries Beines,1386
1387,Gian Kushner,1387
1388,Reda Picado,1388
1389,Dierdre Tilling,1389
1390,Allah Sire,1390
1391,Lur Vignaud,1391
1392,Haibo Tschumi,1392
1393,Bree Kleenex,1393
1394,Ishac Bullmann,1394
1395,Bouchara Iraurgui,1395
1396,Estelvina Krochmal,1396
1397,Urs Friesleben,1397
1398,Iffat Grausam,1398
1399,Ruta Follana,1399
1400,So Dissmann,1400
1401,Risa Souare,1401
1402,Everardo Cardero,1402
1403,Simina Gruhnert,1403
1404,Frusina El,1404
1405,Paulica Holguera,1405
1406,Italiano Todd,1406
1407,Jayna Ruschoff,1407
1408,Nadzeya Planella,1408
1409,Hatim Elkenhans,1409
1410,Miloudi Porokhov,1410
1411,Soria Padalkin,1411
1412,Devona Herbrich,1412
1413,Lindomar Agulla,1413
1414,Segunda Zuloeta,1414
1415,Joselin Torremenchaca,1415
1416,Nacho Chereches,1416
1417,Danielly Lohschmidt,1417
1418,Viktors Irramendi,1418
1419,Iara Cinque,1419
1420,Vittoria Handschell,1420
1421,Johnette Laraudo,1421
1422,Froilana Lencero,1422
1423,Walton Muhlhausser,1423
1424,Dace Verdieck,1424
1425,Piotr Fernandez,1425
1426,Sonsoles El,1426
1427,Jone Petralanda,1427
1428,Abdala Gattini,1428
1429,Yubin Alterman,1429
1430,Cyndy Burgada,1430
1431,Adilson Ursoleo,1431
1432,Yassa Baluta,1432
1433,Breda Peniza,1433
1434,Tacoremi Rothenbucher,1434
1435,Yuanyuan Toll,1435
1436,Balraj Benziane,1436
1437,Minda Sikora,1437
1438,Stephane Bargues,1438
1439,Jiachen Dittjen,1439
1440,Daiana El,1440
1441,Diva Djanashiya,1441
1442,Celedonia Jacquet,1442
1443,Levi De,1443
1444,Sabina Barañano,1444
1445,Elisangela Pariente,1445
1446,Ciriaca Greeve,1446
1447,Meryem Evin,1447
1448,Lahat Tourna,1448
1449,Shanta Brincano,1449
1450,Titi Zherihin,1450
1451,Terina Bethin,1451
1452,Krassimir Kiner,1452
1453,Zully Buchol,1453
1454,Xuejiao Borodaty,1454
1455,Valya Draegert,1455
1456,Ernestas Rabak,1456
1457,Rosmari Dittebrand,1457
1458,Dairen Anderleit,1458
1459,Thalita Zhigultsov,1459
1460,Manal Celador,1460
1461,Sinesio Jonhson,1461
1462,Kanza Sarrablo,1462
1463,Chassidy Vandana,1463
1464,Antxoka Lacey,1464
1465,Kirsty Holmes,1465
1466,Kimbery Kleimann,1466
1467,Abigail Aucacama,1467
1468,Carlton Diessner,1468
1469,Anicia Iannone,1469
1470,Nayib Zamarra,1470
1471,Yongli Malvar,1471
1472,Shakuntala Ibaeta,1472
1473,Minghui Personal,1473
1474,Fernandina Overschmidt,1474
1475,Ozell Husgen,1475
1476,Albarina Tannenbaum,1476
1477,Cornelia Benini,1477
1478,Ansar Abarca,1478
1479,Elisha Cintero,1479
1480,Fei Merle,1480
1481,Lasandra Cros,1481
1482,Edil Gultyaev,1482
1483,Yailen Oehlrich,1483
1484,Venera Schnitzlein,1484
1485,Shalini Pangerl,1485
1486,Yaima Tybus,1486
1487,Marinete Hanschmann,1487
1488,Cintya Mestanza,1488
1489,Lyla Huprich,1489
1490,Mokhtaria Burgaz,1490
1491,Nelutu Ayelet,1491
1492,Servulo Thien,1492
1493,Caterina Bookjans,1493
1494,Guiu Kuliš,1494
1495,Menana Borchmann,1495
1496,Abderrazzak Leizaeta,1496
1497,Taher Justiz,1497
1498,Vitorina Arizpurueta,1498
1499,Katelynn Gochi,1499
1500,Lori Wilmet,1500
1501,Gizane Sancibrian,1501
1502,Enguia Schut,1502
1503,Illart Elanin,1503
1504,Efe Achselrad,1504
1505,Jacque Britez,1505
1506,Yanko Pinkernelle,1506
1507,Habibou Farge,1507
1508,Gori Labena,1508
1509,Shanda Debe,1509
1510,Fouziya Fledderjohann,1510
1511,Lupita Oules,1511
1512,Edie Chornet,1512
1513,Ramin Zherebyatiev,1513
1514,Luann Arquer,1514
1515,Haron Haubold,1515
1516,Ainet Cladera,1516
1517,Jianrong Sauterleute,1517
1518,Gheorghe Mihailidi,1518
1519,Eufracia Blumle,1519
1520,Orfilia Gierlichs,1520
1521,Ari Berezin,1521
1522,Andreas Effenberger,1522
1523,Enna Hboissydanglas@Aol.Com,1523
1524,Azedine Tchalykh,1524
1525,Yeison Grases,1525
1526,Anahis Barrionuevo,1526
1527,Luiz Usieto,1527
1528,Pietro Fernandez,1528
1529,Tinisha Furhaupter,1529
1530,Maryana Alquezar,1530
1531,Josue Kruss,1531
1532,Valeriu Holodkov,1532
1533,Yaser Nasyrov,1533
1534,Rosina Porfirio,1534
1535,Leandro ,1535
1536,Maryrose Promod,1536
1537,Mayumi Laraudogoitia,1537
1538,Tasneem Gifreu,1538
1539,Chenxi Ayoub,1539
1540,Alenka Dierke,1540
1541,Amadu Cretu,1541
1542,Iulica Jovine,1542
1543,Simohamed Walbrunn,1543
1544,Annmarie Moelder,1544
1545,Aliona Purkart,1545
1546,Bosco Barbeito,1546
1547,Julieann Hoefer,1547
1548,Kalinka Cazenave,1548
1549,Merce Bergasa,1549
1550,Stanca Schacke,1550
1551,Teo Raposo,1551
1552,Madina Salmoral,1552
1553,Bryce Ardevol,1553
1554,Moriah Lapman,1554
1555,Charlesetta Caniça,1555
1556,Tamaanant Pankoke,1556
1557,Shaila Esimontovsky,1557
1558,Boulus Dutk,1558
1559,Corey Ilhan,1559
1560,Moloud Urbano,1560
