1,Lezhë,Albania
2,Vlorë,Albania
3,Laçi,Albania
4,Durrës,Albania
5,Tirana,Albania
6,Korçë,Albania
7,TiziOuzu,Algeria
8,Oran,Algeria
9,ElEulma,Algeria
10,Béjaïa,Algeria
11,Chlef,Algeria
12,Algiers,Algeria
13,Relizane,Algeria
14,KilambaKiaxi,Angola
15,Lubango,Angola
16,Benguela,Angola
17,Cabinda,Angola
18,SantaFe,Argentina
19,Rosario,Argentina
20,BuenosAires,Argentina
21,LaPlata,Argentina
22,Sarandí,Argentina
23,BuenosAires,Argentina
24,Avellaneda,Argentina
25,Mendoza,Argentina
26,Rosario,Argentina
27,Cordoba,Argentina
28,Lanús,Argentina
29,Avellaneda,Argentina
30,BuenosAires,Argentina
31,VillaMercedes,Argentina
32,BuenosAires,Argentina
33,Yerevan,Armenia
34,Melbourne,Australia
35,Paddington,Australia
36,Sydney,Australia
37,Gosford,Australia
38,Robina,Australia
39,Hindmarsh,Australia
40,Canberra,Australia
41,Newcastle,Australia
42,Melbourne,Australia
43,Perth,Australia
44,Sydney,Australia
45,Perth,Australia
46,Brisbane,Australia
47,Vienna,Austria
48,Altach,Austria
49,Bregenz,Austria
50,Vienna,Austria
51,Ried,Austria
52,Kapfenberg,Austria
53,Mattersburg,Austria
54,Vienna,Austria
55,Wattens,Austria
56,Vienna,Austria
57,Wolfsberg,Austria
58,Linz,Austria
59,Graz,Austria
60,Salzburg,Austria
61,SanktPölten,Austria
62,Mattersburg,Austria
63,Salzburg,Austria
64,Ritzing,Austria
65,HallinTirol,Austria
66,Leoben,Austria
67,Melk,Austria
68,Innsbruck,Austria
69,Pasching,Austria
70,KlagenfurtamWörthersee,Austria
71,Baku,Azerbaijan
72,Imishli,Azerbaijan
73,Baku,Azerbaijan
74,Dhaka,Bangladesh
75,Borisov,Belarus
76,Grodno,Belarus
77,Brest,Belarus
78,Minsk,Belarus
79,Borisov,Belarus
80,Zhodino,Belarus
81,Minsk,Belarus
82,Mechelen,Belgium
83,Ostenda,Belgium
84,Antwerp,Belgium
85,Brussels,Belgium
86,Lokeren,Belgium
87,Geel,Belgium
88,Dikmsuide,Belgium
89,Sint-Jans-Molenbeek,Belgium
90,Beveren,Belgium
91,Boom,Belgium
92,Gent,Belgium
93,Koksijde,Belgium
94,Lier,Belgium
95,Brugge,Belgium
96,Eupen,Belgium
97,Leuven,Belgium
98,Brussels,Belgium
99,Antwerp,Belgium
100,Genk,Belgium
101,Antwerp,Belgium
102,Aalst,Belgium
103,Waregem,Belgium
104,Roeselare,Belgium
105,Sint-Truiden,Belgium
106,Mons,Belgium
107,Charleroi,Belgium
108,Liège,Belgium
109,Charleroi,Belgium
110,LaLouvière,Belgium
111,Mouscron,Belgium
112,Boussu,Belgium
113,Westerlo,Belgium
114,LaPaz,Bolivia
115,SantaCruz,Bolivia
116,SantaCruzdelaSierra,Bolivia
117,Sarajevo,Bosnia-Herzegovina
118,Gradačac,Bosnia-Herzegovina
119,Zenica,Bosnia-Herzegovina
120,BanjaLuka,Bosnia-Herzegovina
121,Ugljevik,Bosnia-Herzegovina
122,Orašje,Bosnia-Herzegovina
123,Sarajevo,Bosnia-Herzegovina
124,Bihać,Bosnia-Herzegovina
125,Posušje,Bosnia-Herzegovina
126,Mostar,Bosnia-Herzegovina
127,Gaborone,Botswana
128,SãoPaulo,Brazil
129,Barueri,Brazil
130,Chapecó,Brazil
131,SãoPaulo,Brazil
132,Manaus,Brazil
133,Cúritiba,Brazil
134,Natal,Brazil
135,PôrtoAlegre,Brazil
136,Cuiabá,Brazil
137,SãoCaetanodoSul,Brazil
138,PôrtoAlegre,Brazil
139,Pelotas,Brazil
140,Campinas,Brazil
141,Niterói,Brazil
142,Fortaleza,Brazil
143,Cúritiba,Brazil
144,SalvadordaBahia,Brazil
145,Recife,Brazil
146,SãoPaulo,Brazil
147,Recife,Brazil
148,SeteLagoas,Brazil
149,Cariacica,Brazil
150,Belém,Brazil
151,SalvadordaBahia,Brazil
152,BeloHorizonte,Brazil
153,Campinas,Brazil
154,Brasilia,Brazil
155,RiodeJaneiro,Brazil
156,PôrtoAlegre,Brazil
157,Fortaleza,Brazil
158,VoltaRedonda,Brazil
159,RiodeJaneiro,Brazil
160,Goiânia,Brazil
161,Santos,Brazil
162,Macapá,Brazil
163,BeloHorizonte,Brazil
164,SalvadordaBahia,Brazil
165,SãoLourençodaMata,Brazil
166,RiodeJaneiro,Brazil
167,BandarSeriBegawan,Brunei
168,Razgrad,Bulgaria
169,Sofia,Bulgaria
170,Burgas,Bulgaria
171,Sofia,Bulgaria
172,Dupnitsa,Bulgaria
173,Sofia,Bulgaria
174,Plovdiv,Bulgaria
175,Blagoevgrad,Bulgaria
176,Burgas,Bulgaria
177,Plovdiv,Bulgaria
178,Sofia,Bulgaria
179,Lovech,Bulgaria
180,Plovdiv,Bulgaria
181,Sofia,Bulgaria
182,Varna,Bulgaria
183,Sofia,Bulgaria
184,Ouagadougou,BurkinaFaso
185,Yangon,Burma
186,Mandalay,Burma
187,Yangon,Burma
188,Bujumbura,Burundi
189,Thimphu,Butan
190,PhnomPenh,Cambodia
191,Bafoussam,Cameroon
192,Vancouver,Canada
193,Toronto,Canada
194,Edmonton,Canada
195,Winnipeg,Canada
196,Toronto,Canada
197,Calgary,Canada
198,Regina,Canada
199,Montreal,Canada
200,Toronto,Canada
201,Montreal,Canada
202,Regina,Canada
203,Ottawa,Canada
204,Hamilton,Canada
205,LaFlorida,Chile
206,Talcahuano,Chile
207,Arica,Chile
208,Rancagua,Chile
209,Valparaiso,Chile
210,Coquimbo,Chile
211,Temuco,Chile
212,Santiago,Chile
213,Curicó,Chile
214,LaSerena,Chile
215,Quillota,Chile
216,Copiapó,Chile
217,Santiago,Chile
218,Concepción,Chile
219,Santiago,Chile
220,Chillán,Chile
221,Pelluhue,Chile
222,Antofagasta,Chile
223,PuertoMontt,Chile
224,Santiago,Chile
225,ViñadelMar,Chile
226,Calama,Chile
227,Shenzhen,China
228,Beijing,China
229,Foshan,China
230,Dalian,China
231,Daqing,China
232,Guangzhou,China
233,Nanning,China
234,Fuzhou,China
235,Hefei,China
236,Yinchuan,China
237,Hohhot,China
238,Shanghai,China
239,Guangzhou,China
240,Huizhou,China
241,Jiangyin,China
242,Jinan,China
243,Lhasa,China
244,Shenzhen,China
245,Macau,China
246,Nanchang,China
247,Nanjing,China
248,Nantong,China
249,Ordos,China
250,Dalian,China
251,Qinhuangdao,China
252,Panjin,China
253,Jinan,China
254,Shanghai,China
255,Taiyuan,China
256,Shaoxing,China
257,Shenyang,China
258,Shenzhen,China
259,Suining,China
260,Tianjin,China
261,Guangzhou,China
262,Tianjin,China
263,Tongling,China
264,Beijing,China
265,Wuhan,China
266,Wuzhou,China
267,Yancheng,China
268,Shanghai,China
269,Guangzhou,China
270,Zhanjiang,China
271,Zhenjiang,China
272,Zibo,China
273,Medellín,Colombia
274,Cúcuta,Colombia
275,Pereira,Colombia
276,Cartagena,Colombia
277,Baranquilla,Colombia
278,Bogotá,Colombia
279,Manizales,Colombia
280,Cali,Colombia
281,Brazzaville,Congo
282,Alajuela,CostaRica
283,Puntarenas,CostaRica
284,SanJosé,CostaRica
285,Pula,Croatia
286,Karlovac,Croatia
287,Vinkovci,Croatia
288,Imotski,Croatia
289,Koprivnica,Croatia
290,Osijek,Croatia
291,Rijeka,Croatia
292,Zaprešić,Croatia
293,Velika,Croatia
294,Zagreb,Croatia
295,Rijeka,Croatia
296,Varaždin,Croatia
297,Split,Croatia
298,VelikaGorica,Croatia
299,Rijeka,Croatia
300,Čakovec,Croatia
301,Pula,Croatia
302,Zadar,Croatia
303,Zagreb,Croatia
304,Šibenik,Croatia
305,Žrnovnica,Croatia
306,Larnaca,Cyprus
307,Nicosia,Cyprus
308,Paphos,Cyprus
309,Paralimni,Cyprus
310,Limassol,Cyprus
311,Larnaca,Cyprus
312,Olomouc,CzechRepublic
313,JablonecnadNisou,CzechRepublic
314,Prague,CzechRepublic
315,Pilzno,CzechRepublic
316,Prague,CzechRepublic
317,Zlín,CzechRepublic
318,Pardubice,CzechRepublic
319,Brno,CzechRepublic
320,Karvina,CzechRepublic
321,Liberec,CzechRepublic
322,MladáBoleslav,CzechRepublic
323,Znojmo,CzechRepublic
324,Příbram,CzechRepublic
325,Teplice,CzechRepublic
326,Pardubice,CzechRepublic
327,Olomouc,CzechRepublic
328,Sokolov,CzechRepublic
329,Havirov,CzechRepublic
330,Prague,CzechRepublic
331,Drnovice,CzechRepublic
332,Kladno,CzechRepublic
333,Most,CzechRepublic
334,Prague,CzechRepublic
335,UherskéHradiště,CzechRepublic
336,CzeskieBudziejowice,CzechRepublic
337,Chomutov,CzechRepublic
338,Liberec,CzechRepublic
339,Jihlava,CzechRepublic
340,Prague,CzechRepublic
341,Ostrava,CzechRepublic
342,HradecKrálové,CzechRepublic
343,Aalborg,Denmark
344,Randers,Denmark
345,Esbjerg,Denmark
346,Brøndby,Denmark
347,Horsens,Denmark
348,Århus,Denmark
349,Hobro,Denmark
350,Odense,Denmark
351,Søborg,Denmark
352,Helsingør,Denmark
353,Silkeborg,Denmark
354,Lyngby,Denmark
355,Herning,Denmark
356,Næstved,Denmark
357,Farum,Denmark
358,Slagelse,Denmark
359,Kopenhagen,Denmark
360,Haderslev,Denmark
361,Kopenhagen,Denmark
362,Guayaquil,Ecuador
363,Quito,Ecuador
364,BorgEl-Arab,Egypt
365,Cairo,Egypt
366,Alexandria,Egypt
367,Cairo,Egypt
368,PortSaid,Egypt
369,Peterborough,England
370,Chaltenham,England
371,Cambridge,England
372,Manchester,England
373,Wycombe,England
374,Kidderminster,England
375,Birmingham,England
376,Crewe,England
377,Brighton&Hove,England
378,Liverpool,England
379,Bristol,England
380,Walsall,England
381,Stoke-on-Trent,England
382,Blackpool,England
383,Grimsby,England
384,London,England
385,Oldham,England
386,Sheffield,England
387,Bristol,England
388,Manchester,England
389,Carlisle,England
390,Norwich,England
391,Crawley,England
392,Nottingham,England
393,Colchester,England
394,Swindon,England
395,London,England
396,Darlington,England
397,Matlock,England
398,Preston,England
399,Wigan,England
400,Leeds,England
401,London,England
402,Manchester,England
403,Hyde,England
404,Blackburn,England
405,Portsmouth,England
406,Bury,England
407,Scunthorpe,England
408,Morecambe,England
409,Liverpool,England
410,London,England
411,Fleetwood,England
412,Sheffield,England
413,Plymouth,England
414,Yeovil,England
415,Huddersfield,England
416,Oxford,England
417,Hull,England
418,Doncaster,England
419,Luton,England
420,Leicester,England
421,London,England
422,Bolton,England
423,Reading,England
424,London,England
425,Nottingham,England
426,Southport,England
427,MedlarwithWesham,England
428,Wolverhampton,England
429,Shrewsbury,England
430,Salford,England
431,Macclesfield,England
432,Rotherham,England
433,Barnsley,England
434,Manchester,England
435,Mansfield,England
436,Northfleet,England
437,BurtonuponTrent,England
438,Torquay,England
439,Ipswich,England
440,Birkenhead,England
441,Derby,England
442,Gillingham,England
443,Dartford,England
444,Chesterfield,England
445,Coventry,England
446,Middlesbrough,England
447,Southend-on-Sea,England
448,Sheffield,England
449,London,England
450,Lincoln,England
451,Grantham,England
452,Rochdale,England
453,Exeter,England
454,Birmingham,England
455,Newcastle,England
456,Southampton,England
457,MiltonKeynes,England
458,Sunderland,England
459,London,England
460,Chester,England
461,Ashton-under-Lyne,England
462,London,England
463,Lewes,England
464,WestBromwich,England
465,London,England
466,Nailsworth,England
467,Northampton,England
468,London,England
469,StHelens,England
470,Burnley,England
471,London,England
472,Barnet,England
473,Stoke-on-Trent,England
474,Bradford,England
475,Watford,England
476,Hartlepool,England
477,London,England
478,Birmingham,England
479,Bournemouth,England
480,London,England
481,Accrington,England
482,London,England
483,Bata,EquatorialGuinea
484,Malabo,EquatorialGuinea
485,Asmara,Eritrea
486,Tallinn,Estonia
487,Valga,Estonia
488,Eiði,FaroeIslands
489,Fuglafjørður,FaroeIslands
490,Tórshavn,FaroeIslands
491,Toftir,FaroeIslands
492,Skala,FaroeIslands
493,Argir,FaroeIslands
494,Toftir,FaroeIslands
495,Tórshavn,FaroeIslands
496,Klaksvík,FaroeIslands
497,Lahti,Finland
498,Vantaa,Finland
499,Helsinki,Finland
500,Tampere,Finland
501,Helsinki,Finland
502,Turku,Finland
503,Nice,France
504,Lyon,France
505,Bordeaux,France
506,Lyon,France
507,LeMans,France
508,Marseille,France
509,Paris,France
510,Annecy,France
511,Rennes,France
512,Furiani,France
513,Montbéliard,France
514,Reims,France
515,Saint-Ouen,France
516,Lens,France
517,Bordeaux,France
518,Amiens,France
519,Saint-Denis,France
520,Schiltigheim,France
521,Auxerre,France
522,Troyes,France
523,Calais,France
524,Mulhouse,France
525,Nantes,France
526,Boulogne-sur-Mer,France
527,Béziers,France
528,Strasburg,France
529,Montpellier,France
530,Guingamp,France
531,Grenoble,France
532,Nîmes,France
533,Valenciennes,France
534,Lorient,France
535,Nice,France
536,Laval,France
537,Brest,France
538,Ajaccio,France
539,Clermont-Ferrand,France
540,Dijon,France
541,Saint-Étienne,France
542,Paris,France
543,LeHavre,France
544,LeMans,France
545,Lille,France
546,Sedan,France
547,Monaco,France
548,Nancy,France
549,Nantes,France
550,Dunkerque,France
551,Caen,France
552,Valenciennes,France
553,LeHavre,France
554,Cannes,France
555,Lille,France
556,Niort,France
557,Metz,France
558,Saint-Avold,France
559,Paris,France
560,Montpellier,France
561,Toulouse,France
562,Grande-Synthe,France
563,Paris,France
564,Oyem,Gabon
565,Franceville,Gabon
566,Libreville,Gabon
567,Port-Gentil,Gabon
568,Bakau,Gambia
569,Tbilisi,Georgia
570,Kutaisi,Georgia
571,Chiatura,Georgia
572,Leipzig,Germany
573,Munich,Germany
574,Berlin,Germany
575,Ingolstadt,Germany
576,Kassel,Germany
577,Leverkusen,Germany
578,Paderborn,Germany
579,Moenchengladbach,Germany
580,Wiesbaden,Germany
581,Moguncja,Germany
582,Mannhiem,Germany
583,FrankfurtnadMenem,Germany
584,Regensburg,Germany
585,Sinsheim,Germany
586,Rostock,Germany
587,Ulm,Germany
588,Braunschweig,Germany
589,Neunkirchen,Germany
590,Halle,Germany
591,Jena,Germany
592,Aue,Germany
593,Würzburg,Germany
594,Heilbronn,Germany
595,FrankfurtnadMenem,Germany
596,Cologne,Germany
597,Hildesheim,Germany
598,Berlin,Germany
599,Kaiserslautern,Germany
600,Stuttgart,Germany
601,Moenchengladbach,Germany
602,Krefeld,Germany
603,Munich,Germany
604,Bayreuth,Germany
605,Sandhausen,Germany
606,Hanover,Germany
607,Paderborn,Germany
608,Kiel,Germany
609,Göttingen,Germany
610,Regensburg,Germany
611,Siegen,Germany
612,Lübeck,Germany
613,Bochum,Germany
614,Herford,Germany
615,Saarbrücken,Germany
616,Nuremberg,Germany
617,Magdeburg,Germany
618,Aspach,Germany
619,Stuttgart,Germany
620,Darmstadt,Germany
621,Düsseldorf,Germany
622,Hamburg,Germany
623,Berlin,Germany
624,Munich,Germany
625,Moguncja,Germany
626,Osnabrück,Germany
627,Aalen,Germany
628,Münster,Germany
629,Leipzig,Germany
630,Mannhiem,Germany
631,Cologne,Germany
632,Augsburg,Germany
633,Moenchengladbach,Germany
634,Dresden,Germany
635,Duisburg,Germany
636,Crailsheim,Germany
637,Bielefeld,Germany
638,Freiburg,Germany
639,Mannhiem,Germany
640,Dortmund,Germany
641,OffenbachamMain,Germany
642,Cologne,Germany
643,Fürth,Germany
644,Wuppertal,Germany
645,Chemnitz,Germany
646,Chociebuż,Germany
647,Essen,Germany
648,Oberhausen,Germany
649,Koblenz,Germany
650,Dortmund,Germany
651,Zwickau,Germany
652,Erfurt,Germany
653,Cologne,Germany
654,Aachen,Germany
655,Rheda-Wiedenbrück,Germany
656,Gelsenkirchen,Germany
657,Wolfsburg,Germany
658,Heidenheim,Germany
659,Hamburg,Germany
660,Wolfsburg,Germany
661,Bochum,Germany
662,Homburg,Germany
663,Weismain,Germany
664,Siegburg,Germany
665,Bremen,Germany
666,Karlsruhe,Germany
667,Schweinfurt,Germany
668,Sinsheim,Germany
669,Augsburg,Germany
670,Accra,Ghana
671,Tamale,Ghana
672,Kumasi,Ghana
673,CapeCoast,Ghana
674,Sekondi-Takoradi,Ghana
675,Gibraltar,Gibraltar
676,Larissa,Greece
677,Véroia,Greece
678,Trípoli,Greece
679,Níkaia,Greece
680,Iraklio,Greece
681,Peiraiefs,Greece
682,Petras,Greece
683,Vólos,Greece
684,Larissa,Greece
685,Athens,Greece
686,Fyli,Greece
687,Athens,Greece
688,Thessaloniki,Greece
689,Kalamariá,Greece
690,Kavala,Greece
691,Korfu,Greece
692,Thessaloniki,Greece
693,Komotini,Greece
694,Livadéia,Greece
695,Athens,Greece
696,Iraklio,Greece
697,Peristeri,Greece
698,Serres,Greece
699,Pigádhia,Greece
700,Athens,Greece
701,Aíyaleo,Greece
702,Thessaloniki,Greece
703,Vólos,Greece
704,Nuuk,Greenland
705,Tasiilaq,Greenland
706,Mazatenango,Guatemala
707,GuatemalaCity,Guatemala
708,Quetzaltenango,Guatemala
709,GuatemalaCity,Guatemala
710,Petapa,Guatemala
711,Antigua,Guatemala
712,Comayagua,Honduras
713,SanPedroSula,Honduras
714,LaCeiba,Honduras
715,SanPedroSula,Honduras
716,Tegucigalpa,Honduras
717,HongKong,HongKong
718,Budapest,Hungary
719,Dunaújváros,Hungary
720,Győr,Hungary
721,Budapest,Hungary
722,Szombathely,Hungary
723,Budapest,Hungary
724,Sopron,Hungary
725,Vác,Hungary
726,Debrecen,Hungary
727,Felcsút,Hungary
728,Budapest,Hungary
729,Debrecen,Hungary
730,Budapest,Hungary
731,Százhalombatta,Hungary
732,Zalaegerszeg,Hungary
733,Reykjavík,Iceland
734,Heimaey,Iceland
735,Reykjavík,Iceland
736,Hafnarfjordur,Iceland
737,Kópavogur,Iceland
738,Reykjavík,Iceland
739,Akranes,Iceland
740,Garðabær,Iceland
741,Reykjavík,Iceland
742,Bangalore,India
743,Mumbai,India
744,Palakkad,India
745,NewDelhi,India
746,Kochi,India
747,Kozhikode,India
748,Coimbatore,India
749,Ahmedabad,India
750,Kolkata,India
751,Jakarta,Indonesia
752,Surabaya,Indonesia
753,Tenggarong,Indonesia
754,TelukKuantan,Indonesia
755,Banyuwangi,Indonesia
756,Gianyar,Indonesia
757,Malang,Indonesia
758,Palembang,Indonesia
759,Malang,Indonesia
760,Cibinong,Indonesia
761,samarinda,Indonesia
762,Bandung,Indonesia
763,samarinda,Indonesia
764,Pekanbaru,Indonesia
765,Tehran,Iran
766,Mashhad,Iran
767,Tabriz,Iran
768,Basrah,Iraq
769,Erbil,Iraq
770,Karbala,Iraq
771,Dublin,Ireland
772,Longford,Ireland
773,Tallaght,Ireland
774,Sligo,Ireland
775,Limerick,Ireland
776,Dublin,Ireland
777,Cork,Ireland
778,TelAwiw-Jafa,Israel
779,PetahTikwa,Israel
780,Ilut,Israel
781,Herzliya,Israel
782,Netanya,Israel
783,TelAwiw-Jafa,Israel
784,Haifa,Israel
785,Jerusalem,Israel
786,Nazareth,Israel
787,Beersheba,Israel
788,Ashdod,Israel
789,Turin,Italy
790,Piza,Italy
791,Udine,Italy
792,ReggioEmilia,Italy
793,Cagliari,Italy
794,Modena,Italy
795,Chioggia,Italy
796,Catania,Italy
797,Salerno,Italy
798,Livorno,Italy
799,Florence,Italy
800,Siena,Italy
801,Bergamo,Italy
802,Frosinone,Italy
803,Monza,Italy
804,Empoli,Italy
805,AscoliPiceno,Italy
806,Turin,Italy
807,Frosinone,Italy
808,Mantua,Italy
809,Cesena,Italy
810,Parma,Italy
811,Taranto,Italy
812,Padova,Italy
813,Turin,Italy
814,Varese,Italy
815,Como,Italy
816,Terni,Italy
817,Genoa,Italy
818,Verona,Italy
819,Brescia,Italy
820,Triest,Italy
821,Rome,Italy
822,ReggioCalabria,Italy
823,Ferrara,Italy
824,Avellino,Italy
825,Cittadella,Italy
826,Venice,Italy
827,Foggia,Italy
828,Trapani,Italy
829,Fano,Italy
830,Perugia,Italy
831,Bologna,Italy
832,Palermo,Italy
833,Messina,Italy
834,Bari,Italy
835,Neapol,Italy
836,Milan,Italy
837,Cagliari,Italy
838,Novara,Italy
839,Vercelli,Italy
840,Lecce,Italy
841,Abidjan,IvoryCoast
842,Chofu(Tokyo),Japan
843,Sapporo,Japan
844,Osaka,Japan
845,Tosu,Japan
846,Hiroshima,Japan
847,Hakodate,Japan
848,Okayama,Japan
849,Fukuroi,Japan
850,Ichihara,Japan
851,Kashiwa,Japan
852,Ichihara,Japan
853,Kashima,Japan
854,Kashiwa,Japan
855,Osaka,Japan
856,SetagayaWard,Japan
857,Kumagaya,Japan
858,Fukuoka,Japan
859,Machida,Japan
860,Marugame,Japan
861,Matsumoto,Japan
862,Kitakyushu,Japan
863,Nagano,Japan
864,Rifu,Japan
865,Gifu,Japan
866,Isahaya,Japan
867,Tendō,Japan
868,Yokohama,Japan
869,Niigata,Japan
870,Matsuyama,Japan
871,Kyoto,Japan
872,Yokohama,Japan
873,Kobe,Japan
874,Oita,Japan
875,Saitama,Japan
876,Shimizu-Miho,Japan
877,Urawa,Japan
878,Sapporo,Japan
879,Gunma,Japan
880,Hiratsuka,Japan
881,Sendai,Japan
882,Suita,Japan
883,Utsunomiya,Japan
884,Kawasaki,Japan
885,Toyama,Japan
886,Toyota,Japan
887,Kumamoto,Japan
888,Kobe,Japan
889,Urawa,Japan
890,Iwata,Japan
891,Osaka,Japan
892,Amman,Jordan
893,Zarqa,Jordan
894,Astana,Kazakhstan
895,Almaty,Kazakhstan
896,Shymkent,Kazakhstan
897,Astana,Kazakhstan
898,Taldykorgan,Kazakhstan
899,Nakuru,Kenya
900,Nairobi,Kenya
901,Al-Ardiya,Kuwait
902,Jahra,Kuwait
903,Salmiya,Kuwait
904,Vientiane,Laos
905,Daugavpils,Latvia
906,Riga,Latvia
907,Liepāja,Latvia
908,Riga,Latvia
909,Liepāja,Latvia
910,Riga,Latvia
911,Ventspils,Latvia
912,Jelgava,Latvia
913,Beirut,Lebanon
914,Sidon,Lebanon
915,Maseru,Lesotho
916,Panevėžys,Lithuania
917,Vilnius,Lithuania
918,Pakruojis,Lithuania
919,Kaunas,Lithuania
920,Šiauliai,Lithuania
921,Marijampolė,Lithuania
922,Hesperange,Luxemburg
923,Luxembourg,Luxemburg
924,Differdange,Luxemburg
925,Esch-sur-Alzette,Luxemburg
926,Dudelange,Luxemburg
927,Luxembourg,Luxemburg
928,Rumelange,Luxemburg
929,Differdange,Luxemburg
930,Grevenmacher,Luxemburg
931,Bitola,Macedonia
932,Skopje,Macedonia
933,Prilep,Macedonia
934,Struga,Macedonia
935,Kičevo,Macedonia
936,Tetovo,Macedonia
937,Skopje,Macedonia
938,Lilongwe,Malawi
939,BukitJalil,Malaysia
940,Kuantan,Malaysia
941,PasirGudang,Malaysia
942,JohorBahru,Malaysia
943,KotaKinabalu,Malaysia
944,Selayang,Malaysia
945,PetalingJaya,Malaysia
946,ShahAlam,Malaysia
947,Bamako,Mali
948,Ta’Qali,Malta
949,Paola,Malta
950,Ta’Qali,Malta
951,Ħamrun,Malta
952,Guadalajara,Mexico
953,Zacatepec,Mexico
954,Zapopan,Mexico
955,Toluca,Mexico
956,SanLuísPotosí,Mexico
957,Cancún,Mexico
958,MexicoCity,Mexico
959,Netzahualcóyotl,Mexico
960,Culiacán,Mexico
961,Guadeloupe,Mexico
962,Aquascalientes,Mexico
963,Tijuana,Mexico
964,Puebla,Mexico
965,Guadalajara,Mexico
966,LaPiedad,Mexico
967,Querétaro,Mexico
968,León,Mexico
969,BocadelRio,Mexico
970,CiudadVictoria,Mexico
971,Pachuca,Mexico
972,Morelia,Mexico
973,Toluca,Mexico
974,MexicoCity,Mexico
975,Monterrey,Mexico
976,OaxacadeJuárez,Mexico
977,Torreon,Mexico
978,SanNicolásdelosGarza,Mexico
979,Puebla,Mexico
980,TuxtlaGutiérrez,Mexico
981,Aquascalientes,Mexico
982,Tiraspol,Moldova
983,Kishinev,Moldova
984,Tiraspol,Moldova
985,Kishinev,Moldova
986,Podgorica,Montenegro
987,Fes,Morocco
988,Agadir,Morocco
989,Mohammedia,Morocco
990,Oujda,Morocco
991,Meknes,Morocco
992,Rabat,Morocco
993,Marrakech,Morocco
994,Tangier,Morocco
995,Khemisset,Morocco
996,Khouribga,Morocco
997,ElJadida,Morocco
998,Safi,Morocco
999,Fes,Morocco
1000,AlHoceima,Morocco
1001,Casablanca,Morocco
1002,Rabat,Morocco
1003,Kenitra,Morocco
1004,Tetouan,Morocco
1005,Maputo,Mozambique
1006,Kathmandu,Nepal
1007,Heerenven,Netherlands
1008,Alkmaar,Netherlands
1009,Leeuwarden,Netherlands
1010,Deventer,Netherlands
1011,Maastricht,Netherlands
1012,Enschede,Netherlands
1013,Venlo,Netherlands
1014,Emmen,Netherlands
1015,Oss,Netherlands
1016,Arnhem,Netherlands
1017,Nijmegen,Netherlands
1018,Groningen,Netherlands
1019,Amsterdam,Netherlands
1020,Tilburg,Netherlands
1021,Volendam,Netherlands
1022,Hague,Netherlands
1023,Helmond,Netherlands
1024,Zwolle,Netherlands
1025,Waalwijk,Netherlands
1026,Amsterdam,Netherlands
1027,Kerkrade,Netherlands
1028,Eindhoven,Netherlands
1029,Breda,Netherlands
1030,Rotterdam,Netherlands
1031,Groesbeek,Netherlands
1032,Naaldwijk,Netherlands
1033,Spakenburg,Netherlands
1034,Utrecht,Netherlands
1035,Voorburg,Netherlands
1036,Rotterdam,Netherlands
1037,Utrecht,Netherlands
1038,Almelo,Netherlands
1039,Rotterdam,Netherlands
1040,Velsen-Zuid,Netherlands
1041,Sittard,Netherlands
1042,Auckland,NewZeland
1043,Dunedin,NewZeland
1044,Wellington,NewZeland
1045,Abuja,Nigeria
1046,Uyo,Nigeria
1047,Pyongyang,NorthKorea
1048,Belfast,NorthernIreland
1049,Molde,Norway
1050,Tromsø,Norway
1051,Lillestrøm,Norway
1052,Bodø,Norway
1053,Oslo,Norway
1054,Bergen,Norway
1055,Ålesund,Norway
1056,Henningsvær,Norway
1057,Oslo,Norway
1058,Sandefjord,Norway
1059,Trondheim,Norway
1060,Drammen,Norway
1061,Bærum,Norway
1062,Sarpsborg,Norway
1063,Kristiansand,Norway
1064,Strømmen,Norway
1065,Fornebu,Norway
1066,Oslo,Norway
1067,Stavanger,Norway
1068,Salalah,Oman
1069,Seeb,Oman
1070,Sohar,Oman
1071,Sur,Oman
1072,PedroJuanCaballero,Paraguay
1073,Asunción,Paraguay
1074,Luque,Paraguay
1075,Asunción,Paraguay
1076,PedroJuanCaballero,Paraguay
1077,Lima,Peru
1078,Cusco,Peru
1079,Callao,Peru
1080,Lima,Peru
1081,Ate,Peru
1082,Częstochowa,Poland
1083,Lublin,Poland
1084,Zabrze,Poland
1085,Zagan,Poland
1086,Zabki,Poland
1087,Bełchatów,Poland
1088,Wroclaw,Poland
1089,Boguchwała,Poland
1090,Uniejów,Poland
1091,Toruń,Poland
1092,Gdynia,Poland
1093,Warsaw,Poland
1094,Turek,Poland
1095,Słupsk,Poland
1096,Leszno,Poland
1097,Wronki,Poland
1098,Szczecin,Poland
1099,Katowice,Poland
1100,Krakow,Poland
1101,Koszalin,Poland
1102,Bielsko-Biała,Poland
1103,Bukowno,Poland
1104,Radom,Poland
1105,Barlinek,Poland
1106,Nieciecza,Poland
1107,Wyszków,Poland
1108,Bytow,Poland
1109,Gliwice,Poland
1110,Kartuzy,Poland
1111,Opoczno,Poland
1112,Chelm,Poland
1113,Bydgoszcz,Poland
1114,Chojnice,Poland
1115,Głogów,Poland
1116,Krakow,Poland
1117,Babimost,Poland
1118,NowaRuda,Poland
1119,Jasło,Poland
1120,Olecko,Poland
1121,GrodziskWielkopolski,Poland
1122,Bytom,Poland
1123,Gdansk,Poland
1124,ZielonaGora,Poland
1125,Szczecin,Poland
1126,Świnoujście,Poland
1127,Krakow,Poland
1128,Jastrzębie-Zdrój,Poland
1129,Katowice,Poland
1130,Łęczna,Poland
1131,Libiaz,Poland
1132,Nadarzyn,Poland
1133,Gdynia,Poland
1134,Bogatynia,Poland
1135,Wejherowo,Poland
1136,KamieńPomorski,Poland
1137,Słupsk,Poland
1138,Toruń,Poland
1139,Krakow,Poland
1140,Zamość,Poland
1141,Pobiedziska,Poland
1142,Warsaw,Poland
1143,Debica,Poland
1144,Wągrowiec,Poland
1145,AleksandrówŁódzki,Poland
1146,Inowroclaw,Poland
1147,Bialystok,Poland
1148,Jarocin,Poland
1149,Iława,Poland
1150,Czeladz,Poland
1151,JeleniaGora,Poland
1152,Gryfice,Poland
1153,Krosno,Poland
1154,StarogardGdański,Poland
1155,Płock,Poland
1156,Legnica,Poland
1157,Żywiec,Poland
1158,OstrowiecŚwiętokrzyski,Poland
1159,Włocławek,Poland
1160,Kędzierzyn-Koźle,Poland
1161,Biłgoraj,Poland
1162,Poznan,Poland
1163,Gdansk,Poland
1164,Dzierzoniow,Poland
1165,Strawczyn,Poland
1166,Legionowo,Poland
1167,Bialystok,Poland
1168,Barcin,Poland
1169,Lublin,Poland
1170,Niechorze,Poland
1171,Sopot,Poland
1172,Łódź,Poland
1173,Łomża,Poland
1174,Sosnowiec,Poland
1175,Konin,Poland
1176,Elk,Poland
1177,Tychy,Poland
1178,Alwernia,Poland
1179,Bedzin,Poland
1180,Bielsko-Biała,Poland
1181,Gogolin,Poland
1182,Gostynin,Poland
1183,Gubin,Poland
1184,Kluczbork,Poland
1185,Kutno,Poland
1186,Międzychód,Poland
1187,NowyTomyśl,Poland
1188,Polkowice,Poland
1189,Radłów,Poland
1190,Radomsko,Poland
1191,RadzyńPodlaski,Poland
1192,Skwierzyna,Poland
1193,Starachowice,Poland
1194,Sulejówek,Poland
1195,Świdnik,Poland
1196,Szczecinek,Poland
1197,Trzemeszno,Poland
1198,Zgorzelec,Poland
1199,Września,Poland
1200,Gniezno,Poland
1201,Kozienice,Poland
1202,Brzeg,Poland
1203,Lublin,Poland
1204,Puławy,Poland
1205,KostrzynnadOdrą,Poland
1206,Myszków,Poland
1207,Puck,Poland
1208,Rydultowy,Poland
1209,Ostrołęka,Poland
1210,Wałbrzych,Poland
1211,Koscian,Poland
1212,Olawa,Poland
1213,Opole,Poland
1214,WodzisławŚląski,Poland
1215,Warsaw,Poland
1216,Elbląg,Poland
1217,Grudziądz,Poland
1218,Poznan,Poland
1219,Zambrow,Poland
1220,Wroclaw,Poland
1221,Slubice,Poland
1222,Rumia,Poland
1223,Sochaczew,Poland
1224,Legnica,Poland
1225,Międzyrzecz,Poland
1226,ZąbkowiceŚląskie,Poland
1227,Czarnków,Poland
1228,GorzówWielkopolski,Poland
1229,Siedlce,Poland
1230,Swietochlowice,Poland
1231,Olsztyn,Poland
1232,Racibórz,Poland
1233,Trzcianka,Poland
1234,Buk,Poland
1235,Pcim,Poland
1236,Łowicz,Poland
1237,Gliwice,Poland
1238,Żmigród,Poland
1239,Katowice,Poland
1240,Lwówek,Poland
1241,Miechów,Poland
1242,Świebodzin,Poland
1243,Wroclaw,Poland
1244,Bydgoszcz,Poland
1245,LidzbarkWarmiński,Poland
1246,Warsaw,Poland
1247,Poznan,Poland
1248,Opalenica,Poland
1249,Wolbrom,Poland
1250,Siewierz,Poland
1251,Niepołomice,Poland
1252,Radom,Poland
1253,Częstochowa,Poland
1254,Lubin,Poland
1255,Rzeszów,Poland
1256,Siedlce,Poland
1257,Rybnik,Poland
1258,Szczebrzeszyn,Poland
1259,Katowice,Poland
1260,Chorzów,Poland
1261,NowySącz,Poland
1262,Kołobrzeg,Poland
1263,Tarnobrzeg,Poland
1264,Warsaw,Poland
1265,Wroclaw,Poland
1266,Chorzów,Poland
1267,Ostroda,Poland
1268,Pniewy,Poland
1269,Szamotuły,Poland
1270,Zabrze,Poland
1271,GorzówWielkopolski,Poland
1272,Kasnik,Poland
1273,Mielec,Poland
1274,Poniatowa,Poland
1275,Rzeszów,Poland
1276,StalowaWola,Poland
1277,Koszalin,Poland
1278,Gniezno,Poland
1279,Krasnystaw,Poland
1280,Szczecin,Poland
1281,Działoszyce,Poland
1282,NowyDwórMazowiecki,Poland
1283,Bytom,Poland
1284,Gorzyce,Poland
1285,TomaszówLubelski,Poland
1286,Wałbrzych,Poland
1287,Janikowo,Poland
1288,Racibórz,Poland
1289,Swarzędz,Poland
1290,Tarnów,Poland
1291,Tczew,Poland
1292,Rudaslaska,Poland
1293,Warsaw,Poland
1294,Jaworzno,Poland
1295,Skalbmierz,Poland
1296,Czosnów,Poland
1297,Plewiska,Poland
1298,Rewal,Poland
1299,Grajewo,Poland
1300,Poznan,Poland
1301,Sieradz,Poland
1302,Śrem,Poland
1303,Zawiercie,Poland
1304,Krakow,Poland
1305,Łódź,Poland
1306,Szczecin,Poland
1307,Suwalki,Poland
1308,Annopol,Poland
1309,Sandomierz,Poland
1310,Włocławek,Poland
1311,Warsaw,Poland
1312,Pruszków,Poland
1313,Lubin,Poland
1314,Gdansk,Poland
1315,Bydgoszcz,Poland
1316,Konin,Poland
1317,Pruszków,Poland
1318,Pacanow,Poland
1319,Krakow,Poland
1320,Kielce,Poland
1321,Seixal,Portugal
1322,Barcelos,Portugal
1323,Matosinhos,Portugal
1324,Lisbon,Portugal
1325,Chaves,Portugal
1326,CaldasdeVizela,Portugal
1327,Faro/Loulé,Portugal
1328,Estoril,Portugal
1329,FigueiradaFoz,Portugal
1330,Almada,Portugal
1331,Coimbra,Portugal
1332,Lisbon,Portugal
1333,Funchal,Portugal
1334,PaçosdeFerreira,Portugal
1335,Machico,Portugal
1336,Faro,Portugal
1337,Porto,Portugal
1338,Setubal,Portugal
1339,ViladasAves,Portugal
1340,Porto,Portugal
1341,Funchal,Portugal
1342,Freamunde,Portugal
1343,Guimarâes,Portugal
1344,ViladoConde,Portugal
1345,Silves,Portugal
1346,Leiria,Portugal
1347,Tondela,Portugal
1348,Lisbon,Portugal
1349,Penafiel,Portugal
1350,Albufeira,Portugal
1351,Arouca,Portugal
1352,Aveiro,Portugal
1353,Braga,Portugal
1354,Lagos,Portugal
1355,Portimão,Portugal
1356,Lisbon,Portugal
1357,PóvoadeVarzim,Portugal
1358,Doha,Qatar
1359,Al-Rayyan,Qatar
1360,MadinatashShamal,Qatar
1361,Doha,Qatar
1362,CapeTown,RepublicofSouthAfrica
1363,Johannesburg,RepublicofSouthAfrica
1364,CapeTown,RepublicofSouthAfrica
1365,Johannesburg,RepublicofSouthAfrica
1366,Pretoria,RepublicofSouthAfrica
1367,Atteridgeville,RepublicofSouthAfrica
1368,Nelspruit,RepublicofSouthAfrica
1369,Mahikeng,RepublicofSouthAfrica
1370,Durban,RepublicofSouthAfrica
1371,PortElizabeth,RepublicofSouthAfrica
1372,CapeTown,RepublicofSouthAfrica
1373,Orlando,RepublicofSouthAfrica
1374,Polokwane,RepublicofSouthAfrica
1375,Rosettenville,RepublicofSouthAfrica
1376,Phokeng,RepublicofSouthAfrica
1377,Bloemfontein,RepublicofSouthAfrica
1378,Cluj-Napoca,Romania
1379,Suceava,Romania
1380,Reghin,Romania
1381,PiatraNeamţ,Romania
1382,Ovidiu,Romania
1383,Chiajna,Romania
1384,Bucarest,Romania
1385,Timişoara,Romania
1386,Bucarest,Romania
1387,Cluj-Napoca,Romania
1388,Iași,Romania
1389,Constanţa,Romania
1390,Moreni,Romania
1391,Năvodari,Romania
1392,Arad,Romania
1393,TârguMureş,Romania
1394,Bucarest,Romania
1395,Bistriţa,Romania
1396,Ploieşti,Romania
1397,Craiova,Romania
1398,Oradea,Romania
1399,Petroșani,Romania
1400,TârguMureş,Romania
1401,Giurgiu,Romania
1402,Aiud,Romania
1403,Hunedoara,Romania
1404,Reșița,Romania
1405,TârguMureş,Romania
1406,Bacău,Romania
1407,Botoșani,Romania
1408,Brăila,Romania
1409,Buzău,Romania
1410,Sibiu,Romania
1411,Bucarest,Romania
1412,Urziceni,Romania
1413,Târgu-Jiu,Romania
1414,Scornicești,Romania
1415,Grozny,Russia
1416,Kaspiysk,Russia
1417,Khimki,Russia
1418,Tula,Russia
1419,Kazan,Russia
1420,Vladivostok,Russia
1421,Sochi,Russia
1422,Kazan,Russia
1423,Krasnodar,Russia
1424,Moscow,Russia
1425,Petersburg,Russia
1426,Samara,Russia
1427,Saransk,Russia
1428,Rostov-on-Don,Russia
1429,Moscow,Russia
1430,Petersburg,Russia
1431,Rostov-on-Don,Russia
1432,Samara,Russia
1433,Novosibirsk,Russia
1434,Moscow,Russia
1435,Krasnodar,Russia
1436,Moscow,Russia
1437,Kaliningrad,Russia
1438,NizhnyNovgorod,Russia
1439,Petersburg,Russia
1440,Vladimir,Russia
1441,Moscow,Russia
1442,Yekaterinburg,Russia
1443,Krasnoyarsk,Russia
1444,Moscow,Russia
1445,Volgograd,Russia
1446,Perm,Russia
1447,Kigali,Rwanda
1448,Buraydah,SaudiArabia
1449,Jeddah,SaudiArabia
1450,Riyadh,SaudiArabia
1451,Jeddah,SaudiArabia
1452,Cumbernauld,Scotland
1453,Edinburgh,Scotland
1454,Inverness,Scotland
1455,Greenock,Scotland
1456,Glasgow,Scotland
1457,Ayr,Scotland
1458,Dunfermline,Scotland
1459,Edinburgh,Scotland
1460,Glasgow,Scotland
1461,Airdrie,Scotland
1462,Falkirk,Scotland
1463,Motherwell,Scotland
1464,Annan,Scotland
1465,Dingwall,Scotland
1466,Glasgow,Scotland
1467,Dundee,Scotland
1468,Perth,Scotland
1469,Irvine,Scotland
1470,Edinburgh,Scotland
1471,Hamilton,Scotland
1472,Paisley,Scotland
1473,Dumfries,Scotland
1474,Glasgow,Scotland
1475,Aberdeen,Scotland
1476,Kilmarnock,Scotland
1477,Kirkcaldy,Scotland
1478,Dundee,Scotland
1479,Dumbarton,Scotland
1480,Livingston,Scotland
1481,Edinburgh,Scotland
1482,Dakar,Senegal
1483,Guča,Serbia
1484,Kraljevo,Serbia
1485,NoviPazar,Serbia
1486,Subotica,Serbia
1487,Surdulica,Serbia
1488,Užice,Serbia
1489,Belgrade,Serbia
1490,Niš,Serbia
1491,Kragujevac,Serbia
1492,Jagodina,Serbia
1493,Belgrade,Serbia
1494,Smederevo,Serbia
1495,Belgrade,Serbia
1496,NoviSad,Serbia
1497,Ivanjica,Serbia
1498,Belgrade,Serbia
1499,GornjiMilanovac,Serbia
1500,Lučani,Serbia
1501,Kruševac,Serbia
1502,Belgrade,Serbia
1503,Požarevac,Serbia
1504,Belgrade,Serbia
1505,Singapore,Singapore
1506,NovéMestonadVáhom,Slovakia
1507,Trnava,Slovakia
1508,Prievidza,Slovakia
1509,Humenné,Slovakia
1510,DubnicanadVáhom,Slovakia
1511,Skalica,Slovakia
1512,Poprad,Slovakia
1513,DunajskáStreda,Slovakia
1514,ZlatéMoravce,Slovakia
1515,Púchov,Slovakia
1516,Senica,Slovakia
1517,Košice,Slovakia
1518,Ružomberok,Slovakia
1519,Trenčín,Slovakia
1520,Senec,Slovakia
1521,Bratislava,Slovakia
1522,Žilina,Slovakia
1523,Nitra,Slovakia
1524,Bratislava,Slovakia
1525,Myjava,Slovakia
1526,BanskaBystrica,Slovakia
1527,Prešov,Slovakia
1528,ČiernyBalog,Slovakia
1529,MoldavanadBodvou,Slovakia
1530,Maribor,Slovenia
1531,Lendava,Slovenia
1532,Domžale,Slovenia
1533,NovaGorica,Slovenia
1534,Ljubljana,Slovenia
1535,MurskaSobota,Slovenia
1536,Krško,Slovenia
1537,Ajdovščina,Slovenia
1538,Ljubljana,Slovenia
1539,Celje,Slovenia
1540,Ljubljana,Slovenia
1541,Daegwallyeong,SouthKorea
1542,Suwon,SouthKorea
1543,Bucheon,SouthKorea
1544,Busan,SouthKorea
1545,Changwon,SouthKorea
1546,Daegu,SouthKorea
1547,Daejeon,SouthKorea
1548,Gwangju,SouthKorea
1549,Gwangyang,SouthKorea
1550,Hwaseong,SouthKorea
1551,Icheon,SouthKorea
1552,Incheon,SouthKorea
1553,Seogwipo,SouthKorea
1554,Jeonju,SouthKorea
1555,Jinju,SouthKorea
1556,Ulsan,SouthKorea
1557,Seongnam,SouthKorea
1558,Seoul,SouthKorea
1559,Pohang,SouthKorea
1560,Seongnam,SouthKorea
1561,Ulsan,SouthKorea
1562,Vigo,Spain
1563,LaCoruńa,Spain
1564,Lleida,Spain
1565,Barcelona,Spain
1566,Madrid,Spain
1567,SantaCruzdeTenerife,Spain
1568,Getafe,Spain
1569,Cuenca,Spain
1570,Valencia,Spain
1571,Sabadell,Spain
1572,Terrassa,Spain
1573,Barcelona,Spain
1574,Logrońo,Spain
1575,Valdebebas,Spain
1576,SanSebastian,Spain
1577,Sevilla,Spain
1578,Albacete,Spain
1579,Oviedo,Spain
1580,Cartagena,Spain
1581,Lepe,Spain
1582,Lucena,Spain
1583,Leganés,Spain
1584,Villarreal,Spain
1585,Zaragoza,Spain
1586,Barakaldo,Spain
1587,Vitoria-Gasteiz,Spain
1588,Pontevedra,Spain
1589,SantaCruzdeTenerife,Spain
1590,Gijón,Spain
1591,Pamplona,Spain
1592,Santander,Spain
1593,Estepona,Spain
1594,LasPalmas,Spain
1595,Salamanca,Spain
1596,SanFernando,Spain
1597,Eibar,Spain
1598,Alicante,Spain
1599,Valladolid,Spain
1600,Murcia,Spain
1601,Málaga,Spain
1602,Elche,Spain
1603,Almería,Spain
1604,Valencia,Spain
1605,MirandadeEbro,Spain
1606,Xerez,Spain
1607,Palencia,Spain
1608,Murcia,Spain
1609,Cordoba,Spain
1610,Huelva,Spain
1611,Granada,Spain
1612,Badajoz,Spain
1613,Sevilla,Spain
1614,Cádiz,Spain
1615,Mérida,Spain
1616,Madrid,Spain
1617,SantaCruzdeLaPalma,Spain
1618,Madrid,Spain
1619,Zubieta,Spain
1620,PalmadeMallorca,Spain
1621,Barcelona,Spain
1622,Majadahonda,Spain
1623,Barcelona,Spain
1624,Tarragona,Spain
1625,CastellóndelaPlana,Spain
1626,Barcelona,Spain
1627,Soria,Spain
1628,Sevilla,Spain
1629,Barcelona,Spain
1630,Bilbao,Spain
1631,Irun,Spain
1632,Madrid,Spain
1633,Västerås,Sweden
1634,Örebro,Sweden
1635,Borås,Sweden
1636,Göteborg,Sweden
1637,Kalmar,Sweden
1638,Solna,Sweden
1639,Göteborg,Sweden
1640,Gävle,Sweden
1641,Kalmar,Sweden
1642,Östersund,Sweden
1643,Sandviken,Sweden
1644,Lund,Sweden
1645,Åtvidaberg,Sweden
1646,Landskrona,Sweden
1647,Malmö,Sweden
1648,Vaxjo,Sweden
1649,Sundsvall,Sweden
1650,Norrköping,Sweden
1651,Helsingborgs,Sweden
1652,Halmstad,Sweden
1653,Nyköping,Sweden
1654,Göteborg,Sweden
1655,Stockholm,Sweden
1656,Södertälje,Sweden
1657,Sollentuna,Sweden
1658,Stockholm,Sweden
1659,Västerås,Sweden
1660,Malmö,Sweden
1661,Stockholm,Sweden
1662,Eskilstuna,Sweden
1663,Göteborg,Sweden
1664,Vaxjo,Sweden
1665,SanktGallen,Switzerland
1666,Neuchâtel,Switzerland
1667,Zurich,Switzerland
1668,Basel,Switzerland
1669,Geneve,Switzerland
1670,Bern,Switzerland
1671,Lousanne,Switzerland
1672,Bellinzona,Switzerland
1673,Aarau,Switzerland
1674,Biel/Bienne,Switzerland
1675,Winterthur,Switzerland
1676,Thun,Switzerland
1677,Lucerne,Switzerland
1678,Biel/Bienne,Switzerland
1679,Sion,Switzerland
1680,Damascus,Syria
1681,Aleppo,Syria
1682,Idlib,Syria
1683,Taipei,Taiwan
1684,Kaohsiung,Taiwan
1685,Taipei,Taiwan
1686,Taoyuan,Taiwan
1687,DarEsSalaam,Tanzania
1688,Bangkok,Thailand
1689,Buriram,Thailand
1690,Bangkok,Thailand
1691,Couva,TrinidadandTobago
1692,PortofSpain,TrinidadandTobago
1693,Marabella,TrinidadandTobago
1694,Macoya,TrinidadandTobago
1695,Radès,Tunisia
1696,Bizerte,Tunisia
1697,Tunis,Tunisia
1698,Monastir,Tunisia
1699,Sousse,Tunisia
1700,Ordu,Turkey
1701,Ankara,Turkey
1702,Samsun,Turkey
1703,Manisa,Turkey
1704,Adana,Turkey
1705,Antalya,Turkey
1706,Istanbul,Turkey
1707,Bursa,Turkey
1708,Konya,Turkey
1709,Istanbul,Turkey
1710,Izmir,Turkey
1711,Rize,Turkey
1712,Istanbul,Turkey
1713,Gaziantep,Turkey
1714,Gümüşhane,Turkey
1715,Istanbul,Turkey
1716,Trabzon,Turkey
1717,Izmir,Turkey
1718,Kayseri,Turkey
1719,Gaziantep,Turkey
1720,Istanbul,Turkey
1721,Trabzon,Turkey
1722,Mersin,Turkey
1723,Istanbul,Turkey
1724,Sincan,Turkey
1725,Kusadasi,Turkey
1726,Istanbul,Turkey
1727,Sivas,Turkey
1728,Bursa,Turkey
1729,Konya,Turkey
1730,Istanbul,Turkey
1731,Eskişehir,Turkey
1732,Malatya,Turkey
1733,Sakarya,Turkey
1734,Istanbul,Turkey
1735,Ashgabat,Turkmenistan
1736,Kampala,Uganda
1737,Lviv,Ukraine
1738,Dnipropetrovsk,Ukraine
1739,Donieck,Ukraine
1740,Dobromyl,Ukraine
1741,Kiev,Ukraine
1742,Donieck,Ukraine
1743,Zaporizhia,Ukraine
1744,Khmelnytskyi,Ukraine
1745,Luhansk,Ukraine
1746,Uzhhorod,Ukraine
1747,Chernivtsi,Ukraine
1748,Ternopil,Ukraine
1749,Odesa,Ukraine
1750,Mariupil,Ukraine
1751,Kiev,Ukraine
1752,Sumy,Ukraine
1753,Simferopol,Ukraine
1754,Kharkiv,Ukraine
1755,KrivyiRih,Ukraine
1756,Dnipropetrovsk,Ukraine
1757,Kiev,Ukraine
1758,Ivano-Frankivsk,Ukraine
1759,Altchevs'k,Ukraine
1760,Donieck,Ukraine
1761,Lviv,Ukraine
1762,Poltava,Ukraine
1763,Dubai,UnitedArabEmirates
1764,AbuDhabi,UnitedArabEmirates
1765,Dubai,UnitedArabEmirates
1766,AbuDhabi,UnitedArabEmirates
1767,RasAl-Khaimah,UnitedArabEmirates
1768,Al-Ain,UnitedArabEmirates
1769,Sharjah,UnitedArabEmirates
1770,AbuDhabi,UnitedArabEmirates
1771,Dubai,UnitedArabEmirates
1772,Al-Ain,UnitedArabEmirates
1773,AbuDhabi,UnitedArabEmirates
1774,Al-Ain,UnitedArabEmirates
1775,Dubai,UnitedArabEmirates
1776,SaintPetersburg,UnitedStatesofAmerica
1777,SanAntonio,UnitedStatesofAmerica
1778,Honolulu,UnitedStatesofAmerica
1779,KansasCity,UnitedStatesofAmerica
1780,Arlington,UnitedStatesofAmerica
1781,Washington,UnitedStatesofAmerica
1782,Eugene,UnitedStatesofAmerica
1783,SanJosé,UnitedStatesofAmerica
1784,LosAngeles,UnitedStatesofAmerica
1785,Charlotte,UnitedStatesofAmerica
1786,Winston-Salem,UnitedStatesofAmerica
1787,Houston,UnitedStatesofAmerica
1788,UniversityPark,UnitedStatesofAmerica
1789,Gainsville,UnitedStatesofAmerica
1790,Manhattan,UnitedStatesofAmerica
1791,Stillwater,UnitedStatesofAmerica
1792,Bristol,UnitedStatesofAmerica
1793,Tuscaloosa,UnitedStatesofAmerica
1794,SantaClara,UnitedStatesofAmerica
1795,CollegePark,UnitedStatesofAmerica
1796,Berkeley,UnitedStatesofAmerica
1797,Madison,UnitedStatesofAmerica
1798,Orlando,UnitedStatesofAmerica
1799,SanFrancisco,UnitedStatesofAmerica
1800,FortCollins,UnitedStatesofAmerica
1801,Syracuse,UnitedStatesofAmerica
1802,Seattle,UnitedStatesofAmerica
1803,KansasCity,UnitedStatesofAmerica
1804,Clemson,UnitedStatesofAmerica
1805,Dallas,UnitedStatesofAmerica
1806,Tallahassee,UnitedStatesofAmerica
1807,Denver,UnitedStatesofAmerica
1808,St.Louis,UnitedStatesofAmerica
1809,BocaRaton,UnitedStatesofAmerica
1810,Columbia,UnitedStatesofAmerica
1811,Landover,UnitedStatesofAmerica
1812,Cleveland,UnitedStatesofAmerica
1813,Detroit,UnitedStatesofAmerica
1814,Norfolk,UnitedStatesofAmerica
1815,Atlanta,UnitedStatesofAmerica
1816,Foxboro,UnitedStatesofAmerica
1817,Miami,UnitedStatesofAmerica
1818,Boston,UnitedStatesofAmerica
1819,Eugene,UnitedStatesofAmerica
1820,Pittsburgh,UnitedStatesofAmerica
1821,Piscataway,UnitedStatesofAmerica
1822,Seattle,UnitedStatesofAmerica
1823,Huntington,UnitedStatesofAmerica
1824,Auburn,UnitedStatesofAmerica
1825,ChapelHill,UnitedStatesofAmerica
1826,Boone,UnitedStatesofAmerica
1827,IowaCity,UnitedStatesofAmerica
1828,Lawrence,UnitedStatesofAmerica
1829,CollegeStation,UnitedStatesofAmerica
1830,LosAngeles,UnitedStatesofAmerica
1831,GreenBay,UnitedStatesofAmerica
1832,Blacksburg,UnitedStatesofAmerica
1833,Provo,UnitedStatesofAmerica
1834,Birmingham,UnitedStatesofAmerica
1835,SantaClara,UnitedStatesofAmerica
1836,Memphis,UnitedStatesofAmerica
1837,Philadelphia,UnitedStatesofAmerica
1838,FortLauderdale,UnitedStatesofAmerica
1839,Indianapolis,UnitedStatesofAmerica
1840,Baltimore,UnitedStatesofAmerica
1841,Columbus,UnitedStatesofAmerica
1842,Waco,UnitedStatesofAmerica
1843,Lincoln,UnitedStatesofAmerica
1844,Bloomington,UnitedStatesofAmerica
1845,Atlanta,UnitedStatesofAmerica
1846,NewOrleans,UnitedStatesofAmerica
1847,EastRutherford,UnitedStatesofAmerica
1848,WestPoint,UnitedStatesofAmerica
1849,AnnArbor,UnitedStatesofAmerica
1850,Knoxville,UnitedStatesofAmerica
1851,Cincinnati,UnitedStatesofAmerica
1852,Nashville,UnitedStatesofAmerica
1853,SouthBend,UnitedStatesofAmerica
1854,Houston,UnitedStatesofAmerica
1855,Blaine,UnitedStatesofAmerica
1856,Oakland,UnitedStatesofAmerica
1857,Columbus,UnitedStatesofAmerica
1858,Norman,UnitedStatesofAmerica
1859,Orlando,UnitedStatesofAmerica
1860,Cincinnati,UnitedStatesofAmerica
1861,NewYork,UnitedStatesofAmerica
1862,Princeton,UnitedStatesofAmerica
1863,Portland,UnitedStatesofAmerica
1864,SanDiego,UnitedStatesofAmerica
1865,Buffalo,UnitedStatesofAmerica
1866,TampaBay,UnitedStatesofAmerica
1867,Fayetteville,UnitedStatesofAmerica
1868,Harrison,UnitedStatesofAmerica
1869,Corvallis,UnitedStatesofAmerica
1870,Washington,UnitedStatesofAmerica
1871,SaltLakeCity,UnitedStatesofAmerica
1872,Sandy,UnitedStatesofAmerica
1873,Pasadena,UnitedStatesofAmerica
1874,WestLafayette,UnitedStatesofAmerica
1875,Austin,UnitedStatesofAmerica
1876,Evanston,UnitedStatesofAmerica
1877,Athens,UnitedStatesofAmerica
1878,Chicago,UnitedStatesofAmerica
1879,EastLansing,UnitedStatesofAmerica
1880,Denver,UnitedStatesofAmerica
1881,Tacoma,UnitedStatesofAmerica
1882,Carson,UnitedStatesofAmerica
1883,Tempe,UnitedStatesofAmerica
1884,Chester,UnitedStatesofAmerica
1885,Minneapolis,UnitedStatesofAmerica
1886,Houston,UnitedStatesofAmerica
1887,Jacksonville,UnitedStatesofAmerica
1888,BatonRouge,UnitedStatesofAmerica
1889,SanAntonio,UnitedStatesofAmerica
1890,Bridgeview,UnitedStatesofAmerica
1891,Frisco,UnitedStatesofAmerica
1892,SaintPetersburg,UnitedStatesofAmerica
1893,Minneapolis,UnitedStatesofAmerica
1894,CedarFalls,UnitedStatesofAmerica
1895,Glendale,UnitedStatesofAmerica
1896,Richmond,UnitedStatesofAmerica
1897,Cary,UnitedStatesofAmerica
1898,Kalamazoo,UnitedStatesofAmerica
1899,Columbia,UnitedStatesofAmerica
1900,NewHaven,UnitedStatesofAmerica
1901,NewYork,UnitedStatesofAmerica
1902,Montevideo,Uruguay
1903,BañadosdeCarrasco,Uruguay
1904,Montevideo,Uruguay
1905,Bukhara,Uzbekistan
1906,Tashkent,Uzbekistan
1907,Caracas,Venezuela
1908,Barinas,Venezuela
1909,Maracaibo,Venezuela
1910,Mérida,Venezuela
1911,Barquisimeto,Venezuela
1912,Maturín,Venezuela
1913,Caracas,Venezuela
1914,PuertoLaCruz,Venezuela
1915,PuertoOrdaz,Venezuela
1916,SanCristóbal,Venezuela
1917,ThuDauMot,Vietnam
1918,Hanoi,Vietnam
1919,HoChiMinhCity,Vietnam
1920,Bangor,Wales
1921,Cardiff,Wales
1922,Swansea,Wales
1923,Llanelli,Wales
1924,Aberystwyth,Wales
1925,Cardiff,Wales
1926,Wrexham,Wales
