1,StadiumiBesëlidhja,Lezhë
2,StadiumiFlamurtari,Vlorë
3,StadiumiLaçi,Laçi
4,StadiumiNikoDovana,Durrës
5,StadiumiSelmanStërmasi,Tirana
6,StadiumiSkënderbeu,Korçë
7,Stade1erNovembre1954,TiziOuzu
8,StadeAhmedZabana,Oran
9,StadeAmarHareche,ElEulma
10,Stadedel'UnitéMaghrébine,Béjaïa
11,StadeMohamedBoumezrag,Chlef
12,StadeMohamed-Benhaddad,Algiers
13,StadeOmarHamadi,Algiers
14,StadeTaharZoughari,Relizane
15,Estádio11deNovembro,KilambaKiaxi
16,EstádiodaTundavala,Lubango
17,EstádiodeOmbaka,Benguela
18,EstádiodoChiazi,Cabinda
19,ElCementariodelosElefantes,SantaFe
20,ElGigantedeArroyito,Rosario
21,ElMonumental,BuenosAires
22,ElNuevoGasómetro,BuenosAires
23,EstadioArquitectoAntonioEtcheverri,BuenosAires
24,EstadioCiudaddeLaPlata,LaPlata
25,EstadiodelViaducto,Sarandí
26,EstadioDiegoArmandoMaradona,BuenosAires
27,EstadioJoséAmalfitani,BuenosAires
28,EstadioLibertadoresdeAmerica,Avellaneda
29,EstadioMalvinasArgentinas,Mendoza
30,EstadioMarceloBielsa,Rosario
31,EstadioMarioAlbertoKempes,Cordoba
32,EstadioNéstorDíazPérez,Lanús
33,EstadioPresidentePerón,Avellaneda
34,EstadioTomásAdolfoDucó,BuenosAires
35,EstadioÚnico,VillaMercedes
36,LaBombonera,BuenosAires
37,AlashkertStadion,Yerevan
38,BanantsStadion,Yerevan
39,HrazdanStadion,Yerevan
40,RepublicanStadion,Yerevan
41,AAMIPark,Melbourne
42,AllianzStadium,Paddington
43,ANZStadium,Sydney
44,BluetongueStadium,Gosford
45,CbusSuperStadium,Robina
46,CoopersStadium,Hindmarsh
47,GIOCanberraStadium,Canberra
48,HunterStadium,Newcastle
49,MarvelStadium,Melbourne
50,MelbourneCricketGround,Melbourne
51,nibStadium,Perth
52,OptusStadium,Perth
53,PirtekStadium,Sydney
54,SOPAthleticCentre,Sydney
55,SubiacoOval,Perth
56,SuncorpStadium,Brisbane
57,AllianzStadion,Vienna
58,BSFZ-Arena,Vienna
59,Cashpoint-Arena,Altach
60,Casino-Stadion,Bregenz
61,Ernst-Happel-Stadion,Vienna
62,FillMetallbauStadion,Ried
63,Franz-Fekete-Stadion,Kapfenberg
64,FußballakademieBurgenland,Mattersburg
65,Generali-Arena,Vienna
66,GernotLangesStadion,Wattens
67,HoheWarte,Vienna
68,Lavanttal-Arena,Wolfsberg
69,LinzerStadion,Linz
70,MerkurArena,Graz
71,MyPhoneAustriaStadion,Salzburg
72,NVArena,SanktPölten
73,Pappelstadion,Mattersburg
74,RedBullArena,Salzburg
75,Sonnenseestadion,Ritzing
76,SportplatzLend,HallinTirol
77,StadionDonawitz,Leoben
78,StadionSchuberth,Melk
79,StadionTivoliNEU,Innsbruck
80,TGW-Arena,Pasching
81,WörtherseeStadion,KlagenfurtamWörthersee
82,BakcellArena,Baku
83,BakıOlimpiyaStadionu,Baku
84,HabilXəlilovStadionu,Imishli
85,ŞəfaStadionu,Baku
86,TofiqBəkhramovStadionu,Baku
87,BangabandhuNationalStadium,Dhaka
88,BorisovArena,Borisov
89,NemanStadion,Grodno
90,StadionBrestskiy,Brest
91,StadionDinama,Minsk
92,StadionDinamo-Yuni,Minsk
93,StadionHorodskiy,Borisov
94,StadionTorpedo,Zhodino
95,StadionTorpedo,Minsk
96,StadionTraktor,Minsk
97,AFASStadion,Mechelen
98,Albertparkstadion,Ostenda
99,BosuilStadion,Antwerp
100,ConstantVandenStockStadion,Brussels
101,Daknamstadion,Lokeren
102,DeLeunen,Geel
103,DePluimen,Dikmsuide
104,EdmondMachtens-Stadion,Sint-Jans-Molenbeek
105,Freethiel,Beveren
106,GemeentelijkParkstadion,Boom
107,GhelamcoArena,Gent
108,HenriHoutsaegerStadion,Koksijde
109,HermanVanderpoortenstadion,Lier
110,JanBreydelStadion,Brugge
111,Kehrwegstadion,Eupen
112,KingPoweratDenDreefStadion,Leuven
113,KoningBoudewijnStadion,Brussels
114,LudoCoeckStadion,Antwerp
115,LuminusArena,Genk
116,OlympischStadion,Antwerp
117,PierreCornelisstadion,Aalst
118,Regenboogstadion,Waregem
119,Schierveldestadion,Roeselare
120,Staaien,Sint-Truiden
121,StadeCharlesTondreau,Mons
122,StadedelaNeuville,Charleroi
123,StadedeSclessin,Liège
124,StadeduPaysdeCharleroi,Charleroi
125,StadeduTivoli,LaLouvière
126,StadeLeCannonier,Mouscron
127,StadeRobertUrbain,Boussu
128,t’Kuipje,Westerlo
129,EstadioHernandoSiles,LaPaz
130,EstadioJuanCarlosDuránSaucedo,SantaCruz
131,EstadioRamónAguilera,SantaCruzdelaSierra
132,OlimpiskijStadionKoševo,Sarajevo
133,StadionBanjaIlidža,Gradačac
134,StadionBilinoPolje,Zenica
135,StadionGradski,BanjaLuka
136,StadionGradski,Ugljevik
137,StadionGradski,Orašje
138,StadionGrbavica,Sarajevo
139,StadionJedinstvo,Bihać
140,StadionMokriDolac,Posušje
141,StadionpodBijelimBrijegom,Mostar
142,StadionRođeni,Mostar
143,BotswanaNationalStadium,Gaborone
144,AllianzParque,SãoPaulo
145,ArenaBarueri,Barueri
146,ArenaCondá,Chapecó
147,ArenaCorinthians,SãoPaulo
148,ArenadaAmazonia,Manaus
149,ArenadaBaixada,Cúritiba
150,ArenadasDunas,Natal
151,ArenadoGrêmio,PôrtoAlegre
152,ArenaPantanal,Cuiabá
153,EstádioAnacletoCampanella,SãoCaetanodoSul
154,EstádioBeira-Rio,PôrtoAlegre
155,EstádioBocadoLobo,Pelotas
156,EstádioBrincodeOuro,Campinas
157,EstádioCaioMartins,Niterói
158,EstádioCastelão,Fortaleza
159,EstádioCoutoPereira,Cúritiba
160,EstádiodePituaçu,SalvadordaBahia
161,EstádiodoArruda,Recife
162,EstádiodoCanindé,SãoPaulo
163,EstádiodoMorumbi,SãoPaulo
164,EstádiodoPacaembu,SãoPaulo
165,EstádiodosAflitos,Recife
166,EstádioIlhadoRetiro,Recife
167,EstádioJoaquimHenriqueNogueira,SeteLagoas
168,EstádioKléberAndrade,Cariacica
169,EstádioMangueirão,Belém
170,EstádioManoelBarradas,SalvadordaBahia
171,EstádioMineirão,BeloHorizonte
172,EstádioMoisésLucarelli,Campinas
173,EstádioNacional,Brasilia
174,EstádioNiltonSantos,RiodeJaneiro
175,EstádioOlímpicoMonumental,PôrtoAlegre
176,EstádioPresidenteVargas,Fortaleza
177,EstádioRaulinodeOliveira,VoltaRedonda
178,EstádioSãoJanuário,RiodeJaneiro
179,EstádioSerraDourada,Goiânia
180,EstádioVilaBelmiro,Santos
181,EstádioZerão,Macapá
182,Independência,BeloHorizonte
183,ItaipavaArenaFonteNova,SalvadordaBahia
184,ItaipavaArenaPernambuco,SãoLourençodaMata
185,Maracanã,RiodeJaneiro
186,StadiumBalapan,BandarSeriBegawan
187,StadiumNegaraHassanalBolkiah,BandarSeriBegawan
188,LudogoretsArena,Razgrad
189,Stadion„Akademik”,Sofia
190,Stadion9.Septembri,Burgas
191,StadionBâlgarskaArmiya,Sofia
192,StadionBonchuk,Dupnitsa
193,StadionGeorgiAsparuhov,Sofia
194,StadionHristoBotev,Plovdiv
195,StadionHristoBotev,Blagoevgrad
196,StadionLazur,Burgas
197,StadionLokomotiv,Plovdiv
198,StadionLokomotiv,Sofia
199,StadionŁowecz,Lovech
200,StadionPłowdiw,Plovdiv
201,StadionSlavija,Sofia
202,StadionSpartak,Varna
203,StadionVassilLevski,Sofia
204,Stadedu4-Août,Ouagadougou
205,BogyokeAungSanStadium,Yangon
206,MandalarThiriSportsStadium,Mandalay
207,ThuwunnaYTCStadium,Yangon
208,StadePrinceLouisRwagasore,Bujumbura
209,ChanglimithangStadium,Thimphu
210,PhnomPenhNationalStadium,PhnomPenh
211,StadeOmnisportsdeBafoussam,Bafoussam
212,BCPlace,Vancouver
213,BMOField,Toronto
214,CommonwealthStadium,Edmonton
215,InvestorsGroupField,Winnipeg
216,LamportStadium,Toronto
217,McMahonStadium,Calgary
218,MosaicStadium,Regina
219,OlympicStadium,Montreal
220,PercivalMolsonStadium,Montreal
221,RogersCentre,Toronto
222,StadeSaputo,Montreal
223,TaylorField,Regina
224,TDPlaceStadium,Ottawa
225,TimHortonsField,Hamilton
226,EstadioBicentenarioLaFlorida,LaFlorida
227,EstadioCAP,Talcahuano
228,EstadioCarlosDittborn,Arica
229,EstadioElTeniente,Rancagua
230,EstadioElíasFigueroa,Valparaiso
231,EstadioFranciscoSánchezRumoroso,Coquimbo
232,EstadioGermánBecker,Temuco
233,EstadioLaCisterna,Santiago
234,EstadioLaGranja,Curicó
235,EstadioLaPortada,LaSerena
236,EstadioLucioFariñaFernández,Quillota
237,EstadioLuisValenzuelaHermosilla,Copiapó
238,EstadioMonumentalDavidArellano,Santiago
239,EstadioMunicipaldeConcepción,Concepción
240,EstadioNacional,Santiago
241,EstadioNelsonOyarzún,Chillán
242,EstadioNicanorApablaza,Pelluhue
243,EstadioRegionalCalvoyBascuñán,Antofagasta
244,EstadioRegionaldeChinquihue,PuertoMontt
245,EstadioSanCarlosdeApoquindo,Santiago
246,EstadioSantaLaura,Santiago
247,EstadioSausalito,ViñadelMar
248,EstadioZorrosdelDesierto,Calama
249,Bao’anStadium,Shenzhen
250,BeijingNationalStadium,Beijing
251,CenturyLotusStadium,Foshan
252,DalianSportsCenterStadium,Dalian
253,DaqingOlympicParkStadium,Daqing
254,GuangdongStadium,Guangzhou
255,GuangxiStadium,Nanning
256,HaixiaOlympicCenterStadium,Fuzhou
257,HefeiOlympicStadium,Hefei
258,HelanShanStadium,Yinchuan
259,HohhotStadium,Hohhot
260,HongkouStadium,Shanghai
261,HuangpuSportsCenterStadium,Guangzhou
262,HuizhouSportsCenterStadium,Huizhou
263,JiangyinSportsCentreStadium,Jiangyin
264,JinanOlympicStadium,Jinan
265,LhasaStadium,Lhasa
266,LonggangStadium,Shenzhen
267,MacauStadium,Macau
268,NanchangSportsCenterStadium,Nanchang
269,NanjingOlympicStadium,Nanjing
270,NantongStadium,Nantong
271,OrdosDongshengStadium,Ordos
272,OrdosSportsCenterStadium,Ordos
273,People’sStadium,Dalian
274,QinhuangdaoOlympicStadium,Qinhuangdao
275,RedBeachStadium,Panjin
276,ShandongSportsCenter,Jinan
277,ShanghaiStadium,Shanghai
278,ShanxiSportsCenterStadium,Taiyuan
279,ShaoxingStadium,Shaoxing
280,ShenyangOlympicStadium,Shenyang
281,ShenzhenBaySportsCenter,Shenzhen
282,SuiningSCStadium,Suining
283,TedaFootballStadium,Tianjin
284,TianheStadium,Guangzhou
285,TianjinOlympicStadium,Tianjin
286,TonglingSCStadium,Tongling
287,Workers’Stadium,Beijing
288,WuhanSportsCenterStadium,Wuhan
289,WuzhouCityHonglingStadium,Wuzhou
290,YanchengSCStadium,Yancheng
291,YuanshenStadium,Shanghai
292,YuexiushanStadium,Guangzhou
293,ZhanjiangOlympicCenterStadium,Zhanjiang
294,ZhenjiangSCCStadium,Zhenjiang
295,ZiboSportsCenterStadium,Zibo
296,EstadioAtanasioGirardot,Medellín
297,EstadioGeneralSantander,Cúcuta
298,EstadioHernánRamírezVillegas,Pereira
299,EstadioJaimeMorónLeón,Cartagena
300,EstadioMetropolitano,Baranquilla
301,EstadioNemesioCamacho,Bogotá
302,EstadioPalogrande,Manizales
303,EstadioPascualGuerrero,Cali
304,StadedeKintélé,Brazzaville
305,EstadioAlejandroMoreraSoto,Alajuela
306,EstadioMiguel„Lito”Pérez,Puntarenas
307,EstadioNacional,SanJosé
308,EstadioRicardoSaprissa,SanJosé
309,StadionAldoDrosina,Pula
310,StadionBrankoČavlović-Čavlek,Karlovac
311,StadionCibalia,Vinkovci
312,StadionGospinDolac,Imotski
313,StadionGradski,Koprivnica
314,StadionGradskivrt,Osijek
315,StadionHrvatskivitezovi,Rijeka
316,StadionIntera,Zaprešić
317,StadionKamenIngrad,Velika
318,StadionKranjčevićeva,Zagreb
319,StadionLučko,Zagreb
320,StadionMaksimir,Zagreb
321,StadionnaKantridi,Rijeka
322,StadionNKVarteks,Varaždin
323,StadionPoljud,Split
324,StadionRadnik,VelikaGorica
325,StadionRujevica,Rijeka
326,StadionSRCMladost,Čakovec
327,StadionŠRCUljanik-Veruda,Pula
328,StadionStanovi,Zadar
329,StadionStjepanSpajić,Zagreb
330,StadionŠubićevac,Šibenik
331,StadionuPricviću,Žrnovnica
332,Ammóchostos,Larnaca
333,AntonisPapadopoulos,Larnaca
334,Makario,Nicosia
335,NeoGSP,Nicosia
336,PafiakoAthlítikoKentro,Paphos
337,Paralimni,Paralimni
338,TsirionAthlitikoKentro,Limassol
339,ZenonAthlitikoKentro,Larnaca
340,AndrůvStadion,Olomouc
341,ChanceArena,JablonecnadNisou
342,Ďolíček,Prague
343,DoosanArena,Pilzno
344,EdenAréna,Prague
345,GeneraliArena,Prague
346,Juliska,Prague
347,LetnáStadion,Zlín
348,Letnístadion,Pardubice
349,MěstskýfotbalovýstadionSrbská,Brno
350,Městskýstadion,Karvina
351,MestskyStadionLiberec,Liberec
352,MěstskýstadionMladáBoleslav,MladáBoleslav
353,MěstskýstadiónZnojmo,Znojmo
354,NaLitavce,Příbram
355,NaStínadlech,Teplice
356,PodVinicí,Pardubice
357,Stadion1.HFKOlomouc,Olomouc
358,StadionBanikSokolov,Sokolov
359,StadionDukla,Havirov
360,StadionEvženaRošického,Prague
361,StadionFKDrnovice,Drnovice
362,StadionFrantiškaKloze,Kladno
363,StadionJosefaMasopusta,Most
364,StadionMarkéta,Prague
365,StadionMiroslavaValenty,UherskéHradiště
366,StadionnaStřeleckémOstrově,CzeskieBudziejowice
367,StadionnaZadníchVinohradech,Chomutov
368,StadionuNisy,Liberec
369,StadionvJiráskověulici,Jihlava
370,ViktoriaStadion,Prague
371,VítkoviceAréna,Ostrava
372,VšesportovníStadion,HradecKrálové
373,AalborgPortlandPark,Aalborg
374,BioNutriaParkRanders,Randers
375,BlueWaterArena,Esbjerg
376,BrøndbyStadion,Brøndby
377,CASAArenaHorsens,Horsens
378,CeresPark,Århus
379,DSArena,Hobro
380,EWIIPark,Odense
381,GladsaxeIdrætspark,Søborg
382,HelsingørStadion,Helsingør
383,JYSKpark,Silkeborg
384,LyngbyStadion,Lyngby
385,MCHArena,Herning
386,NæstvedStadion,Næstved
387,RighttoDreamPark,Farum
388,SlagelseStadion,Slagelse
389,SundbyIP,Kopenhagen
390,SydbankPark,Haderslev
391,TeliaParken,Kopenhagen
392,ValbyIdrætspark,Kopenhagen
393,EstadioCapwell,Guayaquil
394,EstadioMonumentalBancoPichincha,Guayaquil
395,EstadioOlímpicoAtahualpa,Quito
396,LaCasaBlanca,Quito
397,BorgEl-ArabStadium,BorgEl-Arab
398,CairoInternationalStadium,Cairo
399,HarrasEl-HedoudStadium,Alexandria
400,MilitaryAcademyStadium,Cairo
401,MukhtarAl-TetshStadium,Cairo
402,PortSaidStadium,PortSaid
403,ABAXStadium,Peterborough
404,AbbeyBusinessStadium,Chaltenham
405,AbbeyStadium,Cambridge
406,AcademyStadium,Manchester
407,AdamsPark,Wycombe
408,Aggborough,Kidderminster
409,AlexanderStadium,Birmingham
410,AlexandraStadium,Crewe
411,AmexStadium,Brighton&Hove
412,Anfield,Liverpool
413,AshtonGate,Bristol
414,Banks’sStadium,Walsall
415,bet365Stadium,Stoke-on-Trent
416,BloomfieldRoad,Blackpool
417,BlundellPark,Grimsby
418,BoleynGround,London
419,BoundaryPark,Oldham
420,BramallLane,Sheffield
421,BristolMemorialStadium,Bristol
422,BroadhurstPark,Manchester
423,BruntonPark,Carlisle
424,CarrowRoad,Norwich
425,Checkatrade.comStadium,Crawley
426,CityGround,Nottingham
427,ColchesterCommunityStadium,Colchester
428,CountyGround,Swindon
429,CravenCottage,London
430,DarlingtonArena,Darlington
431,DCJGroupInsuranceArena,Matlock
432,DeepdaleStadium,Preston
433,DWStadium,Wigan
434,EllandRoad,Leeds
435,EmiratesStadium,London
436,EtihadStadium,Manchester
437,EwenFields,Hyde
438,EwoodPark,Blackburn
439,FrattonPark,Portsmouth
440,GiggLane,Bury
441,GlanfordPark,Scunthorpe
442,GlobeArena,Morecambe
443,GoodisonPark,Liverpool
444,GriffinPark,London
445,HighburyStadium,Fleetwood
446,Hillsborough,Sheffield
447,HomePark,Plymouth
448,HuishPark,Yeovil
449,JohnSmith’sStadium,Huddersfield
450,KassamStadium,Oxford
451,KCOMStadium,Hull
452,KeepmoatStadium,Doncaster
453,KenilworthRoad,Luton
454,KingPowerStadium,Leicester
455,Kingsmeadow,London
456,LoftusRoad,London
457,LondonStadium,London
458,MacronStadium,Bolton
459,MadejskiStadium,Reading
460,MatchroomStadium,London
461,MeadowLane,Nottingham
462,MerseyrailCommunityStadium,Southport
463,MillFarm,MedlarwithWesham
464,MolineuxStadium,Wolverhampton
465,MontgomeryWatersMeadow,Shrewsbury
466,MoorLane,Salford
467,MossRose,Macclesfield
468,NewYorkAESSEALStadium,Rotherham
469,OakwellStadium,Barnsley
470,OldTrafford,Manchester
471,OneCallStadium,Mansfield
472,PHBStadium,Northfleet
473,PirelliStadium,BurtonuponTrent
474,Plainmoor,Torquay
475,PortmanRoad,Ipswich
476,PrentonPark,Birkenhead
477,PrideParkStadium,Derby
478,PriestfieldStadium,Gillingham
479,PrincesPark,Dartford
480,ProactStadium,Chesterfield
481,RicohArena,Coventry
482,RiversideStadium,Middlesbrough
483,RootsHall,Southend-on-Sea
484,SandygateRoad,Sheffield
485,SelhurstPark,London
486,SincilBankStadium,Lincoln
487,SouthKestevenSportsStadium,Grantham
488,SpotlandStadium,Rochdale
489,StJamesPark,Exeter
490,St.Andrew’sStadium,Birmingham
491,St.James’Park,Newcastle
492,St.Mary’sStadium,Southampton
493,Stadiummk,MiltonKeynes
494,StadiumofLight,Sunderland
495,StamfordBridge,London
496,SwanswayChesterStadium,Chester
497,TamesideStadium,Ashton-under-Lyne
498,TheDen,London
499,TheDrippingPan,Lewes
500,TheHawthorns,WestBromwich
501,TheHive,London
502,TheNewLawn,Nailsworth
503,ThePTSAcademyStadium,Northampton
504,TheValley,London
505,TotallyWickedStadium,StHelens
506,TurfMoor,Burnley
507,Twickenham,London
508,UnderhillStadium,Barnet
509,ValePark,Stoke-on-Trent
510,ValleyParadeStadium,Bradford
511,VicarageRoad,Watford
512,VictoriaPark,Hartlepool
513,VictoriaRoad,London
514,VillaPark,Birmingham
515,VitalityStadium,Bournemouth
516,Wembley,London
517,WhamStadium,Accrington
518,WhiteHartLane,London
519,EstadiodeBata,Bata
520,EstadiodeMalabo,Malabo
521,CiceroStadium,Asmara
522,A.LeCoqArena,Tallinn
523,KadrioruStaadion,Tallinn
524,KaleviKeskstaadion,Tallinn
525,ValgaKeskstaadion,Valga
526,ÁMølini,Eiði
527,Fløtugerði,Fuglafjørður
528,Gundadalur,Tórshavn
529,LilitSvangaskarð,Toftir
530,SkálaVøllurin,Skala
531,SkansiArena,Argir
532,Svangaskarð,Toftir
533,Tórsvøllur,Tórshavn
534,ViðDjúpumýrar,Klaksvík
535,LahdenStadion,Lahti
536,Myyrmäenjalkapallostadion,Vantaa
537,Olympiastadion,Helsinki
538,RatinaStadion,Tampere
539,SoneraStadium,Helsinki
540,VeritasStadion,Turku
541,AllianzRiviera,Nice
542,GroupamaStadium,Lyon
543,MatmutAtlantique,Bordeaux
544,MatmutStadium,Lyon
545,MMArena,LeMans
546,OrangeVélodrome,Marseille
547,ParcdesPrinces,Paris
548,ParcdesSportsd’Annecy,Annecy
549,RoazhonPark,Rennes
550,StadeArmand-Cesari,Furiani
551,StadeAugusteBonal,Montbéliard
552,StadeAuguste-Delaune,Reims
553,StadeBauer,Saint-Ouen
554,StadeBollaert-Delelis,Lens
555,StadeChaban-Delmas,Bordeaux
556,StadeCréditAgricoleLaLicorne,Amiens
557,StadedeFrance,Saint-Denis
558,Stadedel‘Aar,Schiltigheim
559,Stadedel’AbbeDeschamps,Auxerre
560,Stadedel’Aube,Troyes
561,Stadedel’Épopée,Calais
562,Stadedel’Ill,Mulhouse
563,StadedelaBeaujoire,Nantes
564,StadedelaLibération,Boulogne-sur-Mer
565,StadedelaMéditerranée,Béziers
566,StadedelaMeinau,Strasburg
567,StadedelaMosson,Montpellier
568,StadedeRoudourou,Guingamp
569,StadedesAlpes,Grenoble
570,StadedesCostieres,Nîmes
571,StadeduHainaut,Valenciennes
572,StadeduMoustoir,Lorient
573,StadeduRay,Nice
574,StadeFrancisLeBasser,Laval
575,StadeFrancis-LeBlé,Brest
576,StadeFrançois-Coty,Ajaccio
577,StadeGabrielMontpied,Clermont-Ferrand
578,StadeGaston-Gérard,Dijon
579,StadeGeoffroy-Guichard,Saint-Étienne
580,StadeJeanBouin,Paris
581,StadeJulesDeschaseaux,LeHavre
582,StadeLéon-Bollée,LeMans
583,StadeLille-Métropole,Lille
584,StadeLouisDugauguez,Sedan
585,StadeLouisII,Monaco
586,StadeMarcelPicot,Nancy
587,StadeMarcel-Saupin,Nantes
588,StadeMarcel-Tribut,Dunkerque
589,StadeMicheld’Ornano,Caen
590,StadeNungesser,Valenciennes
591,StadeOcéane,LeHavre
592,StadePierredeCoubertin,Cannes
593,StadePierreMauroy,Lille
594,StadeRené-Gaillard,Niort
595,StadeSaintSymphorien,Metz
596,StadeSaint-Avold,Saint-Avold
597,StadeSébastienCharléty,Paris
598,StadeYves-du-Manoir,Montpellier
599,StadiumdeToulouse,Toulouse
600,StadiumduLittoral,Grande-Synthe
601,UArena,Paris
602,Staded'Oyem,Oyem
603,StadedeFranceville,Franceville
604,Stadedel’AmitiéSino-Gabonaise,Libreville
605,StadedePort-Gentil,Port-Gentil
606,IndependenceStadium,Bakau
607,BorisPaichadzeDinamoArena,Tbilisi
608,StadionMikheilMeskhi,Tbilisi
609,StadionRamazShengelia,Kutaisi
610,StadioniTemurMaghradze,Chiatura
611,Alfred-Kunze-Sportpark,Leipzig
612,AllianzArena,Munich
613,AlteFörsterei,Berlin
614,Audi-Sportpark,Ingolstadt
615,Auestadion,Kassel
616,BayArena,Leverkusen
617,Benteler-Arena,Paderborn
618,BorussiaPark,Moenchengladbach
619,Brita-Arena,Wiesbaden
620,Bruchwegstadion,Moguncja
621,Carl-Benz-Stadion,Mannhiem
622,CommerzbankArena,FrankfurtnadMenem
623,ContinentalArena,Regensburg
624,Dietmar-Hopp-Stadion,Sinsheim
625,DKBArena,Rostock
626,Donaustadion,Ulm
627,Eintracht-Stadion,Braunschweig
628,Ellenfeldstadion,Neunkirchen
629,ERDGASSportpark,Halle
630,Ernst-Abbe-Sportfeld,Jena
631,Erzgebirgsstadion,Aue
632,flyeralarmArena,Würzburg
633,Frankenstadion,Heilbronn
634,FrankfurterVolksbankStadion,FrankfurtnadMenem
635,Franz-Kremer-Stadion,Cologne
636,Friedrich-Ebert-Stadion,Hildesheim
637,Friedrich-Ludwig-Jahn-Sportpark,Berlin
638,Fritz-Walter-Stadion,Kaiserslautern
639,Gazi-Stadion,Stuttgart
640,Grenzland-Stadion,Moenchengladbach
641,Grotenburg,Krefeld
642,GrünwalderStadion,Munich
643,Hans-Walter-Wild-Stadion,Bayreuth
644,Hardtwaldstadion,Sandhausen
645,HDI-Arena,Hanover
646,Hermann-Löns-Stadion,Paderborn
647,Holstein-Stadion,Kiel
648,JahnstadionGöttingen,Göttingen
649,JahnstadionRegensburg,Regensburg
650,Leimbachstadion,Siegen
651,Lohmühle,Lübeck
652,Lohrheidestadion,Bochum
653,Ludwig-Jahn-Stadion,Herford
654,Ludwigsparkstadion,Saarbrücken
655,Max-Morlock-Stadion,Nuremberg
656,MDCC-Arena,Magdeburg
657,mechatronikArena,Aspach
658,Mercedes-BenzArena,Stuttgart
659,Merck-StadionamBöllenfalltor,Darmstadt
660,MerkurSpiel-Arena,Düsseldorf
661,Millerntor-Stadion,Hamburg
662,Olympiastadion,Berlin
663,Olympiastadion,Munich
664,OpelArena,Moguncja
665,Osnatel-Arena,Osnabrück
666,OSTALBArena,Aalen
667,Preußenstadion,Münster
668,RedBullArena,Leipzig
669,Rhein-Neckar-Stadion,Mannhiem
670,RheinEnergieStadion,Cologne
671,Rosenaustadion,Augsburg
672,RSV-Stadion,Moenchengladbach
673,Rudolf-Harbig-Stadon,Dresden
674,Schauinsland-Reisen-Arena,Duisburg
675,Schönebürgstadion,Crailsheim
676,SchücoArena,Bielefeld
677,Schwarzwald-Stadion,Freiburg
678,Sepp-Herberger-Stadion,Mannhiem
679,SignalIdunaPark,Dortmund
680,Sparda-Bank-Hessen-Stadion,OffenbachamMain
681,SportparkHöhenberg,Cologne
682,SportparkRonhof,Fürth
683,StadionamZoo,Wuppertal
684,StadionChemnitz,Chemnitz
685,StadionderFreundschaft,Chociebuż
686,StadionEssen,Essen
687,StadionNiederrhein,Oberhausen
688,StadionOberwerth,Koblenz
689,StadionRoteErde,Dortmund
690,StadionZwickau,Zwickau
691,Steigerwaldstadion,Erfurt
692,Südstadion,Cologne
693,Tivoli,Aachen
694,Tönnies-Arena,Rheda-Wiedenbrück
695,VeltinsArena,Gelsenkirchen
696,VfL-StadionamElsterweg,Wolfsburg
697,Voith-Arena,Heidenheim
698,Volksparkstadion,Hamburg
699,VolkswagenArena,Wolfsburg
700,VonoviaRuhrstadion,Bochum
701,WaldstadionHomburg,Homburg
702,WaldstadionWeismain,Weismain
703,Walter-Mundorf-Stadion,Siegburg
704,Weserstadion,Bremen
705,Wildparkstadion,Karlsruhe
706,Willy-Sachs-Stadion,Schweinfurt
707,WirsolRhein-NeckarArena,Sinsheim
708,WWKArena,Augsburg
709,AccraSportsStadium,Accra
710,AlhajiAliuMahamaSportsStadium,Tamale
711,BabaYaraStadium,Kumasi
712,CapeCoastStadium,CapeCoast
713,Sekondi-TakoradiStadium,Sekondi-Takoradi
714,VictoriaStadium,Gibraltar
715,AELArena,Larissa
716,GípedoVéroias,Véroia
717,GípedoAstéraTrípolis,Trípoli
718,GípedoNeápolis,Níkaia
719,GípedoTheodorosVardinogiannis,Iraklio
720,Karaiskaki,Peiraiefs
721,PampeloponnisiakóStádio,Petras
722,PanthessalikóStádio,Vólos
723,StádioAlkazár,Larissa
724,StádioApostolosNikolaidis,Athens
725,StádioFyli,Fyli
726,StadioGeorgiosKamaras,Athens
727,StádioKaftanzóglio,Thessaloniki
728,StádioKalamariás,Kalamariá
729,StádioKavala,Kavala
730,StádioKérkyras,Korfu
731,StádioKleánthisVikelídis,Thessaloniki
732,StádioKomotini,Komotini
733,StádioLivadeiás,Livadéia
734,StádioNeaSmyrni,Athens
735,StádioPankritio,Iraklio
736,StádioPeristeríou,Peristeri
737,StádioSerres,Serres
738,StádioŠKODAXánthis,Pigádhia
739,StádioSpirosLouis,Athens
740,StádioStavrosMavrothalassitis,Aíyaleo
741,StádioToumba,Thessaloniki
742,StádioVólou,Vólos
743,NuukStadion,Nuuk
744,TasiilaqStadion,Tasiilaq
745,EstadioCarlosSalazarHijo,Mazatenango
746,EstadiodelEjército,GuatemalaCity
747,EstadioMarioCamposeco,Quetzaltenango
748,EstadioMateoFlores,GuatemalaCity
749,EstadioMunicipaldePetapa,Petapa
750,EstadioPensativo,Antigua
751,EstádioCarlosMiranda,Comayagua
752,EstádioFranciscoMorazán,SanPedroSula
753,EstádioNilmoEdwards,LaCeiba
754,EstádioOlímpicoMetropolitano,SanPedroSula
755,EstadioTiburcioCaríasAndino,Tegucigalpa
756,HongKongStadium,HongKong
757,BozsikStadion,Budapest
758,DunaferrArena,Dunaújváros
759,ETOPark,Győr
760,GroupamaAréna,Budapest
761,HaladásSportkomplexum,Szombathely
762,HidegkutiNándorStadion,Budapest
763,IllovszkyStadion,Budapest
764,KáposztásutcaiStadion,Sopron
765,LigetiStadion,Vác
766,NagyerdeiStadion,Debrecen
767,PanchoAréna,Felcsút
768,PuskásFerencStadion,Budapest
769,StadionOláhGáborÚt,Debrecen
770,SzuszaFerencStadion,Budapest
771,Vasútutca,Százhalombatta
772,ZTE-Aréna,Zalaegerszeg
773,Fjölnisvöllur,Reykjavík
774,Hásteinsvöllur,Heimaey
775,Hlíðarendi,Reykjavík
776,Kaplakriki,Hafnarfjordur
777,Kópavogsvöllur,Kópavogur
778,Laugardalsvöllur,Reykjavík
779,Norðurálsvöllurinn,Akranes
780,SamsungVöllurinn,Garðabær
781,Víkingsvöllur,Reykjavík
782,BangaloreFootballStadium,Bangalore
783,CooperageFootballStadium,Mumbai
784,IndiraGandhiStadium,Palakkad
785,JawaharlalNehruStadium(Delhi),NewDelhi
786,JawaharlalNehruStadium(Kochi),Kochi
787,MunicipalCorporationStadium,Kozhikode
788,NehruStadium,Coimbatore
789,TheArena,Ahmedabad
790,YubaBharatiKrirangan,Kolkata
791,GeloraBungKarno,Jakarta
792,GeloraBungTomo,Surabaya
793,GORAjiImbut,Tenggarong
794,KuantanSingingiStadium,TelukKuantan
795,StadionDiponegoro,Banyuwangi
796,StadionDipta,Gianyar
797,StadionGajayana,Malang
798,StadionGeloraSriwijaya,Palembang
799,StadionKanjuruhan,Malang
800,StadionPakansari,Cibinong
801,StadionSegiri,samarinda
802,StadionSiJalakHarupat,Bandung
803,StadionUtamaPalaran,samarinda
804,StadionUtamaRiau,Pekanbaru
805,AzadiStadium,Tehran
806,ImamRezaStadium,Mashhad
807,Yadegar-eEmamStadium,Tabriz
808,BasrahInternationalStadium,Basrah
809,FransoHaririStadium,Erbil
810,KarbalaInternationalStadium,Karbala
811,AvivaStadium,Dublin
812,CrokePark,Dublin
813,DalymountPark,Dublin
814,FlancarePark,Longford
815,TallaghtStadium,Tallaght
816,TheShowgrounds,Sligo
817,ThomondPark,Limerick
818,TolkaPark,Dublin
819,TurnersCrossStadium,Cork
820,BloomfieldStadium,TelAwiw-Jafa
821,HaMoshavaStadium,PetahTikwa
822,IlutStadium,Ilut
823,MunicipalStadium,Herzliya
824,NetanyaStadium,Netanya
825,RamatGan,TelAwiw-Jafa
826,SammyOferStadium,Haifa
827,TeddyStadium,Jerusalem
828,TheGreenStadium,Nazareth
829,TurnerStadium,Beersheba
830,Yud-Alef,Ashdod
831,AllianzStadium,Turin
832,ArenaGaribaldi,Piza
833,DaciaArena,Udine
834,MapeiStadium,ReggioEmilia
835,SardegnaArena,Cagliari
836,StadioAlbertoBraglia,Modena
837,StadioAldoeDinoBallarin,Chioggia
838,StadioAngeloMassimino,Catania
839,StadioArechi,Salerno
840,StadioArmandoPicchi,Livorno
841,StadioArtemioFranchi,Florence
842,StadioArtemioFranchi,Siena
843,StadioAtletiAzzurrid’Italia,Bergamo
844,StadioBenitoStirpe,Frosinone
845,StadioBrianteo,Monza
846,StadioCarloCastellani,Empoli
847,StadioCinoeLilloDelDuca,AscoliPiceno
848,StadioComunalediTorino,Turin
849,StadioComunaleMatusa,Frosinone
850,StadioDaniloMartelli,Mantua
851,StadioDinoManuzzi,Cesena
852,StadioEnnioTardini,Parma
853,StadioErasmoIacovone,Taranto
854,StadioEuganeo,Padova
855,StadioFiladelfia,Turin
856,StadioFrancoOssola,Varese
857,StadioGiuseppeSinigaglia,Como
858,StadioLiberoLiberati,Terni
859,StadioLuigiFerraris,Genoa
860,StadioMarcAntonioBentegodi,Verona
861,StadioMarioRigamonti,Brescia
862,StadioNereoRocco,Triest
863,StadioOlimpico,Rome
864,StadioOresteGranillo,ReggioCalabria
865,StadioPaoloMazza,Ferrara
866,StadioPartenio,Avellino
867,StadioPiercesareTombolato,Cittadella
868,StadioPierluigiPenzo,Venice
869,StadioPinoZaccheria,Foggia
870,StadioPolisportivoProvinciale,Trapani
871,StadioRaffaeleMancini,Fano
872,StadioRenatoCuri,Perugia
873,StadioRenatoDall’Ara,Bologna
874,StadioRenzoBarbera,Palermo
875,StadioSanFilippo,Messina
876,StadioSanNicola,Bari
877,StadioSanPaolo,Neapol
878,StadioSanSiro,Milan
879,StadioSant’Elia,Cagliari
880,StadioSilvioPiola,Novara
881,StadioSilvioPiola,Vercelli
882,StadioViadelMare,Lecce
883,StadeFélix-Houphouët-Boigny,Abidjan
884,AjinomotoStadium,Chofu(Tokyo)
885,AtsubetsuStadium,Sapporo
886,BanpakuStadium,Osaka
887,BestAmenityStadium,Tosu
888,BigArchStadium,Hiroshima
889,ChiyogadaiStadium,Hakodate
890,CityLightStadium,Okayama
891,EcopaStadium,Fukuroi
892,FukudaDenshiArena,Ichihara
893,Hitachidai,Kashiwa
894,IchiharaSeasideStadium,Ichihara
895,KashimaStadium,Kashima
896,KashiwanohaStadium,Kashiwa
897,KinchoStadium,Osaka
898,KomazawaStadium,SetagayaWard
899,KumagayaSportsParkStadium,Kumagaya
900,Level-5Stadium,Fukuoka
901,MachidaAthleticStadium,Machida
902,MarugameStadium,Marugame
903,MatsumotoStadium,Matsumoto
904,MikuniWorldStadium,Kitakyushu
905,MinaminaganoStadium,Nagano
906,MiyagiStadium,Rifu
907,NagaragawaStadium,Gifu
908,NagasakiAthleticStadium,Isahaya
909,NDSoftStadium,Tendō
910,NHKSpringMitsuzawaStadium,Yokohama
911,NiigataStadium,Niigata
912,NingineerStadium,Matsuyama
913,NishikyogokuStadium,Kyoto
914,NissanStadium,Yokohama
915,NoevirStadiumKobe,Kobe
916,ŌitaStadium,Oita
917,ŌmiyaParkStadium,Saitama
918,OutsourcingStadiumNihondaira,Shimizu-Miho
919,SaitamaStadium,Urawa
920,SapporoDome,Sapporo
921,ShikishimaStadium,Gunma
922,ShonanBMWStadium,Hiratsuka
923,StadiumSendai,Sendai
924,SuitaCityStadium,Suita
925,TochigiGreenStadium,Utsunomiya
926,TodorokiAthleticStadium,Kawasaki
927,ToyamaStadium,Toyama
928,ToyotaStadium,Toyota
929,UmakanaYokanaStadium,Kumamoto
930,UniversiadeStadium,Kobe
931,UrawaKomabaStadium,Urawa
932,YamahaStadium,Iwata
933,YanmarNagaiStadium,Osaka
934,KingAbdullahStadium,Amman
935,PrinceMohammedStadium,Zarqa
936,AstanaArena,Astana
937,OrtalykTsentralnyiStadion,Almaty
938,StadionKazhimukanMunaytpasov,Shymkent
939,StadionKazhimukanMunaytpasov,Astana
940,StadionZhetysu,Taldykorgan
941,AfrahaStadium,Nakuru
942,NyayoNationalStadium,Nairobi
943,SafaricomStadium,Nairobi
944,JaberAl-AhmadInternationalStadium,Al-Ardiya
945,MubarakAlairStadium,Jahra
946,ThamirStadium,Salmiya
947,LaosNationalStadium,Vientiane
948,Celtnieks,Daugavpils
949,Daugavasstadions,Riga
950,Daugavasstadions,Liepāja
951,LatvijasUniversitates,Riga
952,Olimpijastadions,Liepāja
953,Skonto,Riga
954,StadionsArkādija,Riga
955,Ventspilsstadions,Ventspils
956,ZOCstadions,Jelgava
957,BeirutMunicipalStadium,Beirut
958,CamilleChamounStadium,Beirut
959,SaidaInternationalStadium,Sidon
960,SetsotoStadium,Maseru
961,Aukštaitijos,Panevėžys
962,LFFStadionas,Vilnius
963,Pakruojomiestostadionas,Pakruojis
964,S.DariausirS.Gireno,Kaunas
965,Savivaldybėsstadionas,Šiauliai
966,Suduvos,Marijampolė
967,StadeAlphonseTheis,Hesperange
968,StadeauCents,Luxembourg
969,StadeduThillenberg,Differdange
970,StadeÉmileMayrisch,Esch-sur-Alzette
971,StadeJosNosbaum,Dudelange
972,StadeJosyBarthel,Luxembourg
973,StadeMunicipaldeRumelange,Rumelange
974,StadeMunicipalOberkorn,Differdange
975,StadeopFlohr,Grevenmacher
976,PodTumbeKafe,Bitola
977,StadionBorisTrajkovski,Skopje
978,StadionGjorčePetrov,Skopje
979,StadionGoceDelčev,Prilep
980,StadionGradskaPlaža,Struga
981,StadionGradskiKičevo,Kičevo
982,StadionGradskiTetovo,Tetovo
983,TelekomArena,Skopje
984,BinguNationalStadium,Lilongwe
985,StadiumBukitJalil,BukitJalil
986,StadiumDarulMakmur,Kuantan
987,StadiumJCorp,PasirGudang
988,StadiumLarkin,JohorBahru
989,StadiumLikas,KotaKinabalu
990,StadiumMPS,Selayang
991,StadiumPetalingJaya,PetalingJaya
992,StadiumShahAlam,ShahAlam
993,Stadedu26Mars,Bamako
994,CentenaryStadium,Ta’Qali
995,HiberniansGround,Paola
996,Ta’QaliStadium,Ta’Qali
997,VictorTedescoStadium,Ħamrun
998,Estadio3deMarzo,Guadalajara
999,EstadioAgustínCorucoDíaz,Zacatepec
1000,EstadioAkron,Zapopan
1001,EstadioAlbertoCórdoba,Toluca
1002,EstadioAlfonsoLastras,SanLuísPotosí
1003,EstadioAndrésQuintanaRoo,Cancún
1004,EstadioAzteca,MexicoCity
1005,EstadioAzul,MexicoCity
1006,EstadioAzulgrana,Netzahualcóyotl
1007,EstadioBanorte,Culiacán
1008,EstadioBBVABancomer,Guadeloupe
1009,EstadioBorregos,Aquascalientes
1010,EstadioCaliente,Tijuana
1011,EstadioCuauhtémoc,Puebla
1012,EstadioJalisco,Guadalajara
1013,EstadioJuanN.López,LaPiedad
1014,EstadioLaCorregidora,Querétaro
1015,EstadioLeón,León
1016,EstadioLuísdelaFuente,BocadelRio
1017,EstadioMarteR.Gómez,CiudadVictoria
1018,EstadioMiguelHidalgo,Pachuca
1019,EstadioMorelos,Morelia
1020,EstadioNemesioDíez,Toluca
1021,EstadioOlímpicoUniversitario,MexicoCity
1022,EstadioTecnológico,Monterrey
1023,EstadioTecnológicodeOaxaca,OaxacadeJuárez
1024,EstadioTSMCorona,Torreon
1025,EstadioUniversitario,SanNicolásdelosGarza
1026,EstadioUniversitarioBUAP,Puebla
1027,EstadioVíctorManuelReyna,TuxtlaGutiérrez
1028,EstadioVictoria,Aquascalientes
1029,BolshayaSportivnayaArena,Tiraspol
1030,Dinamo,Kishinev
1031,KrytayaArena,Tiraspol
1032,MalayaSportivnayaArena,Tiraspol
1033,Republican,Kishinev
1034,Zimbru,Kishinev
1035,StadionpodGoricom,Podgorica
1036,ComplexeSportifdeFès,Fes
1037,StadeAdrar,Agadir
1038,StadeBachir,Mohammedia
1039,Staded'Honneurd’Oujda,Oujda
1040,Staded'HonneurdeMeknès,Meknes
1041,StadedeFUS,Rabat
1042,StadedeMarrakech,Marrakech
1043,StadedeTanger,Tangier
1044,Stadedu18-Novembre,Khemisset
1045,StadeduPhosphate,Khouribga
1046,StadeElAbdi,ElJadida
1047,StadeElMassira,Safi
1048,StadeHassanII,Fes
1049,StadeMimounAlArsi,AlHoceima
1050,StadeMohamedV,Casablanca
1051,StadeMoulayAbdallah,Rabat
1052,StadeMunicipaldeKénitra,Kenitra
1053,StadeSaniatRmel,Tetouan
1054,EstádiodaMachava,Maputo
1055,EstádiodoZimpeto,Maputo
1056,DasarathRangasala,Kathmandu
1057,AbeLenstraStadion,Heerenven
1058,AFASStadion,Alkmaar
1059,Cambuurstadion,Leeuwarden
1060,DeAdelaarshorst,Deventer
1061,DeGeusselt,Maastricht
1062,DeGrolschVeste,Enschede
1063,DeKoel,Venlo
1064,DeOudeMeerdijk,Emmen
1065,FransHeesenStadion,Oss
1066,GelreDome,Arnhem
1067,Goffertstadion,Nijmegen
1068,HitachiStadion,Groningen
1069,JohanCruijffArenA,Amsterdam
1070,KoningWillemIIStadion,Tilburg
1071,KrasStadion,Volendam
1072,KyoceraStadion,Hague
1073,LavansStadion,Helmond
1074,MAC³PARKstadion,Zwolle
1075,MandemakersStadion,Waalwijk
1076,OlympischStadion,Amsterdam
1077,ParkstadLimburg,Kerkrade
1078,PhilipsStadion,Eindhoven
1079,RatVerleghStadion,Breda
1080,SpartaStadion,Rotterdam
1081,SportparkDeHeikant,Groesbeek
1082,SportparkDeHogeBomen,Naaldwijk
1083,SportparkDeWestmaat(Blauwe),Spakenburg
1084,SportparkDeWestmaat(Rode),Spakenburg
1085,SportparkElinkwijk,Utrecht
1086,SportparkWestvliet,Voorburg
1087,StadionFeijenoord,Rotterdam
1088,StadionGalgenwaard,Utrecht
1089,StadionHeraclesAlmelo,Almelo
1090,StadionWoudestein,Rotterdam
1091,TelstarStadion,Velsen-Zuid
1092,TrendworkArenaStadion,Sittard
1093,EdenPark,Auckland
1094,ForsythBarrStadium,Dunedin
1095,WestpacStadium,Wellington
1096,AbujaStadium,Abuja
1097,GodswillAkpabioInternationalStadium,Uyo
1098,KimIl-sungStadium,Pyongyang
1099,RungradoMayDayStadium,Pyongyang
1100,KingspanStadium,Belfast
1101,Solitude,Belfast
1102,TheOval,Belfast
1103,WindsorPark,Belfast
1104,AkerStadion,Molde
1105,AlfheimStadion,Tromsø
1106,ÅråsenStadion,Lillestrøm
1107,AspmyraStadion,Bodø
1108,BislettStadion,Oslo
1109,BrannStadion,Bergen
1110,ColorLineStadion,Ålesund
1111,HILStadion,Henningsvær
1112,IntilityArena,Oslo
1113,Komplett.noArena,Sandefjord
1114,LerkendalStadion,Trondheim
1115,MarienlystStadion,Drammen
1116,NadderudStadion,Bærum
1117,SarpsborgStadion,Sarpsborg
1118,SørArena,Kristiansand
1119,StrømmenStadion,Strømmen
1120,TelenorArena,Fornebu
1121,UllevålStadion,Oslo
1122,VikingStadion,Stavanger
1123,Al-SaadaStadium,Salalah
1124,SeebStadium,Seeb
1125,SoharRegionalSportsComplex,Sohar
1126,SurSportsComplex,Sur
1127,EstadioAntonioOddoneSarubbi,PedroJuanCaballero
1128,EstadioDefensoresdelChaco,Asunción
1129,EstadioDr.NicolásLeóz,Asunción
1130,EstadioFelicianoCáceres,Luque
1131,EstadioGeneralPabloRojas,Asunción
1132,EstadioManuelFerreira,Asunción
1133,EstadioRioParapiti,PedroJuanCaballero
1134,EstadioAlejandroVillanueva,Lima
1135,EstadioGarcilasodelaVega,Cusco
1136,EstadioMiguelGrau,Callao
1137,EstadioNacionalJoséDiaz,Lima
1138,EstadioTeodoroLoloFernández,Ate
1139,ArenaCzęstochowa,Częstochowa
1140,ArenaLublin,Lublin
1141,ArenaZabrze,Zabrze
1142,ArenaŻagań,Zagan
1143,DolcanArena,Zabki
1144,GIEKSAArena,Bełchatów
1145,IntakusPark,Wroclaw
1146,IzoArena,Boguchwała
1147,Kompleksim.WłodzimierzaSmolarka,Uniejów
1148,Motoarena,Toruń
1149,NarodowyStadionRugby,Gdynia
1150,PGENarodowy,Warsaw
1151,Stadion1000-leciawTurku,Turek
1152,Stadion650-lecia,Słupsk
1153,StadionAlfredaSmoczyka,Leszno
1154,StadionAmiki,Wronki
1155,StadionArkonii,Szczecin
1156,StadionAWFKatowice,Katowice
1157,StadionAWFKraków,Krakow
1158,StadionBałtyku,Koszalin
1159,StadionBBOSiRMłyńska,Bielsko-Biała
1160,StadionBolesława,Bukowno
1161,StadionBroniRadom,Radom
1162,StadionBronisławaBagińskiego,Barlinek
1163,StadionBruk-Bet,Nieciecza
1164,StadionBuguWyszków,Wyszków
1165,StadionBytovii,Bytow
1166,StadionCarbo,Gliwice
1167,StadionCartusii,Kartuzy
1168,StadionCeramiki,Opoczno
1169,StadionChełmianki,Chelm
1170,StadionChemikaBydgoszcz,Bydgoszcz
1171,StadionChojniczanki,Chojnice
1172,StadionChrobrego,Głogów
1173,StadionCracovii,Krakow
1174,StadionCSiRwBabimoście,Babimost
1175,StadionCTSNowaRuda,NowaRuda
1176,StadionCzarnychJasło,Jasło
1177,StadionCzarnychOlecko,Olecko
1178,StadionDyskobolii,GrodziskWielkopolski
1179,StadionEdwardaSzymkowiaka,Bytom
1180,StadionEnergaGdańsk,Gdansk
1181,StadionFalubazu,ZielonaGora
1182,StadionFlorianaKrygiera,Szczecin
1183,StadionFloty,Świnoujście
1184,StadionGarbarni,Krakow
1185,StadionGKS-uJastrzębie,Jastrzębie-Zdrój
1186,StadionGKS-uKatowice,Katowice
1187,StadionGórnikaŁęczna,Łęczna
1188,StadionGórnikaLibiąż,Libiaz
1189,StadionGOS,Nadarzyn
1190,StadionGOSiRwGdyni,Gdynia
1191,StadionGranicyBogatynia,Bogatynia
1192,StadionGryfa,Wejherowo
1193,StadionGryfaKamieńPomorski,KamieńPomorski
1194,StadionGryfaSłupsk,Słupsk
1195,StadionGrzegorzaDuneckiego,Toruń
1196,StadionHenrykaReymana,Krakow
1197,StadionHetmana,Zamość
1198,StadionHuraganuPobiedziska,Pobiedziska
1199,StadionHutnikaWarszawa,Warsaw
1200,StadionIgloopoluDębica,Debica
1201,Stadionim.StanisławaBąka,Wągrowiec
1202,Stadionim.WłodzimierzaSmolarka,AleksandrówŁódzki
1203,StadionInowrocławskichOlimpijczyków,Inowroclaw
1204,StadionJagiellonii,Bialystok
1205,StadionJaroty,Jarocin
1206,StadionJezioraka,Iława
1207,StadionJózefaPawełczyka,Czeladz
1208,StadionKarkonoszy,JeleniaGora
1209,StadionKarolaKucharskiego,Gryfice
1210,StadionKarpat,Krosno
1211,StadionKazimierzaDeyny,StarogardGdański
1212,StadionKazimierzaGórskiego,Płock
1213,StadionKonfeksu,Legnica
1214,StadionKoszarawy,Żywiec
1215,StadionKSZO,OstrowiecŚwiętokrzyski
1216,StadionKujawiaka,Włocławek
1217,StadionKuźniczka,Kędzierzyn-Koźle
1218,StadionŁadyBiłgoraj,Biłgoraj
1219,StadionLechaPoznań,Poznan
1220,StadionLechii,Gdansk
1221,StadionLechiiDzierżoniów,Dzierzoniow
1222,StadionLechiiStrawczyn,Strawczyn
1223,StadionLegionovii,Legionowo
1224,StadionLekkoatletycznyBOSiR,Bialystok
1225,StadionLekkoatletycznywBarcinie,Barcin
1226,StadionLekkoatletycznywLublinie,Lublin
1227,StadionLeśnywNiechorzu,Niechorze
1228,StadionLeśnywSopocie,Sopot
1229,StadionŁKS-u,Łódź
1230,StadionŁKS-uŁódź,Łódź
1231,StadionŁKS-uŁomża,Łomża
1232,StadionLudowy,Sosnowiec
1233,StadionMarianaPaska,Konin
1234,StadionMazura,Elk
1235,StadionMiejskiTychy,Tychy
1236,StadionMiejskiwAlwerni,Alwernia
1237,StadionMiejskiwBędzinie,Bedzin
1238,StadionMiejskiwBielsku-Białej,Bielsko-Biała
1239,StadionMiejskiwGogolinie,Gogolin
1240,StadionMiejskiwGostyninie,Gostynin
1241,StadionMiejskiwGubinie,Gubin
1242,StadionMiejskiwKluczborku,Kluczbork
1243,StadionMiejskiwKutnie,Kutno
1244,StadionMiejskiwMiędzychodzie,Międzychód
1245,StadionMiejskiwNowymTomyślu,NowyTomyśl
1246,StadionMiejskiwPolkowicach,Polkowice
1247,StadionMiejskiwRadłowie,Radłów
1248,StadionMiejskiwRadomsku,Radomsko
1249,StadionMiejskiwRadzyniu,RadzyńPodlaski
1250,StadionMiejskiwSkwierzynie,Skwierzyna
1251,StadionMiejskiwStarachowicach,Starachowice
1252,StadionMiejskiwSulejówku,Sulejówek
1253,StadionMiejskiwŚwidniku,Świdnik
1254,StadionMiejskiwSzczecinku,Szczecinek
1255,StadionMiejskiwTrzemiesznie,Trzemeszno
1256,StadionMiejskiwZgorzelcu,Zgorzelec
1257,StadionMiejskiweWrześni,Września
1258,StadionMieszkaGniezno,Gniezno
1259,StadionMKS-uKozienice,Kozienice
1260,StadionMOSiRBrzeg,Brzeg
1261,StadionMOSiRBystrzyca,Lublin
1262,StadionMOSiRPuławy,Puławy
1263,StadionMOSiRwKostrzynie,KostrzynnadOdrą
1264,StadionMOSiRwMyszkowie,Myszków
1265,StadionMOSiRwPucku,Puck
1266,StadionNaprzoduRydułtowy,Rydultowy
1267,StadionNarwi,Ostrołęka
1268,StadionNoweMiasto,Wałbrzych
1269,StadionObry,Koscian
1270,StadionOCKF,Olawa
1271,StadionOdryOpole,Opole
1272,StadionOdryWodzisław,WodzisławŚląski
1273,StadionOkęcia,Warsaw
1274,StadionOlimpii,Elbląg
1275,StadionOlimpiiGrudziądz,Grudziądz
1276,StadionOlimpiiPoznań,Poznan
1277,StadionOlimpiiZambrów,Zambrow
1278,StadionOlimpijski,Wroclaw
1279,StadionOlimpijskiwSłubicach,Slubice
1280,StadionOrkanaRumia,Rumia
1281,StadionOrkanaSochaczew,Sochaczew
1282,StadionOrłaBiałego,Legnica
1283,StadionOrłaMiędzyrzecz,Międzyrzecz
1284,StadionOrłaZąbkowice,ZąbkowiceŚląskie
1285,StadionOSiRCzarnków,Czarnków
1286,StadionOSiRGorzów,GorzówWielkopolski
1287,StadionOSiRSiedlce,Siedlce
1288,StadionOSiRSkałka,Swietochlowice
1289,StadionOSiRwOlsztynie,Olsztyn
1290,StadionOSiRwRaciborzu,Racibórz
1291,StadionOSiRwTrzciance,Trzcianka
1292,StadionPatriiBuk,Buk
1293,StadionPcimiankiPcim,Pcim
1294,StadionPelikana,Łowicz
1295,StadionPiastaGliwice,Gliwice
1296,StadionPiastaŻmigród,Żmigród
1297,StadionPodlesianki,Katowice
1298,StadionPogoniLwówek,Lwówek
1299,StadionPogoniMiechów,Miechów
1300,StadionPogoniŚwiebodzin,Świebodzin
1301,StadionPolaruWrocław,Wroclaw
1302,StadionPoloniiBydgoszcz,Bydgoszcz
1303,StadionPoloniiLidzbark,LidzbarkWarmiński
1304,StadionPoloniiWarszawa,Warsaw
1305,StadionPosnanii,Poznan
1306,StadionPromieniaOpalenica,Opalenica
1307,StadionPrzeboju,Wolbrom
1308,StadionPrzemszySiewierz,Siewierz
1309,StadionPuszczyNiepołomice,Niepołomice
1310,StadionRadomiaka,Radom
1311,StadionRakowa,Częstochowa
1312,StadionRCSLubin,Lubin
1313,StadionResovii,Rzeszów
1314,StadionROSRRiTSiedlce,Siedlce
1315,StadionROW-u,Rybnik
1316,StadionRoztoczaSzczebrzeszyn,Szczebrzeszyn
1317,StadionRozwojuKatowice,Katowice
1318,StadionRuchu,Chorzów
1319,StadionSandecji,NowySącz
1320,StadionSebastianaKarpiniuka,Kołobrzeg
1321,StadionSiarkiTarnobrzeg,Tarnobrzeg
1322,StadionSkryWarszawa,Warsaw
1323,StadionŚląska(Oporowska),Wroclaw
1324,StadionŚląskaWrocław,Wroclaw
1325,StadionŚląski,Chorzów
1326,StadionSokołaOstróda,Ostroda
1327,StadionSokołaPniewy,Pniewy
1328,StadionSpartySzamotuły,Szamotuły
1329,StadionSpartyZabrze,Zabrze
1330,StadionStaliGorzów,GorzówWielkopolski
1331,StadionStaliKraśnik,Kasnik
1332,StadionStaliMielec,Mielec
1333,StadionStaliPoniatowa,Poniatowa
1334,StadionStaliRzeszów,Rzeszów
1335,StadionStaliStalowaWola,StalowaWola
1336,StadionStanisławaFigasa,Koszalin
1337,StadionStartuGniezno,Gniezno
1338,StadionStartuKrasnystaw,Krasnystaw
1339,StadionStoczniowy,Szczecin
1340,StadionŚwituDziałoszyce,Działoszyce
1341,StadionŚwituNowyDwór,NowyDwórMazowiecki
1342,StadionSzombierek,Bytom
1343,StadionTłoków,Gorzyce
1344,StadionTomasovii,TomaszówLubelski
1345,StadionTysiąclecia,Wałbrzych
1346,StadionUniiJanikowo,Janikowo
1347,StadionUniiRacibórz,Racibórz
1348,StadionUniiSwarzędz,Swarzędz
1349,StadionUniiTarnów,Tarnów
1350,StadionUniiTczew,Tczew
1351,StadionUranii,Rudaslaska
1352,StadionUrsusaWarszawa,Warsaw
1353,StadionVictoriiJaworzno,Jaworzno
1354,StadionVictoriiSkalbmierz,Skalbmierz
1355,StadionwCzosnowie,Czosnów
1356,StadionwPlewiskach,Plewiska
1357,StadionwRewalu,Rewal
1358,StadionWarmiiGrajewo,Grajewo
1359,StadionWartyPoznań,Poznan
1360,StadionWartySieradz,Sieradz
1361,StadionWartyŚrem,Śrem
1362,StadionWartyZawiercie,Zawiercie
1363,StadionWawelu,Krakow
1364,StadionWidzewa,Łódź
1365,StadionWiesławaManiaka,Szczecin
1366,StadionWigierSuwałki,Suwalki
1367,StadionWisłyAnnopol,Annopol
1368,StadionWisłySandomierz,Sandomierz
1369,StadionWłocłavii,Włocławek
1370,StadionWojskaPolskiego,Warsaw
1371,StadionWSKFiT,Pruszków
1372,StadionZagłębia,Lubin
1373,StadionZbigniewaPodleckiego,Gdansk
1374,StadionZdzisławaKrzyszkowiaka,Bydgoszcz
1375,StadionZłotejJedenastki,Konin
1376,StadionZnicza,Pruszków
1377,StadionZorzy-TempoPacanów,Pacanow
1378,SucheStawy,Krakow
1379,SuzukiArena,Kielce
1380,CaixaFutebolCampus,Seixal
1381,ComplexoDesportivodeBarcelos,Barcelos
1382,EstádiodoMar,Matosinhos
1383,EstádiodoRestelo,Lisbon
1384,EstádioMunicipaldeChaves,Chaves
1385,EstádioAgostinodeLima,CaldasdeVizela
1386,EstádioAlgarve,Faro/Loulé
1387,EstádioAntonioCoimbra,Estoril
1388,EstádioBentoPessoa,FigueiradaFoz
1389,EstádioCampodoPragal,Almada
1390,EstádioCidadedeCoimbra,Coimbra
1391,EstádiodaLuz,Lisbon
1392,EstádiodaMadeira,Funchal
1393,EstádiodaMataReal,PaçosdeFerreira
1394,EstádiodeMachico,Machico
1395,EstádiodeSãoLuís,Faro
1396,EstádiodoBessaXXI,Porto
1397,EstádiodoBonfim,Setubal
1398,EstádiodoCDdasAves,ViladasAves
1399,EstádiodoDragão,Porto
1400,EstádiodoMaritimo,Funchal
1401,EstádiodoSCFreamunde,Freamunde
1402,EstádioDomAfonsoHenriques,Guimarâes
1403,EstádiodosArcos,ViladoConde
1404,EstádioDr.FranciscoVieira,Silves
1405,EstádioDr.MagalhaesPessoa,Leiria
1406,EstádioJoãoCardoso,Tondela
1407,EstádioJoseAlvalade,Lisbon
1408,EstádioMunicipal25deAbril,Penafiel
1409,EstádioMunicipaldeAlbufeira,Albufeira
1410,EstádioMunicipaldeArouca,Arouca
1411,EstádioMunicipaldeAveiro,Aveiro
1412,EstádioMunicipaldeBraga,Braga
1413,EstádioMunicipaldeLagos,Lagos
1414,EstádioMunicipaldePortimão,Portimão
1415,EstádioNacionaldoJamor,Lisbon
1416,EstádioPinaManique,Lisbon
1417,EstádioVarzimSC,PóvoadeVarzim
1418,AbdullahbinKhalifaStadium,Doha
1419,AhmedbinAliStadium,Al-Rayyan
1420,AlShamalStadium,MadinatashShamal
1421,GrandHamadStadium,Doha
1422,JassimbinHamadStadium,Doha
1423,KhalifaStadium,Doha
1424,ThanibinJassimStadium,Doha
1425,AthloneStadium,CapeTown
1426,BidvestStadium,Johannesburg
1427,CapeTownStadium,CapeTown
1428,EllisPark,Johannesburg
1429,FNBStadium,Johannesburg
1430,LoftusVersfeld,Pretoria
1431,LucasMoripeStadium,Atteridgeville
1432,MbombelaStadium,Nelspruit
1433,MmabathoStadium,Mahikeng
1434,MosesMabhidaStadium,Durban
1435,NelsonMandelaBayStadium,PortElizabeth
1436,NewlandsStadium,CapeTown
1437,OrlandoStadium,Orlando
1438,PeterMokabaStadium,Polokwane
1439,RandStadium,Rosettenville
1440,RoyalBafokengStadium,Phokeng
1441,VodacomPark,Bloemfontein
1442,ClujArena,Cluj-Napoca
1443,StadionulAreni,Suceava
1444,StadionulAvântul,Reghin
1445,StadionulCeahlăul,PiatraNeamţ
1446,StadionulCentral,Ovidiu
1447,StadionulConcordia,Chiajna
1448,StadionulCotroceni,Bucarest
1449,StadionulDanPaltinisanu,Timişoara
1450,StadionulDinamo,Bucarest
1451,StadionulDr.ConstantinRădulescu,Cluj-Napoca
1452,StadionulEmilAlexandrescu,Iași
1453,StadionulFarul,Constanţa
1454,StadionulFlacăra,Moreni
1455,StadionulFlacăra,Năvodari
1456,StadionulFranciscvonNeumann,Arad
1457,StadionulGazMetan,TârguMureş
1458,StadionulGhencea,Bucarest
1459,StadionulGiuleşti-ValentinStănescu,Bucarest
1460,StadionulGloria,Bistriţa
1461,StadionulIlieOană,Ploieşti
1462,StadionulIonOblemenco,Craiova
1463,StadionulIuliuBodola,Oradea
1464,StadionulJiul,Petroșani
1465,StadionulLadislauBölöni,TârguMureş
1466,StadionulMarinAnastasovici,Giurgiu
1467,StadionulMetalul,Aiud
1468,StadionulMichaelKlein,Hunedoara
1469,StadionulMirceaChivu,Reșița
1470,StadionulMunicipal,TârguMureş
1471,StadionulMunicipalBacău,Bacău
1472,StadionulMunicipalBotoșani,Botoșani
1473,StadionulMunicipalBrăila,Brăila
1474,StadionulMunicipalBuzău,Buzău
1475,StadionulMunicipalSibiu,Sibiu
1476,StadionulNaţional,Bucarest
1477,StadionulRegie,Bucarest
1478,StadionulTineretului,Urziceni
1479,StadionulTudorVladimirescu,Târgu-Jiu
1480,StadionulViitorul,Scornicești
1481,AchmatArena,Grozny
1482,AnjiArena,Kaspiysk
1483,ArenaKhimki,Khimki
1484,ArsenałStadion,Tula
1485,CentralnyjStadion,Kazan
1486,DinamoStadion,Vladivostok
1487,FishtOlympicStadium,Sochi
1488,KazanArena,Kazan
1489,KubanStadion,Krasnodar
1490,LokomotivStadion,Moscow
1491,Luzhniki,Moscow
1492,MalajaSportivnajaArenaLokomotiv,Moscow
1493,MalayaArena-Petrovsky,Petersburg
1494,MetallurgStadion,Samara
1495,MordoviaArena,Saransk
1496,Olimp-2Stadion,Rostov-on-Don
1497,OtkritieArena,Moscow
1498,PetrovskyStadion,Petersburg
1499,RostovArena,Rostov-on-Don
1500,SamaraArena,Samara
1501,SpartakStadion,Novosibirsk
1502,StadionDynamo,Moscow
1503,StadionFKKrasnodar,Krasnodar
1504,StadionFOPIzmailovo,Moscow
1505,StadionKaliningrad,Kaliningrad
1506,StadionNizhnyNovgorod,NizhnyNovgorod
1507,StadionSanktPetersburg,Petersburg
1508,TorpedoStadion,Vladimir
1509,TorpedoStadion,Moscow
1510,TsentralnyiStadion,Yekaterinburg
1511,TsentralnyiStadion,Krasnoyarsk
1512,VEBArena,Moscow
1513,VolgogradArena,Volgograd
1514,ZvezdaStadion,Perm
1515,StadeAmahoro,Kigali
1516,KingAbdullahSportsCityStadium,Buraydah
1517,KingAbdullahStadium,Jeddah
1518,KingFahdInternationalStadium,Riyadh
1519,KSUStadium,Riyadh
1520,PrinceAbdullahAl-FaisalStadium,Jeddah
1521,BroadwoodStadium,Cumbernauld
1522,BTMurrayfield,Edinburgh
1523,CaledonianStadium,Inverness
1524,Cappielow,Greenock
1525,CathkinPark,Glasgow
1526,CelticPark,Glasgow
1527,DamPark,Ayr
1528,EastEndPark,Dunfermline
1529,EasterRoadStadium,Edinburgh
1530,EnergyCheckStadium,Glasgow
1531,ExcelsiorStadium,Airdrie
1532,FalkirkStadium,Falkirk
1533,FirPark,Motherwell
1534,Galabank,Annan
1535,GlobalEnergyStadium,Dingwall
1536,HampdenPark,Glasgow
1537,IbroxStadium,Glasgow
1538,KilmacStadium,Dundee
1539,McDiarmidPark,Perth
1540,MeadowPark,Irvine
1541,Meadowbank,Edinburgh
1542,NewDouglasPark,Hamilton
1543,Paisley2021Stadium,Paisley
1544,PalmerstonPark,Dumfries
1545,PetershillPark,Glasgow
1546,PittodrieStadium,Aberdeen
1547,RugbyPark,Kilmarnock
1548,Stark’sPark,Kirkcaldy
1549,TannadicePark,Dundee
1550,TheYOURRadio103FMStadium,Dumbarton
1551,TonyMacaroniArena,Livingston
1552,TynecastlePark,Edinburgh
1553,StadeLéopoldSenghor,Dakar
1554,GradskiStadionGuča,Guča
1555,GradskiStadionKraljevo,Kraljevo
1556,GradskiStadionNoviPazar,NoviPazar
1557,GradskiStadionSubotica,Subotica
1558,GradskiStadionSurdulica,Surdulica
1559,GradskiStadionUžice,Užice
1560,OmladinskiStadion,Belgrade
1561,StadionČair,Niš
1562,StadionČikaDača,Kragujevac
1563,StadionFKJagodina,Jagodina
1564,StadionFKPartizan,Belgrade
1565,StadionFKSmederevo,Smederevo
1566,StadionFKZemun,Belgrade
1567,StadionHajdukanaLionu,Belgrade
1568,StadionKarađorđe,NoviSad
1569,StadionkrajMoravice,Ivanjica
1570,StadionKraljPetarPrvi,Belgrade
1571,StadionMetalac,GornjiMilanovac
1572,StadionMladost,Lučani
1573,StadionMladostKruševac,Kruševac
1574,StadionObilić,Belgrade
1575,StadionRajkoMitić,Belgrade
1576,StadionVašarište,Požarevac
1577,StadionVoždovac,Belgrade
1578,ChoaChuKangStadium,Singapore
1579,JalanBesarStadium,Singapore
1580,SingaporeNationalStadium,Singapore
1581,TheFloat@MarinaBay,Singapore
1582,AreálAFCPovažan,NovéMestonadVáhom
1583,CityArena-SAM,Trnava
1584,FutbalovýštadiónPrievidza,Prievidza
1585,Humenskýštadión,Humenné
1586,Mestskýfutbalovýštadión,DubnicanadVáhom
1587,MestskýštadiónSkalica,Skalica
1588,NTCPoprad,Poprad
1589,ŠtadiónDACDunajskáStreda,DunajskáStreda
1590,ŠtadiónFCViOn,ZlatéMoravce
1591,ŠtadiónFKPúchov,Púchov
1592,ŠtadiónFKSenica,Senica
1593,ŠtadiónLokomotívy,Košice
1594,ŠtadiónMFKRužomberok,Ružomberok
1595,ŠtadiónnaSihoti,Trenčín
1596,ŠtadiónNTC,Senec
1597,ŠtadiónPasienky,Bratislava
1598,ŠtadiónPetržalka,Bratislava
1599,ŠtadiónpodDubňom,Žilina
1600,ŠtadiónpodZoborom,Nitra
1601,ŠtadiónŠKPDúbravka,Bratislava
1602,ŠtadiónSpartakaMyjava,Myjava
1603,ŠtadionŠtiavničky,BanskaBystrica
1604,ŠtadiónTatran,Prešov
1605,ŠtadionvČiernomBalogu,ČiernyBalog
1606,SteelSlovakiaAréna,MoldavanadBodvou
1607,LjudskiVrt,Maribor
1608,MestniStadionLendava,Lendava
1609,ŠportniParkDomžale,Domžale
1610,ŠportniParkNovaGorica,NovaGorica
1611,StadionBežigrad,Ljubljana
1612,StadionFazanerija,MurskaSobota
1613,StadionMatijaGubec,Krško
1614,StadionPrimorje,Ajdovščina
1615,StadionStožice,Ljubljana
1616,StadionZ’dežele,Celje
1617,StadionŽŠD,Ljubljana
1618,AlpensiaStadium,Daegwallyeong
1619,BigBirdStadium,Suwon
1620,BucheonStadium,Bucheon
1621,BusanAsiadStadium,Busan
1622,ChangwonCivicStadium,Changwon
1623,ChangwonFootballStadium,Changwon
1624,DaeguStadium,Daegu
1625,DaejeonWorldCupStadium,Daejeon
1626,GuusHiddinkStadium,Gwangju
1627,GwangyangStadium,Gwangyang
1628,HwaseongStadium,Hwaseong
1629,IcheonStadium,Icheon
1630,IncheonAsiadMainStadium,Incheon
1631,IncheonFootballStadium,Incheon
1632,IncheonMunhakStadium,Incheon
1633,JejuWorldCupStadium,Seogwipo
1634,JeonjuWorldCupStadium,Jeonju
1635,JinjuStadium,Jinju
1636,MunsuFootballStadium,Ulsan
1637,SeongnamSportsComplexStadium,Seongnam
1638,SeoulWorldCupStadium,Seoul
1639,Steelyard,Pohang
1640,TanCheonStadium,Seongnam
1641,UlsanStadium,Ulsan
1642,AbancaBalaídos,Vigo
1643,Abanca-Riazor,LaCoruńa
1644,Campd'Esports,Lleida
1645,CampMunicipalNarcísSala,Barcelona
1646,CampNou,Barcelona
1647,CampodeFútboldeVallecas,Madrid
1648,CIAT,SantaCruzdeTenerife
1649,ColiseumAlfonsoPérez,Getafe
1650,ComplejoDeportivolaFuensanta,Cuenca
1651,EstadiCiutatdeValencia,Valencia
1652,EstadiNovaCreuAlta,Sabadell
1653,EstadiOlimpic,Terrassa
1654,EstadiOlímpicLluísCompanys,Barcelona
1655,EstadioNuevolasGaunas,Logrońo
1656,EstadioAlfredodiStefano,Valdebebas
1657,EstadioAnoeta,SanSebastian
1658,EstadioBenitoVillamarín,Sevilla
1659,EstadioCarlosBelmonte,Albacete
1660,EstadioCarlosTartiere,Oviedo
1661,EstadioCartagonova,Cartagena
1662,EstadioCiudaddeLepe,Lepe
1663,EstadioCiudaddeLucena,Lucena
1664,EstadiodeButarque,Leganés
1665,EstadiodelaCerámica,Villarreal
1666,EstadiodeLaRomareda,Zaragoza
1667,EstadiodeLasesarre,Barakaldo
1668,EstadiodeMendizorrotza,Vitoria-Gasteiz
1669,EstadiodePasarón,Pontevedra
1670,EstadiodeTenerife,SantaCruzdeTenerife
1671,EstadioElMolinón,Gijón
1672,EstadioElSadar,Pamplona
1673,EstadioElSardinero,Santander
1674,EstadioFranciscoMuñozPérez,Estepona
1675,EstadioGranCanaria,LasPalmas
1676,EstadioHelmántico,Salamanca
1677,EstadioIberoamericano2010,SanFernando
1678,EstadioIpurúa,Eibar
1679,EstadioJoséRicoPérez,Alicante
1680,EstadioJoséZorrilla,Valladolid
1681,EstadioLaCondomina,Murcia
1682,EstadioLaRosaleda,Málaga
1683,EstadioManuelMartinezValero,Elche
1684,EstadioMediterráneo,Almería
1685,EstadioMestalla,Valencia
1686,EstadioMunicipaldeAnduva,MirandadeEbro
1687,EstadioMunicipaldeChapín,Xerez
1688,EstadioNuevaBalastera,Palencia
1689,EstadioNuevaCondomina,Murcia
1690,EstadioNuevoArcángel,Cordoba
1691,EstadioNuevoColombino,Huelva
1692,EstadioNuevoLosCármenes,Granada
1693,EstadioNuevoVivero,Badajoz
1694,EstadioOlímpicodeSevilla,Sevilla
1695,EstadioRamondeCarranza,Cádiz
1696,EstadioRomano,Mérida
1697,EstadioSantiagoBernabéu,Madrid
1698,EstadioSilvestreCarrillo,SantaCruzdeLaPalma
1699,EstadioVicenteCalderón,Madrid
1700,EstadioZubietaXXI,Zubieta
1701,IberostarEstadi,PalmadeMallorca
1702,MiniEstadi,Barcelona
1703,MiniestadioCerrodelEspino,Majadahonda
1704,NouCampMunicipalUECornellá,Barcelona
1705,NouEstadi,Tarragona
1706,NouEstadiCastalia,CastellóndelaPlana
1707,NouSardenya,Barcelona
1708,NuevoEstadioLosPajaritos,Soria
1709,RamónRamónSánchezPizjuán,Sevilla
1710,RCDEStadium,Barcelona
1711,SanMamésBarria,Bilbao
1712,StadiumGal,Irun
1713,WandaMetropolitano,Madrid
1714,Arosvallen,Västerås
1715,BehrnArena,Örebro
1716,BoråsArena,Borås
1717,BravidaArena,Göteborg
1718,FredriksskansIP,Kalmar
1719,FriendsArena,Solna
1720,GamlaUllevi,Göteborg
1721,Gavlevallen,Gävle
1722,GuldfågelnArena,Kalmar
1723,JämtkraftArena,Östersund
1724,Jernvallen,Sandviken
1725,Klostergårdens,Lund
1726,Kopparvallen,Åtvidaberg
1727,LandskronaIP,Landskrona
1728,MalmöStadion,Malmö
1729,MyresjöhusArena,Vaxjo
1730,NorrportenArena,Sundsvall
1731,NyaParken,Norrköping
1732,OlympiaStadion,Helsingborgs
1733,ÖrjansVall,Halmstad
1734,RosvallaStadion,Nyköping
1735,Slottskogsvallen,Göteborg
1736,Söderstadion,Stockholm
1737,SödertäljeFotbollsarena,Södertälje
1738,Sollentunavallen,Sollentuna
1739,StockholmsStadion,Stockholm
1740,SwedbankPark,Västerås
1741,SwedbankStadion,Malmö
1742,Tele2Arena,Stockholm
1743,Tunavallen,Eskilstuna
1744,UlleviStadion,Göteborg
1745,Varendsvallen,Vaxjo
1746,AFGArena,SanktGallen
1747,LaMaladière,Neuchâtel
1748,Letzigrund,Zurich
1749,St.Jakob-Park,Basel
1750,StadedeGenéve,Geneve
1751,StadedeSuisse,Bern
1752,StadeOlympiquedelaPontaise,Lousanne
1753,StadioComunalediBellinzona,Bellinzona
1754,StadionBrügglifeld,Aarau
1755,StadionGurzelen,Biel/Bienne
1756,StadionSchützenwiese,Winterthur
1757,StockhornArena,Thun
1758,swissporarena,Lucerne
1759,TissotArena,Biel/Bienne
1760,Tourbillon,Sion
1761,AbbasiyyinStadium,Damascus
1762,Al-HamadaniahStadium,Aleppo
1763,AleppoInternationalStadium,Aleppo
1764,IdlibStadium,Idlib
1765,ChungshanStadium,Taipei
1766,KaohsiungStadium,Kaohsiung
1767,TaipeiMunicipalStadium,Taipei
1768,TaoyuanStadium,Taoyuan
1769,BenjaminMkapaStadium,DarEsSalaam
1770,ChulalongkornStadium,Bangkok
1771,i-mobileStadium,Buriram
1772,PATStadium,Bangkok
1773,RajamangalaStadium,Bangkok
1774,Thai-JapaneseStadium,Bangkok
1775,TOTStadium,Bangkok
1776,AtoBoldonStadium,Couva
1777,HaselyCrawfordStadium,PortofSpain
1778,MannieRamjohnStadium,Marabella
1779,MarvinLeeStadium,Macoya
1780,Stade7Novembre,Radès
1781,Stadedu15Octobre,Bizerte
1782,StadeElMenzah,Tunis
1783,StadeMoustaphaBenJannet,Monastir
1784,StadeOlympique,Sousse
1785,19EylülStadyumu,Ordu
1786,19MayısStadyumu,Ankara
1787,19MayısStadyumu,Samsun
1788,19MayısStadyumu,Manisa
1789,Adana5OcakStadyumu,Adana
1790,AkdenizÜniversitesiStadyumu,Antalya
1791,AntalyaArena,Antalya
1792,AtatürkOlimpiyatStadyumu,Istanbul
1793,AtatürkStadyumu,Bursa
1794,AtatürkStadyumu,Konya
1795,BeykozStadyumu,Istanbul
1796,BornovaStadyumu,Izmir
1797,ÇaykurDidiStadyumu,Rize
1798,ÇetinEmeçStadyumu,Istanbul
1799,FatihTerimStadyumu,Istanbul
1800,GaziantepStadyumu,Gaziantep
1801,GümüşhaneStadyumu,Gümüşhane
1802,HasanPolatStadyumu,Istanbul
1803,HüseyinAvniAkerStadyumu,Trabzon
1804,İzmirAtatürkStadyumu,Izmir
1805,KadirHasStadyumu,Kayseri
1806,KamilOcakStadyumu,Gaziantep
1807,KartalStadyumu,Istanbul
1808,MedicalParkStadyumu,Trabzon
1809,MersinArena,Mersin
1810,MimarYahyaBaşStadyumu,Istanbul
1811,NecmiKadıoğluStadyumu,Istanbul
1812,OsmanlıStadyumu,Sincan
1813,ÖzerTürkStadyumu,Kusadasi
1814,RecepTayyipErdoğanStadyumu,Istanbul
1815,SivasArena,Sivas
1816,TimsahArena,Bursa
1817,TorkuArena,Konya
1818,TürkTelekomStadium,Istanbul
1819,ÜlkerStadyumu,Istanbul
1820,VodafonePark,Istanbul
1821,YeniEskişehirStadyumu,Eskişehir
1822,YeniMalatyaStadyumu,Malatya
1823,YeniSakaryaStadyumu,Sakarya
1824,YusufZiyaÖnişStadyumu,Istanbul
1825,ZeytinburnuStadyumu,Istanbul
1826,AşgabatOlimpiýaStadiony,Ashgabat
1827,AşgabatStadiony,Ashgabat
1828,MandelaNationalStadium,Kampala
1829,ArenaLviv,Lviv
1830,DniproArena,Dnipropetrovsk
1831,DonbassArena,Donieck
1832,LafortArena,Dobromyl
1833,NSKOlimpiyskiy,Kiev
1834,ObolonArena,Kiev
1835,RSKOlimpiyskyi,Donieck
1836,SławutyczArena,Zaporizhia
1837,SportiwnyjKompleksPodilya,Khmelnytskyi
1838,StadionAwangard,Luhansk
1839,StadionAwangard,Uzhhorod
1840,StadionBukovyna,Chernivtsi
1841,StadionCentralnyj,Ternopil
1842,StadionChernomorets,Odesa
1843,StadionIllichivets,Mariupil
1844,StadionimW.Łobanowskiego,Kiev
1845,StadionJubilejnyj,Sumy
1846,StadionLokomotyv,Simferopol
1847,StadionMetalist,Kharkiv
1848,StadionMetalurga,KrivyiRih
1849,StadionMeteor,Dnipropetrovsk
1850,StadionNTK,Kiev
1851,StadionRuch,Ivano-Frankivsk
1852,StadionStali,Altchevs'k
1853,StadionSzachtara,Donieck
1854,StadionUkraina,Lviv
1855,StadionVorskla,Poltava
1856,Al-MaktoumStadium,Dubai
1857,Al-NahyanStadium,AbuDhabi
1858,Al-RashidStadium,Dubai
1859,Al-ShababStadium,Dubai
1860,BaniyasStadium,AbuDhabi
1861,EmiratesClubStadium,RasAl-Khaimah
1862,HBZStadium,Al-Ain
1863,KhalidBinMohammedStadium,Sharjah
1864,MohammedBinZayedStadium,AbuDhabi
1865,PoliceOfficers’ClubStadium,Dubai
1866,SheikhKhalifaBinZayedStadium,Al-Ain
1867,SheikhZayedStadium,AbuDhabi
1868,TahnounBinMohamedStadium,Al-Ain
1869,ZabeelStadium,Dubai
1870,AlLangStadium,SaintPetersburg
1871,Alamodome,SanAntonio
1872,AlohaStadium,Honolulu
1873,ArrowheadStadium,KansasCity
1874,AT&TStadium,Arlington
1875,AudiField,Washington
1876,AutzenStadium,Eugene
1877,AvayaStadium,SanJosé
1878,BancofCaliforniaStadium,LosAngeles
1879,BankofAmericaStadium,Charlotte
1880,BB&TField,Winston-Salem
1881,BBVACompassStadium,Houston
1882,BeaverStadium,UniversityPark
1883,BenHillGriffinStadium,Gainsville
1884,BillSnyderFamilyStadium,Manhattan
1885,BoonePickensStadium,Stillwater
1886,BristolMotorSpeedway,Bristol
1887,Bryant-DennyStadium,Tuscaloosa
1888,BuckShawStadium,SantaClara
1889,ByrdStadium,CollegePark
1890,CaliforniaMemorialStadium,Berkeley
1891,CampRandallStadium,Madison
1892,CampingWorldStadium,Orlando
1893,CandlestickPark,SanFrancisco
1894,CanvasStadium,FortCollins
1895,CarrierDome,Syracuse
1896,CenturyLinkField,Seattle
1897,Children’sMercyPark,KansasCity
1898,ClemsonMemorialStadium,Clemson
1899,CottonBowl,Dallas
1900,DoakCampbellStadium,Tallahassee
1901,DSGPark,Denver
1902,EdwardJonesDome,St.Louis
1903,FAUStadium,BocaRaton
1904,FaurotField,Columbia
1905,FedExField,Landover
1906,FirstEnergyStadium,Cleveland
1907,FordField,Detroit
1908,ForemanField,Norfolk
1909,GeorgiaDome,Atlanta
1910,GilletteStadium,Foxboro
1911,HardRockStadium,Miami
1912,HarvardStadium,Boston
1913,HaywardField,Eugene
1914,HeinzField,Pittsburgh
1915,HighPointSolutionsStadium,Piscataway
1916,HuskyStadium,Seattle
1917,JoanC.EdwardsStadium,Huntington
1918,Jordan-HareStadium,Auburn
1919,KenanStadium,ChapelHill
1920,KiddBrewerStadium,Boone
1921,KinnickStadium,IowaCity
1922,KUMemorialStadium,Lawrence
1923,KyleField,CollegeStation
1924,LAMemorialColiseum,LosAngeles
1925,LambeauField,GreenBay
1926,LaneStadium,Blacksburg
1927,LaVellEdwardsStadium,Provo
1928,LegionField,Birmingham
1929,Levi'sStadium,SantaClara
1930,LibertyBowl,Memphis
1931,LincolnFinancialField,Philadelphia
1932,LockhartStadium,FortLauderdale
1933,LucasOilStadium,Indianapolis
1934,M&TBankStadium,Baltimore
1935,MAPFREStadium,Columbus
1936,McLaneStadium,Waco
1937,MemorialStadium,Lincoln
1938,MemorialStadium,Bloomington
1939,Mercedes-BenzStadium,Atlanta
1940,Mercedes-BenzSuperdome,NewOrleans
1941,MetLifeStadium,EastRutherford
1942,MichieStadium,WestPoint
1943,MichiganStadium,AnnArbor
1944,NeylandStadium,Knoxville
1945,NippertStadium,Cincinnati
1946,NissanStadium,Nashville
1947,NotreDameStadium,SouthBend
1948,NRGStadium,Houston
1949,NSCStadium,Blaine
1950,O.coColiseum,Oakland
1951,OhioStadium,Columbus
1952,OklahomaMemorialStadium,Norman
1953,OrlandoCityStadium,Orlando
1954,PaulBrownStadium,Cincinnati
1955,Pier40,NewYork
1956,PrincetonStadium,Princeton
1957,ProvidencePark,Portland
1958,QualcommStadium,SanDiego
1959,RalphWilsonStadium,Buffalo
1960,RaymondJamesStadium,TampaBay
1961,RazorbackStadium,Fayetteville
1962,RedBullArena,Harrison
1963,ReserStadium,Corvallis
1964,RFKStadium,Washington
1965,Rice-EcclesStadium,SaltLakeCity
1966,RioTintoStadium,Sandy
1967,RoseBowl,Pasadena
1968,Ross-AdeStadium,WestLafayette
1969,RoyalMemorialStadium,Austin
1970,RyanField,Evanston
1971,SanfordStadium,Athens
1972,SoldierField,Chicago
1973,SpartanStadium,EastLansing
1974,SportsAuthorityField,Denver
1975,StadiumBowl,Tacoma
1976,StubHubCenter,Carson
1977,SunDevilStadium,Tempe
1978,TalenEnergyStadium,Chester
1979,TCFBankStadium,Minneapolis
1980,TDECUStadium,Houston
1981,TIAABankField,Jacksonville
1982,TigerStadium,BatonRouge
1983,ToyotaField,SanAntonio
1984,ToyotaPark,Bridgeview
1985,ToyotaStadium,Frisco
1986,TropicanaField,SaintPetersburg
1987,U.S.BankStadium,Minneapolis
1988,UNI-Dome,CedarFalls
1989,UniversityofPhoenixStadium,Glendale
1990,UniversityofRichmondStadium,Richmond
1991,WakeMedSoccerPark,Cary
1992,WaldoStadium,Kalamazoo
1993,Williams-BriceStadium,Columbia
1994,YaleBowl,NewHaven
1995,YankeeStadium,NewYork
1996,ElParqueCentral,Montevideo
1997,EstadioCampeóndelSiglo,BañadosdeCarrasco
1998,EstadioCentenario,Montevideo
1999,EstadioOlímpico,Montevideo
2000,BuxoroArena,Bukhara
2001,MilliyStadioni,Tashkent
2002,PakhtakorMarkaziyStadioni,Tashkent
2003,CocodrilosSportsPark,Caracas
2004,EstadioAgustínTovar,Barinas
2005,EstadioJosé“Pachencho”Romero,Maracaibo
2006,EstadioMetropolitano,Mérida
2007,EstadioMetropolitanodeFútboldeLara,Barquisimeto
2008,EstadioMonumentaldeMaturín,Maturín
2009,EstadioOlimpico,Caracas
2010,EstadioOlímpicoLuisRamos,PuertoLaCruz
2011,EstadioPolideportivoCachamay,PuertoOrdaz
2012,EstadioPolideportivodePuebloNuevo,SanCristóbal
2013,GoDauStadium,ThuDauMot
2014,HangDayStadium,Hanoi
2015,MyDinhStadium,Hanoi
2016,ThongNhatStadium,HoChiMinhCity
2017,BangorUniversityStadium,Bangor
2018,CardiffCityStadium,Cardiff
2019,LibertyStadium,Swansea
2020,ParcyScarlets,Llanelli
2021,ParkAvenue,Aberystwyth
2022,PrincipalityStadium,Cardiff
2023,RacecourseGround,Wrexham
