1,Besëlidhja,Albania
2,FlamurtariVlorë,Albania
3,KFLaçi,Albania
4,Teuta,Albania
5,Skënderbeu,Albania
6,JSK,Algeria
7,MCOran,Algeria
8,MCEE,Algeria
9,ASOChlef,Algeria
10,RCKouba,Algeria
11,USMAlger,Algeria
12,RCRelizane,Algeria
13,SportLubangoeBenfica,Angola
14,Clube1°deMaio,Angola
15,FCdeCabinda,Angola
16,Colón,Argentina
17,RosarioCentral,Argentina
18,RiverPlate,Argentina
19,SanLorenzo,Argentina
20,ClubFerroCarilOeste,Argentina
21,ArsenalFC,Argentina
22,AAArgentinosJuniors,Argentina
23,VélezSarsfield,Argentina
24,Independiente,Argentina
25,Newell'sOldBoys,Argentina
26,CALanús,Argentina
27,RacingClub,Argentina
28,Huracán,Argentina
29,BocaJuniors,Argentina
30,Alashkert,Armenia
31,Banants,Armenia
32,MelbourneVictory,Australia
33,Mariners,Australia
34,GoldCoastUnited,Australia
35,AdelaideUnited,Australia
36,MelbourneVictory,Australia
37,WSWanderersFC,Australia
38,BrisbaneRoar,Australia
39,Rapid,Austria
40,AdmiraWacker,Austria
41,SCR,Austria
42,SVRied,Austria
43,KapfenbergerSV,Austria
44,SVMattersburg,Austria
45,Austria,Austria
46,WSGWattens,Austria
47,FirstVienna,Austria
48,WAC,Austria
49,Austria,Austria
50,SKNStPölten,Austria
51,SVMattersburg,Austria
52,Salzburg,Austria
53,SVHall,Austria
54,DSVLeoben,Austria
55,SCMelk,Austria
56,Wacker,Austria
57,SKAustria,Austria
58,BATE,Belarus
59,Neman,Belarus
60,Dynamo,Belarus
61,Dinamo,Belarus
62,BATE,Belarus
63,TorpedoMinsk,Belarus
64,KVMechelen,Belgium
65,KVOostende,Belgium
66,RoyalFC,Belgium
67,Anderlecht,Belgium
68,SCLokeren,Belgium
69,ASVGeel,Belgium
70,KSVDiksmuide,Belgium
71,FCBrussels,Belgium
72,RupelBoom,Belgium
73,KAAGent,Belgium
74,KVVC,Belgium
75,Lierse,Belgium
76,KASEupen,Belgium
77,OHLeuven,Belgium
78,BerchemSport,Belgium
79,Genk,Belgium
80,BeerschotWilrijk,Belgium
81,Eendracht,Belgium
82,Zulte,Belgium
83,KSVRoeselare,Belgium
84,RAECMons,Belgium
85,ROCdeCharleroi,Belgium
86,Standard,Belgium
87,Charleroi,Belgium
88,URLaLouvièreCentre,Belgium
89,RoyalBoussu,Belgium
90,KVCWesterlo,Belgium
91,Real,Bolivia
92,FKSarajevo,Bosnia-Herzegovina
93,Zvijezda,Bosnia-Herzegovina
94,Čelik,Bosnia-Herzegovina
95,Borac,Bosnia-Herzegovina
96,Rudar,Bosnia-Herzegovina
97,HNKOrašje,Bosnia-Herzegovina
98,Jedinstvo,Bosnia-Herzegovina
99,Posušje,Bosnia-Herzegovina
100,HŠKZrinjski,Bosnia-Herzegovina
101,Velež,Bosnia-Herzegovina
102,Palmeiras,Brazil
103,Chapecoense,Brazil
104,Corinthians,Brazil
105,Paranaense,Brazil
106,Gręmio,Brazil
107,ADSãoCaetano,Brazil
108,Internacional,Brazil
109,ECPelotas,Brazil
110,GuaraniFC,Brazil
111,Botafogo,Brazil
112,CoritibaFC,Brazil
113,Bahia,Brazil
114,SantaCruz,Brazil
115,A.D.Portuguesa,Brazil
116,FCSãoPaulo,Brazil
117,NáuticoCapibaribe,Brazil
118,SCRecife,Brazil
119,DemocrataFC,Brazil
120,RioBranco,Brazil
121,Remo,Brazil
122,Vitória,Brazil
123,PontePreta,Brazil
124,BrasíliaFC,Brazil
125,Botafogo,Brazil
126,Gręmio,Brazil
127,Vasco,Brazil
128,SantosFC,Brazil
129,ECBahia,Brazil
130,NáuticoCapibaribe,Brazil
131,DPMMFC,Brunei
132,Ludogorets,Bulgaria
133,Akademik,Bulgaria
134,Czernomorec,Bulgaria
135,CSKA,Bulgaria
136,Marek,Bulgaria
137,Levski,Bulgaria
138,Botev,Bulgaria
139,Pirin,Bulgaria
140,Neftochimic,Bulgaria
141,Lokomotiv,Bulgaria
142,Litex,Bulgaria
143,Slavija,Bulgaria
144,Spartak,Bulgaria
145,ManawMayay,Burma
146,Yadanarbon,Burma
147,RakhapuraUnited,Burma
148,TorontoFC,Canada
149,Eskimos,Canada
150,BlueBombers,Canada
151,SerbianWhiteEagles,Canada
152,Roughriders,Canada
153,Alouettes,Canada
154,Argonauts,Canada
155,Impact,Canada
156,AudaxItaliano,Chile
157,CDHuachipato,Chile
158,SanMarcos,Chile
159,O’Higgins,Chile
160,Wanderers,Chile
161,Unido,Chile
162,CDTemuco,Chile
163,Palestino,Chile
164,CuricóUnido,Chile
165,Deportes,Chile
166,SanLuis,Chile
167,DeportesCopiapó,Chile
168,ColoColo,Chile
169,UniversidaddeChile,Chile
170,Ñublense,Chile
171,CDAntofagasta,Chile
172,CDPuertoMontt,Chile
173,UniversidadCatólica,Chile
174,UniónEspańola,Chile
175,Everton,Chile
176,CDCobreloa,Chile
177,Aerbin,China
178,Jiufang,China
179,Shenua,China
180,GuangdongFC,China
181,Sainty,China
182,Shide,China
183,LunengTaishan,China
184,SIPGFC,China
185,ZhejiangYiteng,China
186,Teda,China
187,Evergrande,China
188,Hyundai,China
189,Zall,China
190,Zobon,China
191,GuangzhouR&F,China
192,Deportivo,Colombia
193,DeportivoPereira,Colombia
194,Real,Colombia
195,OnceCaldas,Colombia
196,LDAlajuelense,CostaRica
197,PuntarenasFC,CostaRica
198,DeportivoSaprissa,CostaRica
199,NKKarlovac,Croatia
200,Cibalia,Croatia
201,NKImotski,Croatia
202,Slaven,Croatia
203,NKOsjiek,Croatia
204,NKDugopolje,Croatia
205,Inter,Croatia
206,KamenIngrad,Croatia
207,NKLučko,Croatia
208,Dinamo,Croatia
209,NKRijeka,Croatia
210,Varteks,Croatia
211,Hajduk,Croatia
212,HNKGorica,Croatia
213,NKRijeka,Croatia
214,Međimurje,Croatia
215,NKZadar,Croatia
216,Hrvatskidragovoljac,Croatia
217,Šibenik,Croatia
218,Mosor,Croatia
219,NéaSalamís,Cyprus
220,Anorthosis,Cyprus
221,PafosFC,Cyprus
222,EnosisNeonParalimni,Cyprus
223,Sigma,CzechRepublic
224,FKJablonec,CzechRepublic
225,Bohemians1905,CzechRepublic
226,Viktoria,CzechRepublic
227,Slavia,CzechRepublic
228,Sparta,CzechRepublic
229,Dukla,CzechRepublic
230,FCFastavZlín,CzechRepublic
231,Zbrojovka,CzechRepublic
232,MFKKarviná,CzechRepublic
233,FCSlovanLiberec,CzechRepublic
234,FKMladáBoleslav,CzechRepublic
235,1.SCZnojmo,CzechRepublic
236,FKPříbram,CzechRepublic
237,FKTeplice,CzechRepublic
238,FKPardubice,CzechRepublic
239,HFKOlomouc,CzechRepublic
240,Banik,CzechRepublic
241,MFKHavířov,CzechRepublic
242,FKDrnovice,CzechRepublic
243,SKKladno,CzechRepublic
244,Siad,CzechRepublic
245,Slovácko,CzechRepublic
246,Dynamo,CzechRepublic
247,FCChomutov,CzechRepublic
248,FCSlovanLiberec,CzechRepublic
249,Vysočina,CzechRepublic
250,ViktoriaŽižkov,CzechRepublic
251,FCHradecKrálové,CzechRepublic
252,AaB,Denmark
253,RandersFC,Denmark
254,EsbjergFB,Denmark
255,BrøndbyIF,Denmark
256,ACHorsens,Denmark
257,AGFÅrhus,Denmark
258,HobroIK,Denmark
259,OB,Denmark
260,Akademisk,Denmark
261,FCHelsingør,Denmark
262,SilkeborgIF,Denmark
263,LyngbyBK,Denmark
264,Midtjylland,Denmark
265,NæstvedBK,Denmark
266,Nordsjćlland,Denmark
267,SlagelseBK,Denmark
268,FremadAmager,Denmark
269,Sønderjysk,Denmark
270,FCKøbenhavn,Denmark
271,Frem,Denmark
272,Emelec,Ecuador
273,Barcelona,Ecuador
274,LDUQuito,Ecuador
275,Sawahel,Egypt
276,PeterboroughUtd,England
277,CambridgeUnited,England
278,ManchesterCity,England
279,WycombeWanderers,England
280,Harriers,England
281,CreweAlexandra,England
282,Albion,England
283,Liverpool,England
284,BristolCity,England
285,WalsallFC,England
286,StokeCity,England
287,BlackpoolFC,England
288,GrimsbyTown,England
289,WestHam,England
290,Athletic,England
291,SheffieldUnited,England
292,Rovers,England
293,FCUnited,England
294,United,England
295,NorwichCity,England
296,CrawleyTown,England
297,NottinghamForest,England
298,ColchesterUnited,England
299,SwindonTownFC,England
300,Fulham,England
301,MatlockTown,England
302,Preston,England
303,Wigan,England
304,LeedsUnited,England
305,Arsenal,England
306,ManchesterCity,England
307,HydeFC,England
308,BlackburnRovers,England
309,Portsmouth,England
310,BuryFC,England
311,ScunthorpeUnited,England
312,MorecambeFC,England
313,Everton,England
314,BrentfordFC,England
315,FleetwoodTown,England
316,SheffieldWednesday,England
317,Argyle,England
318,YeovilTown,England
319,HuddersfieldTown,England
320,OxfordUnited,England
321,HullCity,England
322,Rovers,England
323,LutonTown,England
324,LeicesterCity,England
325,QPR,England
326,WestHam,England
327,BoltonWanderers,England
328,Reading,England
329,LeytonOrient,England
330,NottsCounty,England
331,SouthportFC,England
332,AFCFylde,England
333,Wolverhampton,England
334,ShrewsburyTown,England
335,SalfordCity,England
336,MacclesfieldTown,England
337,RotherhamUnitedFC,England
338,BarnsleyFC,England
339,ManchesterUnited,England
340,MansfieldTown,England
341,EbbsfleetUnited,England
342,BurtonAlbion,England
343,TorquayUnited,England
344,IpswichTown,England
345,Tranmere,England
346,Derby,England
347,GillinghamFC,England
348,DartfordFC,England
349,ChesterfieldFC,England
350,CoventryCity,England
351,Middlesbrough,England
352,SouthendUnited,England
353,HallamFC,England
354,CrystalPalace,England
355,LincolnCity,England
356,GranthamTown,England
357,RochdaleAFC,England
358,ExeterCity,England
359,BirminghamCity,England
360,NewcastleUnited,England
361,Southampton,England
362,Dons,England
363,Sunderland,England
364,Chelsea,England
365,ChesterFC,England
366,CurzonAshton,England
367,Millwall,England
368,LewesFC,England
369,WBA,England
370,BarnetFC,England
371,ForestGreenRovers,England
372,NorthamptonTown,England
373,CharltonAthletic,England
374,St.HelensRFC,England
375,Burnley,England
376,PortVale,England
377,BradfordCity,England
378,WatfordFC,England
379,HartlepoolUnited,England
380,Dagenham&Redbridge,England
381,AstonVilla,England
382,AFCBournemouth,England
383,Tottenham,England
384,Stanley,England
385,Tottenham,England
386,FCFlora,Estonia
387,Levadia,Estonia
388,TallinnaKalev,Estonia
389,FCValga,Estonia
390,EB/Streymur,FaroeIslands
391,ÍFF,FaroeIslands
392,B68,FaroeIslands
393,SkálaIF,FaroeIslands
394,AB,FaroeIslands
395,B68,FaroeIslands
396,KÍKlaksvík,FaroeIslands
397,FCLahti,Finland
398,FCIlves,Finland
399,HJK,Finland
400,OGCNice,France
401,Lyon,France
402,Bordeaux,France
403,UCLeMans,France
404,Marseille,France
405,PSG,France
406,StadeRennais,France
407,SCBastia,France
408,FCSochaux,France
409,StadeReims,France
410,Lens,France
411,AmiensSC,France
412,SCSchiltigheim,France
413,Auxerre,France
414,ESTroyes,France
415,CalaisRUFC,France
416,FCMulhouse,France
417,Nantes,France
418,USBoulogne,France
419,ASB,France
420,Strasbourg,France
421,Montpellier,France
422,EnAvant,France
423,GrenobleFoot,France
424,NimesOlympique,France
425,ValenciennesFC,France
426,FCLorient,France
427,OGCNice,France
428,StadeLavallois,France
429,Stadebrestois29,France
430,ACAjaccio,France
431,ClermontFoot,France
432,DijonFCO,France
433,StadeFrançais,France
434,OSCLille,France
435,Sedan,France
436,Monaco,France
437,ASNancy,France
438,Nantes,France
439,USLDunkerque,France
440,SMCaen,France
441,ValenciennesFC,France
442,LeHavreAC,France
443,ASCannes,France
444,OSCLille,France
445,ChamoisNiortais,France
446,Metz,France
447,EtoileNaborienne,France
448,ParisFC,France
449,MontpellierHéraultRugby,France
450,Toulouse,France
451,Racing92,France
452,FCFranceville,Gabon
453,Torpedo,Georgia
454,FCChiatura,Georgia
455,Bayern,Germany
456,Union,Germany
457,Ingolstadt04,Germany
458,HessenKassel,Germany
459,Bayer,Germany
460,SCPaderborn,Germany
461,Borussia,Germany
462,Wehen,Germany
463,FSVMainz,Germany
464,Waldhof,Germany
465,EintrachtFrankfurt,Germany
466,SSVJahn,Germany
467,Hoffenheim,Germany
468,HansaRostock,Germany
469,SSVUlm,Germany
470,Eintracht,Germany
471,Borussia,Germany
472,HallescherFC,Germany
473,FCCarlZeissJena,Germany
474,FCErzgebirge,Germany
475,WürzburgerKickers,Germany
476,FCHeilbronn,Germany
477,FSV,Germany
478,1.FCKölnII,Germany
479,VfV06,Germany
480,Kaiserslautern,Germany
481,StuttgarterKickers,Germany
482,Borussia,Germany
483,KFCUerdingen,Germany
484,TSV1860,Germany
485,SpVggBayreuth,Germany
486,SVSandhausen,Germany
487,Hanover96,Germany
488,SCPaderborn07,Germany
489,HolsteinKiel,Germany
490,Göttingen05,Germany
491,SportfreundeSiegen,Germany
492,VfLLübeck,Germany
493,Wattenscheid09,Germany
494,SCHerford,Germany
495,1.FCSaarbrücken,Germany
496,Nürnberg,Germany
497,Magdeburg,Germany
498,SGSonnenhof,Germany
499,Stuttgart,Germany
500,SVDarmstadt,Germany
501,FortunaDüsseldorf,Germany
502,St.Pauli,Germany
503,Hertha,Germany
504,FSVMainz,Germany
505,VfLOsnabrück,Germany
506,VfRAalen,Germany
507,Preußen,Germany
508,RBLeipzig,Germany
509,VfRMannheim,Germany
510,Köln,Germany
511,FCAugsburg,Germany
512,RSV,Germany
513,Dynamo,Germany
514,MSVDuisburg,Germany
515,TSVCrailsheim,Germany
516,ArminiaBielefeld,Germany
517,SCFreiburg,Germany
518,Waldhof,Germany
519,Borussia,Germany
520,KickersOffenbach,Germany
521,Viktoria,Germany
522,SpVggGreutherFürth,Germany
523,WSV,Germany
524,ChemnitzerFC,Germany
525,EnergieCottbus,Germany
526,TuSKoblenz,Germany
527,BorussiaII,Germany
528,FSVZwickau,Germany
529,Fortuna,Germany
530,Alemannia,Germany
531,Schalke,Germany
532,Wolfsburg,Germany
533,1.FCHeidenheim,Germany
534,HSV,Germany
535,Wolfsburg,Germany
536,VFLBochum,Germany
537,FCHomburg,Germany
538,DCWeismain,Germany
539,SSV04,Germany
540,WerderBremen,Germany
541,KarlsruherSC,Germany
542,1.FCSchweinfurt05,Germany
543,Hoffenheim,Germany
544,FCAugsburg,Germany
545,RealTamaleUnited,Ghana
546,EbusuaDwarfs,Ghana
547,Hasaacas,Ghana
548,AELárisas,Greece
549,Véroia,Greece
550,Astéras,Greece
551,Ionikós,Greece
552,OFI1925,Greece
553,Olympiacos,Greece
554,PASPanachaiki,Greece
555,Níkis,Greece
556,AELárisas,Greece
557,Panathinaikos,Greece
558,Thrasyvoulos,Greece
559,Iraklis,Greece
560,Apóllon,Greece
561,AOKavala,Greece
562,Kérkyras,Greece
563,Aris,Greece
564,Panthrakikos,Greece
565,Levadeiakós,Greece
566,Panionios,Greece
567,Ergotelis,Greece
568,Atrómitos,Greece
569,Paneserraikos,Greece
570,Xánthi,Greece
571,AiyáleoAthínion,Greece
572,PAOK,Greece
573,Olympiakós,Greece
574,ATA,Greenland
575,CDSuchitepéquez,Guatemala
576,AuroraF.C.,Guatemala
577,XelajúMC,Guatemala
578,CDPetapa,Guatemala
579,AntiguaGFC,Guatemala
580,Hispano,Honduras
581,España,Honduras
582,Honved,Hungary
583,DunaújvárosFC,Hungary
584,GyőriETO,Hungary
585,Ferencváros,Hungary
586,Haladás,Hungary
587,MTK,Hungary
588,Vasas,Hungary
589,SoproniVSE,Hungary
590,DVSC,Hungary
591,PuskásAkadémiaFC,Hungary
592,DVSC,Hungary
593,Újpest,Hungary
594,SzázhalombattaiLK,Hungary
595,ZTE,Hungary
596,Fjölnir,Iceland
597,IBVestmannaeyja,Iceland
598,Valur,Iceland
599,FimleikafélagHafnarfjarðar,Iceland
600,Fram,Iceland
601,ÍA,Iceland
602,Stjarnan,Iceland
603,Víkingur,Iceland
604,HALSC,India
605,Dynamos,India
606,ChiragUnited,India
607,PersijaJakarta,Indonesia
608,Persebaya,Indonesia
609,MitraKukar,Indonesia
610,PSPS,Indonesia
611,Persewangi,Indonesia
612,BaliUnited,Indonesia
613,Persema,Indonesia
614,SriwijayaFC,Indonesia
615,Arema,Indonesia
616,Persikabo,Indonesia
617,PusamaniaBorneo,Indonesia
618,PSPS,Indonesia
619,Padideh,Iran
620,TractorSazi,Iran
621,ErbilSC,Iraq
622,KarbalaFC,Iraq
623,Bohemians,Ireland
624,LongfordTown,Ireland
625,ShamrockRovers,Ireland
626,Rovers,Ireland
627,CorkCity,Ireland
628,Maccabi,Israel
629,Hapoel,Israel
630,Ashdod,Israel
631,Juventus,Italy
632,ACPisa,Italy
633,Udinese,Italy
634,CagliariCalcio,Italy
635,FCModena,Italy
636,ClodienseSSD,Italy
637,CalcioCatania,Italy
638,SalernitanaSport,Italy
639,LivornoCalcio,Italy
640,Fiorentina,Italy
641,ACSiena,Italy
642,FrosinoneCalcio,Italy
643,ACMonza,Italy
644,EmpoliFC,Italy
645,AscoliPicchio,Italy
646,TorinoFC,Italy
647,Mantova,Italy
648,ACCesena,Italy
649,Parma,Italy
650,TarantoCalcio,Italy
651,Padova1910,Italy
652,TorinoFC,Italy
653,ASVarese,Italy
654,ComoCalcio,Italy
655,Ternana,Italy
656,ASBrescia,Italy
657,Triestina,Italy
658,Reggina,Italy
659,SPAL,Italy
660,USAvellino,Italy
661,ASCittadella,Italy
662,VeneziaFC,Italy
663,USFoggia,Italy
664,TrapaniCalcio,Italy
665,AlmaJuventus,Italy
666,ACPerugia,Italy
667,BolognaFC,Italy
668,USPalermo,Italy
669,FCMessina,Italy
670,ASBari,Italy
671,SSCNapoli,Italy
672,CagliariCalcio,Italy
673,NovaraCalcio,Italy
674,ProVercelli,Italy
675,USLecce,Italy
676,ASECMimosas,IvoryCoast
677,Consadole,Japan
678,Gamba,Japan
679,Sagan,Japan
680,Sanfrecce,Japan
681,Fagiano,Japan
682,JEFUnited,Japan
683,Reysol,Japan
684,JEFUnited,Japan
685,Antlers,Japan
686,Reysol,Japan
687,Cerezo,Japan
688,Ardija,Japan
689,Avispa,Japan
690,Zelvia,Japan
691,Kamatamare,Japan
692,Giravanz,Japan
693,NaganoParceiro,Japan
694,FCGifu,Japan
695,Yamagata,Japan
696,Albirex,Japan
697,EhimeFC,Japan
698,Sanga,Japan
699,Marinos,Japan
700,Vissel,Japan
701,Trinita,Japan
702,Ardija,Japan
703,RedDiamonds,Japan
704,Consadole,Japan
705,Thespa,Japan
706,ShonanBellmare,Japan
707,Gamba,Japan
708,Tochigi,Japan
709,Frontale,Japan
710,Kataller,Japan
711,GrampusEight,Japan
712,Roasso,Japan
713,Vissel,Japan
714,RedDiamonds,Japan
715,Júbilo,Japan
716,Cerezo,Japan
717,FCAstana,Kazakhstan
718,FKOrdabasy,Kazakhstan
719,FKAstana,Kazakhstan
720,Zhetysu,Kazakhstan
721,Leopards,Kenya
722,Olimps,Latvia
723,FKLiepāja,Latvia
724,Skonto,Latvia
725,Caramba/Dinamo,Latvia
726,FKVentspils,Latvia
727,FKJelgava,Latvia
728,Ekranas,Lithuania
729,Kruoja,Lithuania
730,FBK,Lithuania
731,Sūduva,Lithuania
732,Swift,Luxemburg
733,HammBenfica,Luxemburg
734,FCDifferdange,Luxemburg
735,Fola,Luxemburg
736,F91Dudelange,Luxemburg
737,RacingUnion,Luxemburg
738,USRumelange,Luxemburg
739,SCGrevenmacher,Luxemburg
740,Pelister,Macedonia
741,MadžariSolidarnost,Macedonia
742,Makedonija,Macedonia
743,Pobeda,Macedonia
744,Napredok,Macedonia
745,JohorFC,Malaysia
746,JohorDarulTa'zim,Malaysia
747,SabahFA,Malaysia
748,SimeDarby,Malaysia
749,PKNS,Malaysia
750,Selangor,Malaysia
751,Hibernians,Malta
752,ĦamrunSpartans,Malta
753,Estudiantes,Mexico
754,ZacatepecSigloXXI,Mexico
755,Chivas,Mexico
756,Potros,Mexico
757,ClubSanLuís,Mexico
758,CFAtlante,Mexico
759,Atlante,Mexico
760,Dorados,Mexico
761,CFMonterrey,Mexico
762,ClubTijuana,Mexico
763,PueblaFC,Mexico
764,Atlas,Mexico
765,Reboceros,Mexico
766,QuerétaroFC,Mexico
767,ClubLeón,Mexico
768,Veracruz,Mexico
769,Correcaminos,Mexico
770,PachucaCF,Mexico
771,Monarcas,Mexico
772,DeportivoToluca,Mexico
773,Pumas,Mexico
774,Alebrijes,Mexico
775,SantosLaguna,Mexico
776,Tigres,Mexico
777,Jaguares,Mexico
778,Necaxa,Mexico
779,Sheriff,Moldova
780,Sheriff,Moldova
781,FCZimbru,Moldova
782,Budućnost,Montenegro
783,Hassania,Morocco
784,Chabab,Morocco
785,Mouloudia,Morocco
786,CODM,Morocco
787,FUS,Morocco
788,KACM,Morocco
789,Ittihad,Morocco
790,Olympique,Morocco
791,Difaâ,Morocco
792,Olympique,Morocco
793,Wydad,Morocco
794,Chabab,Morocco
795,FAR,Morocco
796,KAC,Morocco
797,Moghreb,Morocco
798,Ferroviário,Mozambique
799,SCHeerenven,Netherlands
800,AZ,Netherlands
801,SCCambuur,Netherlands
802,GoAheadEagles,Netherlands
803,MVVMaastricht,Netherlands
804,Twente,Netherlands
805,VVVVenlo,Netherlands
806,FCEmmen,Netherlands
807,FCOss,Netherlands
808,Vitesse,Netherlands
809,NEC,Netherlands
810,FCGroningen,Netherlands
811,Ajax,Netherlands
812,WillemII,Netherlands
813,FCVolendam,Netherlands
814,ADODenHaag,Netherlands
815,HelmondSport,Netherlands
816,PECZwolle,Netherlands
817,RKCWaalwijk,Netherlands
818,Roda,Netherlands
819,PSV,Netherlands
820,NAC,Netherlands
821,SpartaRotterdam,Netherlands
822,Achilles'29,Netherlands
823,Westlandia,Netherlands
824,SVSpakenburg,Netherlands
825,IJsselmeervogels,Netherlands
826,USVElinkwijk,Netherlands
827,Wilhelmus,Netherlands
828,Feyenoord,Netherlands
829,Utrecht,Netherlands
830,Heracles,Netherlands
831,Exelsior,Netherlands
832,Telstar,Netherlands
833,FortunaSittard,Netherlands
834,OtagoUnited,NewZeland
835,Phoenix,NewZeland
836,PyongyangCity,NorthKorea
837,UlsterRugby,NorthernIreland
838,Cliftonville,NorthernIreland
839,Glentoran,NorthernIreland
840,Linfield,NorthernIreland
841,MoldeFK,Norway
842,TromsøIL,Norway
843,LillestrømSK,Norway
844,Bodø/Glimt,Norway
845,Brann,Norway
846,ÅlesundFK,Norway
847,HenningsværIL,Norway
848,Vålerenga,Norway
849,SandefjordFotball,Norway
850,Rosenborg,Norway
851,Stabæk,Norway
852,Sarpsborg08FF,Norway
853,IKStart,Norway
854,StrømmenIF,Norway
855,Viking,Norway
856,SoharClub,Oman
857,SurSC,Oman
858,3deFebrero,Paraguay
859,ClubLibertad,Paraguay
860,Luqueńo,Paraguay
861,CerroPorteńo,Paraguay
862,Olímpia,Paraguay
863,2deMayo,Paraguay
864,Alianza,Peru
865,Cienciano,Peru
866,SportBoys,Peru
867,Universitario,Peru
868,Włókniarz,Poland
869,Górnik,Poland
870,Czarni,Poland
871,Dolcan,Poland
872,GKS,Poland
873,Ślęza,Poland
874,MGLKSUniejów,Poland
875,Apator,Poland
876,Bałtyk,Poland
877,Tur,Poland
878,Unia,Poland
879,Amica,Poland
880,Arkonia,Poland
881,Bałtyk,Poland
882,Bolesław,Poland
883,Pogoń,Poland
884,Bug,Poland
885,Bytovia,Poland
886,Carbo,Poland
887,Cartusia,Poland
888,Ceramika,Poland
889,Chełmianka,Poland
890,Chemik,Poland
891,Chojniczanka,Poland
892,Chrobry,Poland
893,Cracovia,Poland
894,Klon,Poland
895,Piast,Poland
896,Czarni,Poland
897,Dyskobolia,Poland
898,Polonia,Poland
899,Lechia,Poland
900,ZKŻ,Poland
901,Pogoń,Poland
902,Flota,Poland
903,Garbarnia,Poland
904,GKS,Poland
905,Górnik,Poland
906,GLKSNadarzyn,Poland
907,Arka,Poland
908,Granica,Poland
909,Gryf,Poland
910,ElanaToruń,Poland
911,Wisła,Poland
912,Hetman,Poland
913,Huragan,Poland
914,Hutnik,Poland
915,Igloopol,Poland
916,Nielba,Poland
917,Sokół,Poland
918,Cuiavia,Poland
919,Jagiellonia,Poland
920,Jarota,Poland
921,Jeziorak,Poland
922,CKS,Poland
923,Karkonosze,Poland
924,Sparta,Poland
925,KPStarogard,Poland
926,Wisła,Poland
927,Konfeks,Poland
928,Koszarawa,Poland
929,KSZO,Poland
930,Włocłavia,Poland
931,Chemik,Poland
932,Łada,Poland
933,LechPoznań,Poland
934,Lechia,Poland
935,Legionovia,Poland
936,Bojary,Poland
937,Dąb,Poland
938,WybrzeżeRewalskie,Poland
939,ŁKS,Poland
940,Zagłębie,Poland
941,Górnik,Poland
942,GKSTychy,Poland
943,MKSAlwernia,Poland
944,Sarmacja,Poland
945,MKSGogolin,Poland
946,Mazur,Poland
947,Carina,Poland
948,MKSKluczbork,Poland
949,KSKutno,Poland
950,Warta,Poland
951,KSPolkowice,Poland
952,Radłovia,Poland
953,RKS1979,Poland
954,Star,Poland
955,Victoria,Poland
956,Avia,Poland
957,Zjednoczeni,Poland
958,Nysa,Poland
959,Victoria,Poland
960,Mieszko,Poland
961,MKS,Poland
962,Stal,Poland
963,Wisła,Poland
964,Celuloza,Poland
965,MKSMyszków,Poland
966,Zatoka,Poland
967,Naprzód,Poland
968,Narew,Poland
969,Obra,Poland
970,MKSOława,Poland
971,Odra,Poland
972,Okęcie,Poland
973,Olimpia,Poland
974,PSŻ,Poland
975,Olimpia,Poland
976,Sparta,Poland
977,Polonia,Poland
978,Orkan,Poland
979,Miedź,Poland
980,Orzeł,Poland
981,Noteć,Poland
982,Stilon,Poland
983,Śląsk,Poland
984,Stomil,Poland
985,Lubuszanin,Poland
986,Patria,Poland
987,Pcimianka,Poland
988,Pelikan,Poland
989,Piast,Poland
990,Podlesianka,Poland
991,Pogoń,Poland
992,Polar,Poland
993,Polonia,Poland
994,Posnania,Poland
995,Promień,Poland
996,Przebój,Poland
997,Przemsza,Poland
998,Puszcza,Poland
999,Radomiak,Poland
1000,Raków,Poland
1001,Resovia,Poland
1002,Pogoń,Poland
1003,ROW,Poland
1004,Roztocze,Poland
1005,Rozwój,Poland
1006,Ruch,Poland
1007,Sandecja,Poland
1008,Kotwica,Poland
1009,Siarka,Poland
1010,Skra,Poland
1011,Śląsk,Poland
1012,Sokół,Poland
1013,Sparta,Poland
1014,Stal,Poland
1015,Gwardia,Poland
1016,Start,Poland
1017,Stal,Poland
1018,Świt,Poland
1019,Tłoki,Poland
1020,Tomasovia,Poland
1021,Górnik,Poland
1022,UniaJanikowo,Poland
1023,Unia,Poland
1024,Gryf2009,Poland
1025,Urania,Poland
1026,Ursus,Poland
1027,Szczakowianka,Poland
1028,Victoria,Poland
1029,Grom,Poland
1030,Warmia,Poland
1031,Warta,Poland
1032,Wawel,Poland
1033,Widzew,Poland
1034,Wigry,Poland
1035,Wisła,Poland
1036,Włocłavia,Poland
1037,Legia,Poland
1038,Zagłębie,Poland
1039,Wybrzeże,Poland
1040,SPZawisza,Poland
1041,Medyk,Poland
1042,Znicz,Poland
1043,NowyHutnik,Poland
1044,Korona,Poland
1045,Benfica,Portugal
1046,GilVicente,Portugal
1047,Leixões,Portugal
1048,Belenenses,Portugal
1049,GDChaves,Portugal
1050,Vizela,Portugal
1051,EstorilPraia,Portugal
1052,Naval,Portugal
1053,AlmadaAC,Portugal
1054,Académica,Portugal
1055,Benfica,Portugal
1056,NacionalMadeira,Portugal
1057,P.Ferreira,Portugal
1058,ADdeMachico,Portugal
1059,Farense,Portugal
1060,Boavista,Portugal
1061,Vitória,Portugal
1062,Aves,Portugal
1063,FCPorto,Portugal
1064,Marítimo,Portugal
1065,SCFreamunde,Portugal
1066,Vitória,Portugal
1067,RioAve,Portugal
1068,SilvesFC,Portugal
1069,Leiria,Portugal
1070,CDTondela,Portugal
1071,Sporting,Portugal
1072,FCdePanafiel,Portugal
1073,Imortal,Portugal
1074,FCArouca,Portugal
1075,BeiraMar,Portugal
1076,Braga,Portugal
1077,CFEsperança,Portugal
1078,Portimonense,Portugal
1079,CasaPia,Portugal
1080,VarzimSC,Portugal
1081,LekhwiyaSC,Qatar
1082,AlShamal,Qatar
1083,BidvestWits,RepublicofSouthAfrica
1084,Ajax,RepublicofSouthAfrica
1085,KaizerChiefs,RepublicofSouthAfrica
1086,ChippaUnited,RepublicofSouthAfrica
1087,Pirates,RepublicofSouthAfrica
1088,KaizerChiefs,RepublicofSouthAfrica
1089,PlatinumStars,RepublicofSouthAfrica
1090,Celtic,RepublicofSouthAfrica
1091,UCluj,Romania
1092,AvântulReghin,Romania
1093,Ceahlăul,Romania
1094,Viitorul,Romania
1095,Concordia,Romania
1096,Progresul,Romania
1097,Poli,Romania
1098,Dinamo,Romania
1099,CFRCluj,Romania
1100,CSMSIași,Romania
1101,Farul,Romania
1102,Flacăra,Romania
1103,Săgeata,Romania
1104,UTA,Romania
1105,GazMetanTârguMureş,Romania
1106,Steaua,Romania
1107,Rapid,Romania
1108,GloriaBistriţa,Romania
1109,Petrolul,Romania
1110,Universitatea,Romania
1111,Bihor,Romania
1112,Jiul,Romania
1113,MarisTârguMureş,Romania
1114,Astra,Romania
1115,FCHunedoara,Romania
1116,ASATârguMureș,Romania
1117,FCMBacău,Romania
1118,FCBotoșani,Romania
1119,CFBrăila,Romania
1120,Gloria,Romania
1121,Hermannstadt,Romania
1122,FCSB,Romania
1123,Sportul,Romania
1124,Pandurii,Romania
1125,Olt,Romania
1126,Akhmat,Russia
1127,Anji,Russia
1128,FKArsenal,Russia
1129,Rubin,Russia
1130,Kuban,Russia
1131,Lokomotiv,Russia
1132,Lokomotiv,Russia
1133,Zenit,Russia
1134,KryliaSovietov,Russia
1135,Mordovia,Russia
1136,FKRostov,Russia
1137,Spartak,Russia
1138,Zenit,Russia
1139,FKRostov,Russia
1140,KryliaSovetov,Russia
1141,FKSibir,Russia
1142,Dinamo,Russia
1143,FKKrasnodar,Russia
1144,Sportakademklub,Russia
1145,Baltika,Russia
1146,Olimpiyets,Russia
1147,Zenit,Russia
1148,Torpedo,Russia
1149,Ural,Russia
1150,FKEnisey,Russia
1151,CSKA,Russia
1152,Rotor,Russia
1153,Amkar,Russia
1154,Clyde,Scotland
1155,InvernessCT,Scotland
1156,GreenockMorton,Scotland
1157,Celtic,Scotland
1158,WhitlettsVictoria,Scotland
1159,DunfermlineAthletic,Scotland
1160,Hibernian,Scotland
1161,PartickThistle,Scotland
1162,AirdrieUnited,Scotland
1163,FalkirkFC,Scotland
1164,MotherwellFC,Scotland
1165,AnnanAthletic,Scotland
1166,RossCounty,Scotland
1167,QueensPark,Scotland
1168,Rangers,Scotland
1169,DundeeFC,Scotland
1170,St.Johnstone,Scotland
1171,IrvineMeadowXI,Scotland
1172,EdinburghCity,Scotland
1173,Academical,Scotland
1174,St.Mirren,Scotland
1175,QueenoftheSouth,Scotland
1176,AberdeenFC,Scotland
1177,KilmarnockFC,Scotland
1178,RaithRovers,Scotland
1179,DundeeUnited,Scotland
1180,DumbartonFC,Scotland
1181,LivingstonFC,Scotland
1182,Hearts,Scotland
1183,Dragačevo,Serbia
1184,Sloga,Serbia
1185,FKNoviPazar,Serbia
1186,Spartak,Serbia
1187,Radnik,Serbia
1188,Sloboda,Serbia
1189,OFKBeograd,Serbia
1190,Radnički,Serbia
1191,Radnički1923,Serbia
1192,FKJagodina,Serbia
1193,Partizan,Serbia
1194,FKSmederevo,Serbia
1195,Zemun,Serbia
1196,Hajduk,Serbia
1197,Javor,Serbia
1198,Rad,Serbia
1199,FKMetalac,Serbia
1200,Mladost,Serbia
1201,Napredak,Serbia
1202,FKObilić,Serbia
1203,CrvenaZvezda,Serbia
1204,MladiRadnik,Serbia
1205,FKVoždovac,Serbia
1206,YoungLions,Singapore
1207,AFCPovažan,Slovakia
1208,Spartak,Slovakia
1209,HFKPrievidza,Slovakia
1210,1.HFCHumenné,Slovakia
1211,FKZTSDubnica,Slovakia
1212,MFKSkalica,Slovakia
1213,FKPoprad,Slovakia
1214,FCDAC1904,Slovakia
1215,FCViOn,Slovakia
1216,FKPúchov,Slovakia
1217,FKSenica,Slovakia
1218,VSSKošice,Slovakia
1219,MFKRužomberok,Slovakia
1220,ASTrenčín,Slovakia
1221,FCSenec,Slovakia
1222,Slovan,Slovakia
1223,Artmedia,Slovakia
1224,MŠKŽilina,Slovakia
1225,FCNitra,Slovakia
1226,ŠKPDúbravka,Slovakia
1227,Spartak,Slovakia
1228,Dukla,Slovakia
1229,1.FCTatran,Slovakia
1230,Tatran,Slovakia
1231,FKBodva,Slovakia
1232,NKMaribor,Slovenia
1233,Nafta,Slovenia
1234,NKDomžale,Slovenia
1235,NDGorica,Slovenia
1236,NKBežigrad,Slovenia
1237,NKMura,Slovenia
1238,NKKrško,Slovenia
1239,NKPrimorje,Slovenia
1240,NKOlimpija,Slovenia
1241,CMCelje,Slovenia
1242,SuwonBluewings,SouthKorea
1243,BucheonFC,SouthKorea
1244,I’Park,SouthKorea
1245,ChangwonCity,SouthKorea
1246,DaeguFC,SouthKorea
1247,Citizen,SouthKorea
1248,Sangmu,SouthKorea
1249,ChunnamDragons,SouthKorea
1250,United,SouthKorea
1251,JejuUnited,SouthKorea
1252,Chonbuk,SouthKorea
1253,FCSeoul,SouthKorea
1254,Steelers,SouthKorea
1255,Chunma,SouthKorea
1256,MipoDockyardDolphins,SouthKorea
1257,CeltadeVigo,Spain
1258,Deportivo,Spain
1259,UELleida,Spain
1260,SantAndreu,Spain
1261,Barcelona,Spain
1262,RayoVallecano,Spain
1263,GetafeCF,Spain
1264,Levante,Spain
1265,SabadellFC,Spain
1266,TerrassaFC,Spain
1267,CDLogrones,Spain
1268,RealII,Spain
1269,RealSociedad,Spain
1270,RealBetis,Spain
1271,AlbaceteBalompié,Spain
1272,RealOviedo,Spain
1273,SanRoque,Spain
1274,LucenaCF,Spain
1275,CDLeganés,Spain
1276,VillarealCF,Spain
1277,RealZaragoza,Spain
1278,BarakaldoCF,Spain
1279,Deportivo,Spain
1280,PontevedraCF,Spain
1281,Tenerife,Spain
1282,RealGijón,Spain
1283,Osasuna,Spain
1284,Racing,Spain
1285,UniónEstepona,Spain
1286,UDLasPalmas,Spain
1287,UDSalamanca,Spain
1288,CDSanFernando,Spain
1289,SDEibar,Spain
1290,HérculesCF,Spain
1291,RealValladolid,Spain
1292,UCAMMurcia,Spain
1293,MalagaCF,Spain
1294,Elche,Spain
1295,UDAlmeria,Spain
1296,Valencia,Spain
1297,Mirandés,Spain
1298,CDXerez,Spain
1299,PalenciaCF,Spain
1300,RealMurcia,Spain
1301,CórdobaCF,Spain
1302,RecreativoHuelva,Spain
1303,GranadaCF,Spain
1304,CDBadajoz,Spain
1305,CadizCF,Spain
1306,RealMadrid,Spain
1307,CDMensajero,Spain
1308,AtléticoMadrid,Spain
1309,RealSociedadII,Spain
1310,RealCDMallorca,Spain
1311,Barcelona,Spain
1312,AtléticoB,Spain
1313,UECornellà,Spain
1314,CGTarragona,Spain
1315,UDCastellóndelaPlana,Spain
1316,CEEuropa,Spain
1317,CDNumancia,Spain
1318,Sevilla,Spain
1319,Espanyol,Spain
1320,Athletic,Spain
1321,RUCIrun,Spain
1322,AtléticoMadrid,Spain
1323,ÖrebroSK,Sweden
1324,Elfsborg,Sweden
1325,BKHäcken,Sweden
1326,AIK,Sweden
1327,GefleIF,Sweden
1328,KalmarFF,Sweden
1329,ÖstersundsFK,Sweden
1330,ÅtvidabergsFF,Sweden
1331,LandskronaBoIS,Sweden
1332,Östers,Sweden
1333,GIFSundsvall,Sweden
1334,IFKNorrköping,Sweden
1335,HelsingborgsIF,Sweden
1336,HalmstadsBK,Sweden
1337,NyköpingsBIS,Sweden
1338,Azalea,Sweden
1339,SollentunaFK,Sweden
1340,VästeråsSK,Sweden
1341,MalmöFF,Sweden
1342,FCSt.Gallen,Switzerland
1343,Xamax,Switzerland
1344,FCBasel,Switzerland
1345,Servette,Switzerland
1346,YoungBoys,Switzerland
1347,ACBellinzona,Switzerland
1348,FCAarau,Switzerland
1349,FCWinterthur,Switzerland
1350,FCThun,Switzerland
1351,FCLuzern,Switzerland
1352,FCSion,Switzerland
1353,Hurriya,Syria
1354,Omayya,Syria
1355,Tatung,Taiwan
1356,Tatung,Taiwan
1357,ChamchuriUnited,Thailand
1358,BuriramUnited,Thailand
1359,PortFC,Thailand
1360,OsotspaSaraburi,Thailand
1361,BangkokUnited,Thailand
1362,TOT,Thailand
1363,SouthStarworldStrikers,TrinidadandTobago
1364,JoePublic,TrinidadandTobago
1365,CAB,Tunisia
1366,USMonastirienne,Tunisia
1367,ÉtoileSportiveduSahel,Tunisia
1368,Orduspor,Turkey
1369,Samsunspor,Turkey
1370,Adanaspor,Turkey
1371,Antalyaspor,Turkey
1372,Bursaspor,Turkey
1373,Beykozspor1908,Turkey
1374,ÇaykurRizespor,Turkey
1375,Bayrampaşa,Turkey
1376,IBFK,Turkey
1377,Gaziantepspor,Turkey
1378,Gümüşhanespor,Turkey
1379,Maltepespor,Turkey
1380,Göztepe,Turkey
1381,Kartalspor,Turkey
1382,Trabzonspor,Turkey
1383,İdmanYurdu,Turkey
1384,Güngörenspor,Turkey
1385,Osmanlıspor,Turkey
1386,Kuşadasıspor,Turkey
1387,KasımpaşaSpor,Turkey
1388,Sivasspor,Turkey
1389,Bursaspor,Turkey
1390,Konyaspor,Turkey
1391,Galatasaray,Turkey
1392,Fenerbahçe,Turkey
1393,Beşiktaş,Turkey
1394,Eskişehirspor,Turkey
1395,YeniMalatyaspor,Turkey
1396,Sakaryaspor,Turkey
1397,Sarıyer,Turkey
1398,Zeytinburnuspor,Turkey
1399,FKLviv,Ukraine
1400,Dnipro,Ukraine
1401,Shakhtar,Ukraine
1402,FKLviv,Ukraine
1403,Dynamo,Ukraine
1404,Obolon,Ukraine
1405,Szachtar,Ukraine
1406,Metałurh,Ukraine
1407,FKPodilya,Ukraine
1408,Zorja,Ukraine
1409,FKZakarpattia,Ukraine
1410,Bukovyna,Ukraine
1411,Nywa,Ukraine
1412,Czornomorec,Ukraine
1413,Illichivets,Ukraine
1414,Dynamo,Ukraine
1415,FKSumy,Ukraine
1416,Tavria,Ukraine
1417,Shakhtar,Ukraine
1418,Krywbas,Ukraine
1419,Dnipro,Ukraine
1420,Prykarpattya,Ukraine
1421,Stal,Ukraine
1422,Metalurg,Ukraine
1423,Karpaty,Ukraine
1424,Vorskla,Ukraine
1425,BaniyasSC,UnitedArabEmirates
1426,EmiratesClub,UnitedArabEmirates
1427,Rowdies,UnitedStatesofAmerica
1428,Roadrunners,UnitedStatesofAmerica
1429,RainbowWarriors,UnitedStatesofAmerica
1430,Chiefs,UnitedStatesofAmerica
1431,Cowboys,UnitedStatesofAmerica
1432,DCUnited,UnitedStatesofAmerica
1433,Ducks,UnitedStatesofAmerica
1434,Earthquakes,UnitedStatesofAmerica
1435,LAFC,UnitedStatesofAmerica
1436,Panthers,UnitedStatesofAmerica
1437,DemonDeacons,UnitedStatesofAmerica
1438,Dynamo,UnitedStatesofAmerica
1439,PennState,UnitedStatesofAmerica
1440,Gators,UnitedStatesofAmerica
1441,Wildcats,UnitedStatesofAmerica
1442,Cowboys,UnitedStatesofAmerica
1443,CrimsonTide,UnitedStatesofAmerica
1444,SantaClaraBroncos,UnitedStatesofAmerica
1445,Terrapins,UnitedStatesofAmerica
1446,CaliforniaGoldenBears,UnitedStatesofAmerica
1447,Badgers,UnitedStatesofAmerica
1448,OrlandoCity,UnitedStatesofAmerica
1449,49ers,UnitedStatesofAmerica
1450,Rams,UnitedStatesofAmerica
1451,Orange,UnitedStatesofAmerica
1452,Sounders,UnitedStatesofAmerica
1453,Sporting,UnitedStatesofAmerica
1454,Tigers,UnitedStatesofAmerica
1455,Seminoles,UnitedStatesofAmerica
1456,Rapids,UnitedStatesofAmerica
1457,Rams,UnitedStatesofAmerica
1458,Owls,UnitedStatesofAmerica
1459,Tigers,UnitedStatesofAmerica
1460,Redskins,UnitedStatesofAmerica
1461,Browns,UnitedStatesofAmerica
1462,Lions,UnitedStatesofAmerica
1463,Monarchs,UnitedStatesofAmerica
1464,Falcons,UnitedStatesofAmerica
1465,Revolution,UnitedStatesofAmerica
1466,Dolphins,UnitedStatesofAmerica
1467,Crimson,UnitedStatesofAmerica
1468,Steelers,UnitedStatesofAmerica
1469,ScarletKnights,UnitedStatesofAmerica
1470,Huskies,UnitedStatesofAmerica
1471,ThunderingHerd,UnitedStatesofAmerica
1472,Tigers,UnitedStatesofAmerica
1473,TarHeels,UnitedStatesofAmerica
1474,Mountaineers,UnitedStatesofAmerica
1475,Hawkeyes,UnitedStatesofAmerica
1476,KansasJayhawks,UnitedStatesofAmerica
1477,Aggies,UnitedStatesofAmerica
1478,Packers,UnitedStatesofAmerica
1479,Hokies,UnitedStatesofAmerica
1480,Cougars,UnitedStatesofAmerica
1481,UABBlazers,UnitedStatesofAmerica
1482,49ers,UnitedStatesofAmerica
1483,Tigers,UnitedStatesofAmerica
1484,Eagles,UnitedStatesofAmerica
1485,Strikers,UnitedStatesofAmerica
1486,Colts,UnitedStatesofAmerica
1487,Ravens,UnitedStatesofAmerica
1488,Crew,UnitedStatesofAmerica
1489,BaylorBears,UnitedStatesofAmerica
1490,Cornhuskers,UnitedStatesofAmerica
1491,Hoosiers,UnitedStatesofAmerica
1492,Saints,UnitedStatesofAmerica
1493,BlackKnights,UnitedStatesofAmerica
1494,Wolverines,UnitedStatesofAmerica
1495,Volunteers,UnitedStatesofAmerica
1496,TennesseeTitans,UnitedStatesofAmerica
1497,FightingIrish,UnitedStatesofAmerica
1498,Texans,UnitedStatesofAmerica
1499,MinnesotaUnited,UnitedStatesofAmerica
1500,Raiders,UnitedStatesofAmerica
1501,Buckeyes,UnitedStatesofAmerica
1502,Sooners,UnitedStatesofAmerica
1503,OrlandoCity,UnitedStatesofAmerica
1504,Bengals,UnitedStatesofAmerica
1505,DUSC,UnitedStatesofAmerica
1506,Tigers,UnitedStatesofAmerica
1507,Timbers,UnitedStatesofAmerica
1508,BuffaloBills,UnitedStatesofAmerica
1509,Buccaneers,UnitedStatesofAmerica
1510,Razorbacks,UnitedStatesofAmerica
1511,RedBulls,UnitedStatesofAmerica
1512,Beavers,UnitedStatesofAmerica
1513,Real,UnitedStatesofAmerica
1514,Bruins,UnitedStatesofAmerica
1515,Boilermakers,UnitedStatesofAmerica
1516,Longhorns,UnitedStatesofAmerica
1517,Wildcats,UnitedStatesofAmerica
1518,Bulldogs,UnitedStatesofAmerica
1519,Bears,UnitedStatesofAmerica
1520,Spartans,UnitedStatesofAmerica
1521,Broncos,UnitedStatesofAmerica
1522,Galaxy,UnitedStatesofAmerica
1523,SunDevils,UnitedStatesofAmerica
1524,Union,UnitedStatesofAmerica
1525,GoldenGophers,UnitedStatesofAmerica
1526,Cougars,UnitedStatesofAmerica
1527,Jaguars,UnitedStatesofAmerica
1528,Tigers,UnitedStatesofAmerica
1529,SanAntonioFC,UnitedStatesofAmerica
1530,Fire,UnitedStatesofAmerica
1531,FCDallas,UnitedStatesofAmerica
1532,Rays,UnitedStatesofAmerica
1533,Vikings,UnitedStatesofAmerica
1534,Panthers,UnitedStatesofAmerica
1535,Cardinals,UnitedStatesofAmerica
1536,Kickers,UnitedStatesofAmerica
1537,NorthCarolinaFC,UnitedStatesofAmerica
1538,Broncos,UnitedStatesofAmerica
1539,Gamecocks,UnitedStatesofAmerica
1540,Bulldogs,UnitedStatesofAmerica
1541,Nacional,Uruguay
1542,CAPeńarol,Uruguay
1543,RamplaJuniors,Uruguay
1544,FKBuxoro,Uzbekistan
1545,Bunyodkor,Uzbekistan
1546,PakhtakorFK,Uzbekistan
1547,CaracasFC,Venezuela
1548,Zamora,Venezuela
1549,UAMaracaibo,Venezuela
1550,EstudiantesdeMérida,Venezuela
1551,Monagas,Venezuela
1552,DeportivoAnzoátegui,Venezuela
1553,Mineros,Venezuela
1554,DeportivoTáchira,Venezuela
1555,BinhDuong,Vietnam
1556,BangorCity,Wales
1557,CardiffCity,Wales
1558,SwanseaCity,Wales
1559,AberystwythTown,Wales
1560,WrexhamAFC,Wales
