1,StadiumiBesëlidhja,1
2,StadiumiFlamurtari,2
3,StadiumiLaçi,3
4,StadiumiNikoDovana,4
5,StadiumiSelmanStërmasi,5
6,StadiumiSkënderbeu,6
7,Stade1erNovembre1954,7
8,StadeAhmedZabana,8
9,StadeAmarHareche,9
10,Stadedel'UnitéMaghrébine,10
11,StadeMohamedBoumezrag,11
12,StadeMohamed-Benhaddad,12
13,StadeOmarHamadi,12
14,StadeTaharZoughari,13
15,Estádio11deNovembro,14
16,EstádiodaTundavala,15
17,EstádiodeOmbaka,16
18,EstádiodoChiazi,17
19,ElCementariodelosElefantes,18
20,ElGigantedeArroyito,19
21,ElMonumental,20
22,ElNuevoGasómetro,20
23,EstadioArquitectoAntonioEtcheverri,20
24,EstadioCiudaddeLaPlata,21
25,EstadiodelViaducto,22
26,EstadioDiegoArmandoMaradona,20
27,EstadioJoséAmalfitani,20
28,EstadioLibertadoresdeAmerica,24
29,EstadioMalvinasArgentinas,25
30,EstadioMarceloBielsa,19
31,EstadioMarioAlbertoKempes,27
32,EstadioNéstorDíazPérez,28
33,EstadioPresidentePerón,24
34,EstadioTomásAdolfoDucó,20
35,EstadioÚnico,31
36,LaBombonera,20
37,AlashkertStadion,33
38,BanantsStadion,33
39,HrazdanStadion,33
40,RepublicanStadion,33
41,AAMIPark,34
42,AllianzStadium,35
43,ANZStadium,36
44,BluetongueStadium,37
45,CbusSuperStadium,38
46,CoopersStadium,39
47,GIOCanberraStadium,40
48,HunterStadium,41
49,MarvelStadium,34
50,MelbourneCricketGround,34
51,nibStadium,43
52,OptusStadium,43
53,PirtekStadium,36
54,SOPAthleticCentre,36
55,SubiacoOval,43
56,SuncorpStadium,46
57,AllianzStadion,47
58,BSFZ-Arena,47
59,Cashpoint-Arena,48
60,Casino-Stadion,49
61,Ernst-Happel-Stadion,47
62,FillMetallbauStadion,51
63,Franz-Fekete-Stadion,52
64,FußballakademieBurgenland,53
65,Generali-Arena,47
66,GernotLangesStadion,55
67,HoheWarte,47
68,Lavanttal-Arena,57
69,LinzerStadion,58
70,MerkurArena,59
71,MyPhoneAustriaStadion,60
72,NVArena,61
73,Pappelstadion,53
74,RedBullArena,60
75,Sonnenseestadion,64
76,SportplatzLend,65
77,StadionDonawitz,66
78,StadionSchuberth,67
79,StadionTivoliNEU,68
80,TGW-Arena,69
81,WörtherseeStadion,70
82,BakcellArena,71
83,BakıOlimpiyaStadionu,71
84,HabilXəlilovStadionu,72
85,ŞəfaStadionu,71
86,TofiqBəkhramovStadionu,71
87,BangabandhuNationalStadium,74
88,BorisovArena,75
89,NemanStadion,76
90,StadionBrestskiy,77
91,StadionDinama,78
92,StadionDinamo-Yuni,78
93,StadionHorodskiy,75
94,StadionTorpedo,80
95,StadionTorpedo,78
96,StadionTraktor,78
97,AFASStadion,82
98,Albertparkstadion,83
99,BosuilStadion,84
100,ConstantVandenStockStadion,85
101,Daknamstadion,86
102,DeLeunen,87
103,DePluimen,88
104,EdmondMachtens-Stadion,89
105,Freethiel,90
106,GemeentelijkParkstadion,91
107,GhelamcoArena,92
108,HenriHoutsaegerStadion,93
109,HermanVanderpoortenstadion,94
110,JanBreydelStadion,95
111,Kehrwegstadion,96
112,KingPoweratDenDreefStadion,97
113,KoningBoudewijnStadion,85
114,LudoCoeckStadion,84
115,LuminusArena,100
116,OlympischStadion,84
117,PierreCornelisstadion,102
118,Regenboogstadion,103
119,Schierveldestadion,104
120,Staaien,105
121,StadeCharlesTondreau,106
122,StadedelaNeuville,107
123,StadedeSclessin,108
124,StadeduPaysdeCharleroi,107
125,StadeduTivoli,110
126,StadeLeCannonier,111
127,StadeRobertUrbain,112
128,t’Kuipje,113
129,EstadioHernandoSiles,114
130,EstadioJuanCarlosDuránSaucedo,115
131,EstadioRamónAguilera,116
132,OlimpiskijStadionKoševo,117
133,StadionBanjaIlidža,118
134,StadionBilinoPolje,119
135,StadionGradski,120
136,StadionGradski,121
137,StadionGradski,122
138,StadionGrbavica,117
139,StadionJedinstvo,124
140,StadionMokriDolac,125
141,StadionpodBijelimBrijegom,126
142,StadionRođeni,126
143,BotswanaNationalStadium,127
144,AllianzParque,128
145,ArenaBarueri,129
146,ArenaCondá,130
147,ArenaCorinthians,128
148,ArenadaAmazonia,132
149,ArenadaBaixada,133
150,ArenadasDunas,134
151,ArenadoGrêmio,135
152,ArenaPantanal,136
153,EstádioAnacletoCampanella,137
154,EstádioBeira-Rio,135
155,EstádioBocadoLobo,139
156,EstádioBrincodeOuro,140
157,EstádioCaioMartins,141
158,EstádioCastelão,142
159,EstádioCoutoPereira,133
160,EstádiodePituaçu,144
161,EstádiodoArruda,145
162,EstádiodoCanindé,128
163,EstádiodoMorumbi,128
164,EstádiodoPacaembu,128
165,EstádiodosAflitos,145
166,EstádioIlhadoRetiro,145
167,EstádioJoaquimHenriqueNogueira,148
168,EstádioKléberAndrade,149
169,EstádioMangueirão,150
170,EstádioManoelBarradas,144
171,EstádioMineirão,152
172,EstádioMoisésLucarelli,140
173,EstádioNacional,154
174,EstádioNiltonSantos,155
175,EstádioOlímpicoMonumental,135
176,EstádioPresidenteVargas,142
177,EstádioRaulinodeOliveira,158
178,EstádioSãoJanuário,155
179,EstádioSerraDourada,160
180,EstádioVilaBelmiro,161
181,EstádioZerão,162
182,Independência,152
183,ItaipavaArenaFonteNova,144
184,ItaipavaArenaPernambuco,165
185,Maracanã,155
186,StadiumBalapan,167
187,StadiumNegaraHassanalBolkiah,167
188,LudogoretsArena,168
189,Stadion„Akademik”,169
190,Stadion9.Septembri,170
191,StadionBâlgarskaArmiya,169
192,StadionBonchuk,172
193,StadionGeorgiAsparuhov,169
194,StadionHristoBotev,174
195,StadionHristoBotev,175
196,StadionLazur,170
197,StadionLokomotiv,174
198,StadionLokomotiv,169
199,StadionŁowecz,179
200,StadionPłowdiw,174
201,StadionSlavija,169
202,StadionSpartak,182
203,StadionVassilLevski,169
204,Stadedu4-Août,184
205,BogyokeAungSanStadium,185
206,MandalarThiriSportsStadium,186
207,ThuwunnaYTCStadium,185
208,StadePrinceLouisRwagasore,188
209,ChanglimithangStadium,189
210,PhnomPenhNationalStadium,190
211,StadeOmnisportsdeBafoussam,191
212,BCPlace,192
213,BMOField,193
214,CommonwealthStadium,194
215,InvestorsGroupField,195
216,LamportStadium,193
217,McMahonStadium,197
218,MosaicStadium,198
219,OlympicStadium,199
220,PercivalMolsonStadium,199
221,RogersCentre,193
222,StadeSaputo,199
223,TaylorField,198
224,TDPlaceStadium,203
225,TimHortonsField,204
226,EstadioBicentenarioLaFlorida,205
227,EstadioCAP,206
228,EstadioCarlosDittborn,207
229,EstadioElTeniente,208
230,EstadioElíasFigueroa,209
231,EstadioFranciscoSánchezRumoroso,210
232,EstadioGermánBecker,211
233,EstadioLaCisterna,212
234,EstadioLaGranja,213
235,EstadioLaPortada,214
236,EstadioLucioFariñaFernández,215
237,EstadioLuisValenzuelaHermosilla,216
238,EstadioMonumentalDavidArellano,212
239,EstadioMunicipaldeConcepción,218
240,EstadioNacional,212
241,EstadioNelsonOyarzún,220
242,EstadioNicanorApablaza,221
243,EstadioRegionalCalvoyBascuñán,222
244,EstadioRegionaldeChinquihue,223
245,EstadioSanCarlosdeApoquindo,212
246,EstadioSantaLaura,212
247,EstadioSausalito,225
248,EstadioZorrosdelDesierto,226
249,Bao’anStadium,227
250,BeijingNationalStadium,228
251,CenturyLotusStadium,229
252,DalianSportsCenterStadium,230
253,DaqingOlympicParkStadium,231
254,GuangdongStadium,232
255,GuangxiStadium,233
256,HaixiaOlympicCenterStadium,234
257,HefeiOlympicStadium,235
258,HelanShanStadium,236
259,HohhotStadium,237
260,HongkouStadium,238
261,HuangpuSportsCenterStadium,232
262,HuizhouSportsCenterStadium,240
263,JiangyinSportsCentreStadium,241
264,JinanOlympicStadium,242
265,LhasaStadium,243
266,LonggangStadium,227
267,MacauStadium,245
268,NanchangSportsCenterStadium,246
269,NanjingOlympicStadium,247
270,NantongStadium,248
271,OrdosDongshengStadium,249
272,OrdosSportsCenterStadium,249
273,People’sStadium,230
274,QinhuangdaoOlympicStadium,251
275,RedBeachStadium,252
276,ShandongSportsCenter,242
277,ShanghaiStadium,238
278,ShanxiSportsCenterStadium,255
279,ShaoxingStadium,256
280,ShenyangOlympicStadium,257
281,ShenzhenBaySportsCenter,227
282,SuiningSCStadium,259
283,TedaFootballStadium,260
284,TianheStadium,232
285,TianjinOlympicStadium,260
286,TonglingSCStadium,263
287,Workers’Stadium,228
288,WuhanSportsCenterStadium,265
289,WuzhouCityHonglingStadium,266
290,YanchengSCStadium,267
291,YuanshenStadium,238
292,YuexiushanStadium,232
293,ZhanjiangOlympicCenterStadium,270
294,ZhenjiangSCCStadium,271
295,ZiboSportsCenterStadium,272
296,EstadioAtanasioGirardot,273
297,EstadioGeneralSantander,274
298,EstadioHernánRamírezVillegas,275
299,EstadioJaimeMorónLeón,276
300,EstadioMetropolitano,277
301,EstadioNemesioCamacho,278
302,EstadioPalogrande,279
303,EstadioPascualGuerrero,280
304,StadedeKintélé,281
305,EstadioAlejandroMoreraSoto,282
306,EstadioMiguel„Lito”Pérez,283
307,EstadioNacional,284
308,EstadioRicardoSaprissa,284
309,StadionAldoDrosina,285
310,StadionBrankoČavlović-Čavlek,286
311,StadionCibalia,287
312,StadionGospinDolac,288
313,StadionGradski,289
314,StadionGradskivrt,290
315,StadionHrvatskivitezovi,291
316,StadionIntera,292
317,StadionKamenIngrad,293
318,StadionKranjčevićeva,294
319,StadionLučko,294
320,StadionMaksimir,294
321,StadionnaKantridi,291
322,StadionNKVarteks,296
323,StadionPoljud,297
324,StadionRadnik,298
325,StadionRujevica,291
326,StadionSRCMladost,300
327,StadionŠRCUljanik-Veruda,285
328,StadionStanovi,302
329,StadionStjepanSpajić,294
330,StadionŠubićevac,304
331,StadionuPricviću,305
332,Ammóchostos,306
333,AntonisPapadopoulos,306
334,Makario,307
335,NeoGSP,307
336,PafiakoAthlítikoKentro,308
337,Paralimni,309
338,TsirionAthlitikoKentro,310
339,ZenonAthlitikoKentro,306
340,AndrůvStadion,312
341,ChanceArena,313
342,Ďolíček,314
343,DoosanArena,315
344,EdenAréna,314
345,GeneraliArena,314
346,Juliska,314
347,LetnáStadion,317
348,Letnístadion,318
349,MěstskýfotbalovýstadionSrbská,319
350,Městskýstadion,320
351,MestskyStadionLiberec,321
352,MěstskýstadionMladáBoleslav,322
353,MěstskýstadiónZnojmo,323
354,NaLitavce,324
355,NaStínadlech,325
356,PodVinicí,318
357,Stadion1.HFKOlomouc,312
358,StadionBanikSokolov,328
359,StadionDukla,329
360,StadionEvženaRošického,314
361,StadionFKDrnovice,331
362,StadionFrantiškaKloze,332
363,StadionJosefaMasopusta,333
364,StadionMarkéta,314
365,StadionMiroslavaValenty,335
366,StadionnaStřeleckémOstrově,336
367,StadionnaZadníchVinohradech,337
368,StadionuNisy,321
369,StadionvJiráskověulici,339
370,ViktoriaStadion,314
371,VítkoviceAréna,341
372,VšesportovníStadion,342
373,AalborgPortlandPark,343
374,BioNutriaParkRanders,344
375,BlueWaterArena,345
376,BrøndbyStadion,346
377,CASAArenaHorsens,347
378,CeresPark,348
379,DSArena,349
380,EWIIPark,350
381,GladsaxeIdrætspark,351
382,HelsingørStadion,352
383,JYSKpark,353
384,LyngbyStadion,354
385,MCHArena,355
386,NæstvedStadion,356
387,RighttoDreamPark,357
388,SlagelseStadion,358
389,SundbyIP,359
390,SydbankPark,360
391,TeliaParken,359
392,ValbyIdrætspark,359
393,EstadioCapwell,362
394,EstadioMonumentalBancoPichincha,362
395,EstadioOlímpicoAtahualpa,363
396,LaCasaBlanca,363
397,BorgEl-ArabStadium,364
398,CairoInternationalStadium,365
399,HarrasEl-HedoudStadium,366
400,MilitaryAcademyStadium,365
401,MukhtarAl-TetshStadium,365
402,PortSaidStadium,368
403,ABAXStadium,369
404,AbbeyBusinessStadium,370
405,AbbeyStadium,371
406,AcademyStadium,372
407,AdamsPark,373
408,Aggborough,374
409,AlexanderStadium,375
410,AlexandraStadium,376
411,AmexStadium,377
412,Anfield,378
413,AshtonGate,379
414,Banks’sStadium,380
415,bet365Stadium,381
416,BloomfieldRoad,382
417,BlundellPark,383
418,BoleynGround,384
419,BoundaryPark,385
420,BramallLane,386
421,BristolMemorialStadium,379
422,BroadhurstPark,372
423,BruntonPark,389
424,CarrowRoad,390
425,Checkatrade.comStadium,391
426,CityGround,392
427,ColchesterCommunityStadium,393
428,CountyGround,394
429,CravenCottage,384
430,DarlingtonArena,396
431,DCJGroupInsuranceArena,397
432,DeepdaleStadium,398
433,DWStadium,399
434,EllandRoad,400
435,EmiratesStadium,384
436,EtihadStadium,372
437,EwenFields,403
438,EwoodPark,404
439,FrattonPark,405
440,GiggLane,406
441,GlanfordPark,407
442,GlobeArena,408
443,GoodisonPark,378
444,GriffinPark,384
445,HighburyStadium,411
446,Hillsborough,386
447,HomePark,413
448,HuishPark,414
449,JohnSmith’sStadium,415
450,KassamStadium,416
451,KCOMStadium,417
452,KeepmoatStadium,418
453,KenilworthRoad,419
454,KingPowerStadium,420
455,Kingsmeadow,384
456,LoftusRoad,384
457,LondonStadium,384
458,MacronStadium,422
459,MadejskiStadium,423
460,MatchroomStadium,384
461,MeadowLane,392
462,MerseyrailCommunityStadium,426
463,MillFarm,427
464,MolineuxStadium,428
465,MontgomeryWatersMeadow,429
466,MoorLane,430
467,MossRose,431
468,NewYorkAESSEALStadium,432
469,OakwellStadium,433
470,OldTrafford,372
471,OneCallStadium,435
472,PHBStadium,436
473,PirelliStadium,437
474,Plainmoor,438
475,PortmanRoad,439
476,PrentonPark,440
477,PrideParkStadium,441
478,PriestfieldStadium,442
479,PrincesPark,443
480,ProactStadium,444
481,RicohArena,445
482,RiversideStadium,446
483,RootsHall,447
484,SandygateRoad,386
485,SelhurstPark,384
486,SincilBankStadium,450
487,SouthKestevenSportsStadium,451
488,SpotlandStadium,452
489,StJamesPark,453
490,St.Andrew’sStadium,375
491,St.James’Park,41
492,St.Mary’sStadium,456
493,Stadiummk,457
494,StadiumofLight,458
495,StamfordBridge,384
496,SwanswayChesterStadium,460
497,TamesideStadium,461
498,TheDen,384
499,TheDrippingPan,463
500,TheHawthorns,464
501,TheHive,384
502,TheNewLawn,466
503,ThePTSAcademyStadium,467
504,TheValley,384
505,TotallyWickedStadium,469
506,TurfMoor,470
507,Twickenham,384
508,UnderhillStadium,472
509,ValePark,381
510,ValleyParadeStadium,474
511,VicarageRoad,475
512,VictoriaPark,476
513,VictoriaRoad,384
514,VillaPark,375
515,VitalityStadium,479
516,Wembley,384
517,WhamStadium,481
518,WhiteHartLane,384
519,EstadiodeBata,483
520,EstadiodeMalabo,484
521,CiceroStadium,485
522,A.LeCoqArena,486
523,KadrioruStaadion,486
524,KaleviKeskstaadion,486
525,ValgaKeskstaadion,487
526,ÁMølini,488
527,Fløtugerði,489
528,Gundadalur,490
529,LilitSvangaskarð,491
530,SkálaVøllurin,492
531,SkansiArena,493
532,Svangaskarð,491
533,Tórsvøllur,490
534,ViðDjúpumýrar,496
535,LahdenStadion,497
536,Myyrmäenjalkapallostadion,498
537,Olympiastadion,499
538,RatinaStadion,500
539,SoneraStadium,499
540,VeritasStadion,502
541,AllianzRiviera,503
542,GroupamaStadium,504
543,MatmutAtlantique,505
544,MatmutStadium,504
545,MMArena,507
546,OrangeVélodrome,508
547,ParcdesPrinces,509
548,ParcdesSportsd’Annecy,510
549,RoazhonPark,511
550,StadeArmand-Cesari,512
551,StadeAugusteBonal,513
552,StadeAuguste-Delaune,514
553,StadeBauer,515
554,StadeBollaert-Delelis,516
555,StadeChaban-Delmas,505
556,StadeCréditAgricoleLaLicorne,518
557,StadedeFrance,519
558,Stadedel‘Aar,520
559,Stadedel’AbbeDeschamps,521
560,Stadedel’Aube,522
561,Stadedel’Épopée,523
562,Stadedel’Ill,524
563,StadedelaBeaujoire,525
564,StadedelaLibération,526
565,StadedelaMéditerranée,527
566,StadedelaMeinau,528
567,StadedelaMosson,529
568,StadedeRoudourou,530
569,StadedesAlpes,531
570,StadedesCostieres,532
571,StadeduHainaut,533
572,StadeduMoustoir,534
573,StadeduRay,503
574,StadeFrancisLeBasser,536
575,StadeFrancis-LeBlé,77
576,StadeFrançois-Coty,538
577,StadeGabrielMontpied,539
578,StadeGaston-Gérard,540
579,StadeGeoffroy-Guichard,541
580,StadeJeanBouin,509
581,StadeJulesDeschaseaux,543
582,StadeLéon-Bollée,507
583,StadeLille-Métropole,545
584,StadeLouisDugauguez,546
585,StadeLouisII,547
586,StadeMarcelPicot,548
587,StadeMarcel-Saupin,525
588,StadeMarcel-Tribut,550
589,StadeMicheld’Ornano,551
590,StadeNungesser,533
591,StadeOcéane,543
592,StadePierredeCoubertin,554
593,StadePierreMauroy,545
594,StadeRené-Gaillard,556
595,StadeSaintSymphorien,557
596,StadeSaint-Avold,558
597,StadeSébastienCharléty,509
598,StadeYves-du-Manoir,529
599,StadiumdeToulouse,561
600,StadiumduLittoral,562
601,UArena,509
602,Staded'Oyem,564
603,StadedeFranceville,565
604,Stadedel’AmitiéSino-Gabonaise,566
605,StadedePort-Gentil,567
606,IndependenceStadium,568
607,BorisPaichadzeDinamoArena,569
608,StadionMikheilMeskhi,569
609,StadionRamazShengelia,570
610,StadioniTemurMaghradze,571
611,Alfred-Kunze-Sportpark,572
612,AllianzArena,573
613,AlteFörsterei,574
614,Audi-Sportpark,575
615,Auestadion,576
616,BayArena,577
617,Benteler-Arena,578
618,BorussiaPark,579
619,Brita-Arena,580
620,Bruchwegstadion,581
621,Carl-Benz-Stadion,582
622,CommerzbankArena,583
623,ContinentalArena,584
624,Dietmar-Hopp-Stadion,585
625,DKBArena,586
626,Donaustadion,587
627,Eintracht-Stadion,588
628,Ellenfeldstadion,589
629,ERDGASSportpark,590
630,Ernst-Abbe-Sportfeld,591
631,Erzgebirgsstadion,592
632,flyeralarmArena,593
633,Frankenstadion,594
634,FrankfurterVolksbankStadion,583
635,Franz-Kremer-Stadion,596
636,Friedrich-Ebert-Stadion,597
637,Friedrich-Ludwig-Jahn-Sportpark,574
638,Fritz-Walter-Stadion,599
639,Gazi-Stadion,600
640,Grenzland-Stadion,579
641,Grotenburg,602
642,GrünwalderStadion,573
643,Hans-Walter-Wild-Stadion,604
644,Hardtwaldstadion,605
645,HDI-Arena,606
646,Hermann-Löns-Stadion,578
647,Holstein-Stadion,608
648,JahnstadionGöttingen,609
649,JahnstadionRegensburg,584
650,Leimbachstadion,611
651,Lohmühle,612
652,Lohrheidestadion,613
653,Ludwig-Jahn-Stadion,614
654,Ludwigsparkstadion,615
655,Max-Morlock-Stadion,616
656,MDCC-Arena,617
657,mechatronikArena,618
658,Mercedes-BenzArena,600
659,Merck-StadionamBöllenfalltor,620
660,MerkurSpiel-Arena,621
661,Millerntor-Stadion,622
662,Olympiastadion,574
663,Olympiastadion,573
664,OpelArena,581
665,Osnatel-Arena,626
666,OSTALBArena,627
667,Preußenstadion,628
668,RedBullArena,572
669,Rhein-Neckar-Stadion,582
670,RheinEnergieStadion,596
671,Rosenaustadion,632
672,RSV-Stadion,579
673,Rudolf-Harbig-Stadon,634
674,Schauinsland-Reisen-Arena,635
675,Schönebürgstadion,636
676,SchücoArena,637
677,Schwarzwald-Stadion,638
678,Sepp-Herberger-Stadion,582
679,SignalIdunaPark,640
680,Sparda-Bank-Hessen-Stadion,641
681,SportparkHöhenberg,596
682,SportparkRonhof,643
683,StadionamZoo,644
684,StadionChemnitz,645
685,StadionderFreundschaft,646
686,StadionEssen,647
687,StadionNiederrhein,648
688,StadionOberwerth,649
689,StadionRoteErde,640
690,StadionZwickau,651
691,Steigerwaldstadion,652
692,Südstadion,596
693,Tivoli,654
694,Tönnies-Arena,655
695,VeltinsArena,656
696,VfL-StadionamElsterweg,657
697,Voith-Arena,658
698,Volksparkstadion,622
699,VolkswagenArena,657
700,VonoviaRuhrstadion,613
701,WaldstadionHomburg,662
702,WaldstadionWeismain,663
703,Walter-Mundorf-Stadion,664
704,Weserstadion,665
705,Wildparkstadion,666
706,Willy-Sachs-Stadion,667
707,WirsolRhein-NeckarArena,585
708,WWKArena,632
709,AccraSportsStadium,670
710,AlhajiAliuMahamaSportsStadium,671
711,BabaYaraStadium,672
712,CapeCoastStadium,673
713,Sekondi-TakoradiStadium,674
714,VictoriaStadium,675
715,AELArena,676
716,GípedoVéroias,677
717,GípedoAstéraTrípolis,678
718,GípedoNeápolis,679
719,GípedoTheodorosVardinogiannis,680
720,Karaiskaki,681
721,PampeloponnisiakóStádio,682
722,PanthessalikóStádio,683
723,StádioAlkazár,676
724,StádioApostolosNikolaidis,685
725,StádioFyli,686
726,StadioGeorgiosKamaras,685
727,StádioKaftanzóglio,688
728,StádioKalamariás,689
729,StádioKavala,690
730,StádioKérkyras,691
731,StádioKleánthisVikelídis,688
732,StádioKomotini,693
733,StádioLivadeiás,694
734,StádioNeaSmyrni,685
735,StádioPankritio,680
736,StádioPeristeríou,697
737,StádioSerres,698
738,StádioŠKODAXánthis,699
739,StádioSpirosLouis,685
740,StádioStavrosMavrothalassitis,701
741,StádioToumba,688
742,StádioVólou,683
743,NuukStadion,704
744,TasiilaqStadion,705
745,EstadioCarlosSalazarHijo,706
746,EstadiodelEjército,707
747,EstadioMarioCamposeco,708
748,EstadioMateoFlores,707
749,EstadioMunicipaldePetapa,710
750,EstadioPensativo,711
751,EstádioCarlosMiranda,712
752,EstádioFranciscoMorazán,713
753,EstádioNilmoEdwards,714
754,EstádioOlímpicoMetropolitano,713
755,EstadioTiburcioCaríasAndino,716
756,HongKongStadium,717
757,BozsikStadion,718
758,DunaferrArena,719
759,ETOPark,720
760,GroupamaAréna,718
761,HaladásSportkomplexum,722
762,HidegkutiNándorStadion,718
763,IllovszkyStadion,718
764,KáposztásutcaiStadion,724
765,LigetiStadion,725
766,NagyerdeiStadion,726
767,PanchoAréna,727
768,PuskásFerencStadion,718
769,StadionOláhGáborÚt,726
770,SzuszaFerencStadion,718
771,Vasútutca,731
772,ZTE-Aréna,732
773,Fjölnisvöllur,733
774,Hásteinsvöllur,734
775,Hlíðarendi,733
776,Kaplakriki,736
777,Kópavogsvöllur,737
778,Laugardalsvöllur,733
779,Norðurálsvöllurinn,739
780,SamsungVöllurinn,740
781,Víkingsvöllur,733
782,BangaloreFootballStadium,742
783,CooperageFootballStadium,743
784,IndiraGandhiStadium,744
785,JawaharlalNehruStadium(Delhi),745
786,JawaharlalNehruStadium(Kochi),746
787,MunicipalCorporationStadium,747
788,NehruStadium,748
789,TheArena,749
790,YubaBharatiKrirangan,750
791,GeloraBungKarno,751
792,GeloraBungTomo,752
793,GORAjiImbut,753
794,KuantanSingingiStadium,754
795,StadionDiponegoro,755
796,StadionDipta,756
797,StadionGajayana,757
798,StadionGeloraSriwijaya,758
799,StadionKanjuruhan,757
800,StadionPakansari,760
801,StadionSegiri,761
802,StadionSiJalakHarupat,762
803,StadionUtamaPalaran,761
804,StadionUtamaRiau,764
805,AzadiStadium,765
806,ImamRezaStadium,766
807,Yadegar-eEmamStadium,767
808,BasrahInternationalStadium,768
809,FransoHaririStadium,769
810,KarbalaInternationalStadium,770
811,AvivaStadium,771
812,CrokePark,771
813,DalymountPark,771
814,FlancarePark,772
815,TallaghtStadium,773
816,TheShowgrounds,774
817,ThomondPark,775
818,TolkaPark,771
819,TurnersCrossStadium,777
820,BloomfieldStadium,778
821,HaMoshavaStadium,779
822,IlutStadium,780
823,MunicipalStadium,781
824,NetanyaStadium,782
825,RamatGan,778
826,SammyOferStadium,784
827,TeddyStadium,785
828,TheGreenStadium,786
829,TurnerStadium,787
830,Yud-Alef,788
831,AllianzStadium,789
832,ArenaGaribaldi,790
833,DaciaArena,791
834,MapeiStadium,792
835,SardegnaArena,793
836,StadioAlbertoBraglia,794
837,StadioAldoeDinoBallarin,795
838,StadioAngeloMassimino,796
839,StadioArechi,797
840,StadioArmandoPicchi,798
841,StadioArtemioFranchi,799
842,StadioArtemioFranchi,800
843,StadioAtletiAzzurrid’Italia,801
844,StadioBenitoStirpe,802
845,StadioBrianteo,803
846,StadioCarloCastellani,804
847,StadioCinoeLilloDelDuca,805
848,StadioComunalediTorino,789
849,StadioComunaleMatusa,802
850,StadioDaniloMartelli,808
851,StadioDinoManuzzi,809
852,StadioEnnioTardini,810
853,StadioErasmoIacovone,811
854,StadioEuganeo,812
855,StadioFiladelfia,789
856,StadioFrancoOssola,814
857,StadioGiuseppeSinigaglia,815
858,StadioLiberoLiberati,816
859,StadioLuigiFerraris,817
860,StadioMarcAntonioBentegodi,818
861,StadioMarioRigamonti,819
862,StadioNereoRocco,820
863,StadioOlimpico,821
864,StadioOresteGranillo,822
865,StadioPaoloMazza,823
866,StadioPartenio,824
867,StadioPiercesareTombolato,825
868,StadioPierluigiPenzo,826
869,StadioPinoZaccheria,827
870,StadioPolisportivoProvinciale,828
871,StadioRaffaeleMancini,829
872,StadioRenatoCuri,830
873,StadioRenatoDall’Ara,831
874,StadioRenzoBarbera,832
875,StadioSanFilippo,833
876,StadioSanNicola,834
877,StadioSanPaolo,835
878,StadioSanSiro,836
879,StadioSant’Elia,793
880,StadioSilvioPiola,838
881,StadioSilvioPiola,839
882,StadioViadelMare,840
883,StadeFélix-Houphouët-Boigny,841
884,AjinomotoStadium,842
885,AtsubetsuStadium,843
886,BanpakuStadium,844
887,BestAmenityStadium,845
888,BigArchStadium,846
889,ChiyogadaiStadium,847
890,CityLightStadium,848
891,EcopaStadium,849
892,FukudaDenshiArena,850
893,Hitachidai,851
894,IchiharaSeasideStadium,850
895,KashimaStadium,853
896,KashiwanohaStadium,851
897,KinchoStadium,844
898,KomazawaStadium,856
899,KumagayaSportsParkStadium,857
900,Level-5Stadium,858
901,MachidaAthleticStadium,859
902,MarugameStadium,860
903,MatsumotoStadium,861
904,MikuniWorldStadium,862
905,MinaminaganoStadium,863
906,MiyagiStadium,864
907,NagaragawaStadium,865
908,NagasakiAthleticStadium,866
909,NDSoftStadium,867
910,NHKSpringMitsuzawaStadium,868
911,NiigataStadium,869
912,NingineerStadium,870
913,NishikyogokuStadium,871
914,NissanStadium,868
915,NoevirStadiumKobe,873
916,ŌitaStadium,874
917,ŌmiyaParkStadium,875
918,OutsourcingStadiumNihondaira,876
919,SaitamaStadium,877
920,SapporoDome,843
921,ShikishimaStadium,879
922,ShonanBMWStadium,880
923,StadiumSendai,881
924,SuitaCityStadium,882
925,TochigiGreenStadium,883
926,TodorokiAthleticStadium,884
927,ToyamaStadium,885
928,ToyotaStadium,886
929,UmakanaYokanaStadium,887
930,UniversiadeStadium,873
931,UrawaKomabaStadium,877
932,YamahaStadium,890
933,YanmarNagaiStadium,844
934,KingAbdullahStadium,892
935,PrinceMohammedStadium,893
936,AstanaArena,894
937,OrtalykTsentralnyiStadion,895
938,StadionKazhimukanMunaytpasov,896
939,StadionKazhimukanMunaytpasov,894
940,StadionZhetysu,898
941,AfrahaStadium,899
942,NyayoNationalStadium,900
943,SafaricomStadium,900
944,JaberAl-AhmadInternationalStadium,901
945,MubarakAlairStadium,902
946,ThamirStadium,903
947,LaosNationalStadium,904
948,Celtnieks,905
949,Daugavasstadions,906
950,Daugavasstadions,907
951,LatvijasUniversitates,906
952,Olimpijastadions,907
953,Skonto,906
954,StadionsArkādija,906
955,Ventspilsstadions,911
956,ZOCstadions,912
957,BeirutMunicipalStadium,913
958,CamilleChamounStadium,913
959,SaidaInternationalStadium,914
960,SetsotoStadium,915
961,Aukštaitijos,916
962,LFFStadionas,917
963,Pakruojomiestostadionas,918
964,S.DariausirS.Gireno,919
965,Savivaldybėsstadionas,920
966,Suduvos,921
967,StadeAlphonseTheis,922
968,StadeauCents,923
969,StadeduThillenberg,924
970,StadeÉmileMayrisch,925
971,StadeJosNosbaum,926
972,StadeJosyBarthel,923
973,StadeMunicipaldeRumelange,928
974,StadeMunicipalOberkorn,924
975,StadeopFlohr,930
976,PodTumbeKafe,931
977,StadionBorisTrajkovski,932
978,StadionGjorčePetrov,932
979,StadionGoceDelčev,933
980,StadionGradskaPlaža,934
981,StadionGradskiKičevo,935
982,StadionGradskiTetovo,936
983,TelekomArena,932
984,BinguNationalStadium,938
985,StadiumBukitJalil,939
986,StadiumDarulMakmur,940
987,StadiumJCorp,941
988,StadiumLarkin,942
989,StadiumLikas,943
990,StadiumMPS,944
991,StadiumPetalingJaya,945
992,StadiumShahAlam,946
993,Stadedu26Mars,947
994,CentenaryStadium,948
995,HiberniansGround,949
996,Ta’QaliStadium,948
997,VictorTedescoStadium,951
998,Estadio3deMarzo,952
999,EstadioAgustínCorucoDíaz,953
1000,EstadioAkron,954
1001,EstadioAlbertoCórdoba,955
1002,EstadioAlfonsoLastras,956
1003,EstadioAndrésQuintanaRoo,957
1004,EstadioAzteca,958
1005,EstadioAzul,958
1006,EstadioAzulgrana,959
1007,EstadioBanorte,960
1008,EstadioBBVABancomer,961
1009,EstadioBorregos,962
1010,EstadioCaliente,963
1011,EstadioCuauhtémoc,964
1012,EstadioJalisco,952
1013,EstadioJuanN.López,966
1014,EstadioLaCorregidora,967
1015,EstadioLeón,968
1016,EstadioLuísdelaFuente,969
1017,EstadioMarteR.Gómez,970
1018,EstadioMiguelHidalgo,971
1019,EstadioMorelos,972
1020,EstadioNemesioDíez,955
1021,EstadioOlímpicoUniversitario,958
1022,EstadioTecnológico,975
1023,EstadioTecnológicodeOaxaca,976
1024,EstadioTSMCorona,977
1025,EstadioUniversitario,978
1026,EstadioUniversitarioBUAP,964
1027,EstadioVíctorManuelReyna,980
1028,EstadioVictoria,962
1029,BolshayaSportivnayaArena,982
1030,Dinamo,983
1031,KrytayaArena,982
1032,MalayaSportivnayaArena,982
1033,Republican,983
1034,Zimbru,983
1035,StadionpodGoricom,986
1036,ComplexeSportifdeFès,987
1037,StadeAdrar,988
1038,StadeBachir,989
1039,Staded'Honneurd’Oujda,990
1040,Staded'HonneurdeMeknès,991
1041,StadedeFUS,992
1042,StadedeMarrakech,993
1043,StadedeTanger,994
1044,Stadedu18-Novembre,995
1045,StadeduPhosphate,996
1046,StadeElAbdi,997
1047,StadeElMassira,998
1048,StadeHassanII,987
1049,StadeMimounAlArsi,1000
1050,StadeMohamedV,1001
1051,StadeMoulayAbdallah,992
1052,StadeMunicipaldeKénitra,1003
1053,StadeSaniatRmel,1004
1054,EstádiodaMachava,1005
1055,EstádiodoZimpeto,1005
1056,DasarathRangasala,1006
1057,AbeLenstraStadion,1007
1058,AFASStadion,1008
1059,Cambuurstadion,1009
1060,DeAdelaarshorst,1010
1061,DeGeusselt,1011
1062,DeGrolschVeste,1012
1063,DeKoel,1013
1064,DeOudeMeerdijk,1014
1065,FransHeesenStadion,1015
1066,GelreDome,1016
1067,Goffertstadion,1017
1068,HitachiStadion,1018
1069,JohanCruijffArenA,1019
1070,KoningWillemIIStadion,1020
1071,KrasStadion,1021
1072,KyoceraStadion,1022
1073,LavansStadion,1023
1074,MAC³PARKstadion,1024
1075,MandemakersStadion,1025
1076,OlympischStadion,1019
1077,ParkstadLimburg,1027
1078,PhilipsStadion,1028
1079,RatVerleghStadion,1029
1080,SpartaStadion,1030
1081,SportparkDeHeikant,1031
1082,SportparkDeHogeBomen,1032
1083,SportparkDeWestmaat(Blauwe),1033
1084,SportparkDeWestmaat(Rode),1033
1085,SportparkElinkwijk,1034
1086,SportparkWestvliet,1035
1087,StadionFeijenoord,1030
1088,StadionGalgenwaard,1034
1089,StadionHeraclesAlmelo,1038
1090,StadionWoudestein,1030
1091,TelstarStadion,1040
1092,TrendworkArenaStadion,1041
1093,EdenPark,1042
1094,ForsythBarrStadium,1043
1095,WestpacStadium,1044
1096,AbujaStadium,1045
1097,GodswillAkpabioInternationalStadium,1046
1098,KimIl-sungStadium,1047
1099,RungradoMayDayStadium,1047
1100,KingspanStadium,1048
1101,Solitude,1048
1102,TheOval,1048
1103,WindsorPark,1048
1104,AkerStadion,1049
1105,AlfheimStadion,1050
1106,ÅråsenStadion,1051
1107,AspmyraStadion,1052
1108,BislettStadion,1053
1109,BrannStadion,1054
1110,ColorLineStadion,1055
1111,HILStadion,1056
1112,IntilityArena,1053
1113,Komplett.noArena,1058
1114,LerkendalStadion,1059
1115,MarienlystStadion,1060
1116,NadderudStadion,1061
1117,SarpsborgStadion,1062
1118,SørArena,1063
1119,StrømmenStadion,1064
1120,TelenorArena,1065
1121,UllevålStadion,1053
1122,VikingStadion,1067
1123,Al-SaadaStadium,1068
1124,SeebStadium,1069
1125,SoharRegionalSportsComplex,1070
1126,SurSportsComplex,1071
1127,EstadioAntonioOddoneSarubbi,1072
1128,EstadioDefensoresdelChaco,1073
1129,EstadioDr.NicolásLeóz,1073
1130,EstadioFelicianoCáceres,1074
1131,EstadioGeneralPabloRojas,1073
1132,EstadioManuelFerreira,1073
1133,EstadioRioParapiti,1072
1134,EstadioAlejandroVillanueva,1077
1135,EstadioGarcilasodelaVega,1078
1136,EstadioMiguelGrau,1079
1137,EstadioNacionalJoséDiaz,1077
1138,EstadioTeodoroLoloFernández,1081
1139,ArenaCzęstochowa,1082
1140,ArenaLublin,1083
1141,ArenaZabrze,1084
1142,ArenaŻagań,1085
1143,DolcanArena,1086
1144,GIEKSAArena,1087
1145,IntakusPark,1088
1146,IzoArena,1089
1147,Kompleksim.WłodzimierzaSmolarka,1090
1148,Motoarena,1091
1149,NarodowyStadionRugby,1092
1150,PGENarodowy,1093
1151,Stadion1000-leciawTurku,1094
1152,Stadion650-lecia,1095
1153,StadionAlfredaSmoczyka,1096
1154,StadionAmiki,1097
1155,StadionArkonii,1098
1156,StadionAWFKatowice,1099
1157,StadionAWFKraków,1100
1158,StadionBałtyku,1101
1159,StadionBBOSiRMłyńska,1102
1160,StadionBolesława,1103
1161,StadionBroniRadom,1104
1162,StadionBronisławaBagińskiego,1105
1163,StadionBruk-Bet,1106
1164,StadionBuguWyszków,1107
1165,StadionBytovii,1108
1166,StadionCarbo,1109
1167,StadionCartusii,1110
1168,StadionCeramiki,1111
1169,StadionChełmianki,1112
1170,StadionChemikaBydgoszcz,1113
1171,StadionChojniczanki,1114
1172,StadionChrobrego,1115
1173,StadionCracovii,1100
1174,StadionCSiRwBabimoście,1117
1175,StadionCTSNowaRuda,1118
1176,StadionCzarnychJasło,1119
1177,StadionCzarnychOlecko,1120
1178,StadionDyskobolii,1121
1179,StadionEdwardaSzymkowiaka,1122
1180,StadionEnergaGdańsk,1123
1181,StadionFalubazu,1124
1182,StadionFlorianaKrygiera,1098
1183,StadionFloty,1126
1184,StadionGarbarni,1100
1185,StadionGKS-uJastrzębie,1128
1186,StadionGKS-uKatowice,1099
1187,StadionGórnikaŁęczna,1130
1188,StadionGórnikaLibiąż,1131
1189,StadionGOS,1132
1190,StadionGOSiRwGdyni,1092
1191,StadionGranicyBogatynia,1134
1192,StadionGryfa,1135
1193,StadionGryfaKamieńPomorski,1136
1194,StadionGryfaSłupsk,1095
1195,StadionGrzegorzaDuneckiego,1091
1196,StadionHenrykaReymana,1100
1197,StadionHetmana,1140
1198,StadionHuraganuPobiedziska,1141
1199,StadionHutnikaWarszawa,1093
1200,StadionIgloopoluDębica,1143
1201,Stadionim.StanisławaBąka,1144
1202,Stadionim.WłodzimierzaSmolarka,1145
1203,StadionInowrocławskichOlimpijczyków,1146
1204,StadionJagiellonii,1147
1205,StadionJaroty,1148
1206,StadionJezioraka,1149
1207,StadionJózefaPawełczyka,1150
1208,StadionKarkonoszy,1151
1209,StadionKarolaKucharskiego,1152
1210,StadionKarpat,1153
1211,StadionKazimierzaDeyny,1154
1212,StadionKazimierzaGórskiego,1155
1213,StadionKonfeksu,1156
1214,StadionKoszarawy,1157
1215,StadionKSZO,1158
1216,StadionKujawiaka,1159
1217,StadionKuźniczka,1160
1218,StadionŁadyBiłgoraj,1161
1219,StadionLechaPoznań,1162
1220,StadionLechii,1123
1221,StadionLechiiDzierżoniów,1164
1222,StadionLechiiStrawczyn,1165
1223,StadionLegionovii,1166
1224,StadionLekkoatletycznyBOSiR,1147
1225,StadionLekkoatletycznywBarcinie,1168
1226,StadionLekkoatletycznywLublinie,1083
1227,StadionLeśnywNiechorzu,1170
1228,StadionLeśnywSopocie,1171
1229,StadionŁKS-u,1172
1230,StadionŁKS-uŁódź,1172
1231,StadionŁKS-uŁomża,1173
1232,StadionLudowy,1174
1233,StadionMarianaPaska,1175
1234,StadionMazura,1176
1235,StadionMiejskiTychy,1177
1236,StadionMiejskiwAlwerni,1178
1237,StadionMiejskiwBędzinie,1179
1238,StadionMiejskiwBielsku-Białej,1102
1239,StadionMiejskiwGogolinie,1181
1240,StadionMiejskiwGostyninie,1182
1241,StadionMiejskiwGubinie,1183
1242,StadionMiejskiwKluczborku,1184
1243,StadionMiejskiwKutnie,1185
1244,StadionMiejskiwMiędzychodzie,1186
1245,StadionMiejskiwNowymTomyślu,1187
1246,StadionMiejskiwPolkowicach,1188
1247,StadionMiejskiwRadłowie,1189
1248,StadionMiejskiwRadomsku,1190
1249,StadionMiejskiwRadzyniu,1191
1250,StadionMiejskiwSkwierzynie,1192
1251,StadionMiejskiwStarachowicach,1193
1252,StadionMiejskiwSulejówku,1194
1253,StadionMiejskiwŚwidniku,1195
1254,StadionMiejskiwSzczecinku,1196
1255,StadionMiejskiwTrzemiesznie,1197
1256,StadionMiejskiwZgorzelcu,1198
1257,StadionMiejskiweWrześni,1199
1258,StadionMieszkaGniezno,1200
1259,StadionMKS-uKozienice,1201
1260,StadionMOSiRBrzeg,1202
1261,StadionMOSiRBystrzyca,1083
1262,StadionMOSiRPuławy,1204
1263,StadionMOSiRwKostrzynie,1205
1264,StadionMOSiRwMyszkowie,1206
1265,StadionMOSiRwPucku,1207
1266,StadionNaprzoduRydułtowy,1208
1267,StadionNarwi,1209
1268,StadionNoweMiasto,1210
1269,StadionObry,1211
1270,StadionOCKF,1212
1271,StadionOdryOpole,1213
1272,StadionOdryWodzisław,1214
1273,StadionOkęcia,1093
1274,StadionOlimpii,1216
1275,StadionOlimpiiGrudziądz,1217
1276,StadionOlimpiiPoznań,1162
1277,StadionOlimpiiZambrów,1219
1278,StadionOlimpijski,1088
1279,StadionOlimpijskiwSłubicach,1221
1280,StadionOrkanaRumia,1222
1281,StadionOrkanaSochaczew,1223
1282,StadionOrłaBiałego,1156
1283,StadionOrłaMiędzyrzecz,1225
1284,StadionOrłaZąbkowice,1226
1285,StadionOSiRCzarnków,1227
1286,StadionOSiRGorzów,1228
1287,StadionOSiRSiedlce,1229
1288,StadionOSiRSkałka,1230
1289,StadionOSiRwOlsztynie,1231
1290,StadionOSiRwRaciborzu,1232
1291,StadionOSiRwTrzciance,1233
1292,StadionPatriiBuk,1234
1293,StadionPcimiankiPcim,1235
1294,StadionPelikana,1236
1295,StadionPiastaGliwice,1109
1296,StadionPiastaŻmigród,1238
1297,StadionPodlesianki,1099
1298,StadionPogoniLwówek,1240
1299,StadionPogoniMiechów,1241
1300,StadionPogoniŚwiebodzin,1242
1301,StadionPolaruWrocław,1088
1302,StadionPoloniiBydgoszcz,1113
1303,StadionPoloniiLidzbark,1245
1304,StadionPoloniiWarszawa,1093
1305,StadionPosnanii,1162
1306,StadionPromieniaOpalenica,1248
1307,StadionPrzeboju,1249
1308,StadionPrzemszySiewierz,1250
1309,StadionPuszczyNiepołomice,1251
1310,StadionRadomiaka,1104
1311,StadionRakowa,1082
1312,StadionRCSLubin,1254
1313,StadionResovii,1255
1314,StadionROSRRiTSiedlce,1229
1315,StadionROW-u,1257
1316,StadionRoztoczaSzczebrzeszyn,1258
1317,StadionRozwojuKatowice,1099
1318,StadionRuchu,1260
1319,StadionSandecji,1261
1320,StadionSebastianaKarpiniuka,1262
1321,StadionSiarkiTarnobrzeg,1263
1322,StadionSkryWarszawa,1093
1323,StadionŚląska(Oporowska),1088
1324,StadionŚląskaWrocław,1088
1325,StadionŚląski,1260
1326,StadionSokołaOstróda,1267
1327,StadionSokołaPniewy,1268
1328,StadionSpartySzamotuły,1269
1329,StadionSpartyZabrze,1084
1330,StadionStaliGorzów,1228
1331,StadionStaliKraśnik,1272
1332,StadionStaliMielec,1273
1333,StadionStaliPoniatowa,1274
1334,StadionStaliRzeszów,1255
1335,StadionStaliStalowaWola,1276
1336,StadionStanisławaFigasa,1101
1337,StadionStartuGniezno,1200
1338,StadionStartuKrasnystaw,1279
1339,StadionStoczniowy,1098
1340,StadionŚwituDziałoszyce,1281
1341,StadionŚwituNowyDwór,1282
1342,StadionSzombierek,1122
1343,StadionTłoków,1284
1344,StadionTomasovii,1285
1345,StadionTysiąclecia,1210
1346,StadionUniiJanikowo,1287
1347,StadionUniiRacibórz,1232
1348,StadionUniiSwarzędz,1289
1349,StadionUniiTarnów,1290
1350,StadionUniiTczew,1291
1351,StadionUranii,1292
1352,StadionUrsusaWarszawa,1093
1353,StadionVictoriiJaworzno,1294
1354,StadionVictoriiSkalbmierz,1295
1355,StadionwCzosnowie,1296
1356,StadionwPlewiskach,1297
1357,StadionwRewalu,1298
1358,StadionWarmiiGrajewo,1299
1359,StadionWartyPoznań,1162
1360,StadionWartySieradz,1301
1361,StadionWartyŚrem,1302
1362,StadionWartyZawiercie,1303
1363,StadionWawelu,1100
1364,StadionWidzewa,1172
1365,StadionWiesławaManiaka,1098
1366,StadionWigierSuwałki,1307
1367,StadionWisłyAnnopol,1308
1368,StadionWisłySandomierz,1309
1369,StadionWłocłavii,1159
1370,StadionWojskaPolskiego,1093
1371,StadionWSKFiT,1312
1372,StadionZagłębia,1254
1373,StadionZbigniewaPodleckiego,1123
1374,StadionZdzisławaKrzyszkowiaka,1113
1375,StadionZłotejJedenastki,1175
1376,StadionZnicza,1312
1377,StadionZorzy-TempoPacanów,1318
1378,SucheStawy,1100
1379,SuzukiArena,1320
1380,CaixaFutebolCampus,1321
1381,ComplexoDesportivodeBarcelos,1322
1382,EstádiodoMar,1323
1383,EstádiodoRestelo,1324
1384,EstádioMunicipaldeChaves,1325
1385,EstádioAgostinodeLima,1326
1386,EstádioAlgarve,1327
1387,EstádioAntonioCoimbra,1328
1388,EstádioBentoPessoa,1329
1389,EstádioCampodoPragal,1330
1390,EstádioCidadedeCoimbra,1331
1391,EstádiodaLuz,1324
1392,EstádiodaMadeira,1333
1393,EstádiodaMataReal,1334
1394,EstádiodeMachico,1335
1395,EstádiodeSãoLuís,1336
1396,EstádiodoBessaXXI,1337
1397,EstádiodoBonfim,1338
1398,EstádiodoCDdasAves,1339
1399,EstádiodoDragão,1337
1400,EstádiodoMaritimo,1333
1401,EstádiodoSCFreamunde,1342
1402,EstádioDomAfonsoHenriques,1343
1403,EstádiodosArcos,1344
1404,EstádioDr.FranciscoVieira,1345
1405,EstádioDr.MagalhaesPessoa,1346
1406,EstádioJoãoCardoso,1347
1407,EstádioJoseAlvalade,1324
1408,EstádioMunicipal25deAbril,1349
1409,EstádioMunicipaldeAlbufeira,1350
1410,EstádioMunicipaldeArouca,1351
1411,EstádioMunicipaldeAveiro,1352
1412,EstádioMunicipaldeBraga,1353
1413,EstádioMunicipaldeLagos,1354
1414,EstádioMunicipaldePortimão,1355
1415,EstádioNacionaldoJamor,1324
1416,EstádioPinaManique,1324
1417,EstádioVarzimSC,1357
1418,AbdullahbinKhalifaStadium,1358
1419,AhmedbinAliStadium,1359
1420,AlShamalStadium,1360
1421,GrandHamadStadium,1358
1422,JassimbinHamadStadium,1358
1423,KhalifaStadium,1358
1424,ThanibinJassimStadium,1358
1425,AthloneStadium,1362
1426,BidvestStadium,1363
1427,CapeTownStadium,1362
1428,EllisPark,1363
1429,FNBStadium,1363
1430,LoftusVersfeld,1366
1431,LucasMoripeStadium,1367
1432,MbombelaStadium,1368
1433,MmabathoStadium,1369
1434,MosesMabhidaStadium,1370
1435,NelsonMandelaBayStadium,1371
1436,NewlandsStadium,1362
1437,OrlandoStadium,1373
1438,PeterMokabaStadium,1374
1439,RandStadium,1375
1440,RoyalBafokengStadium,1376
1441,VodacomPark,1377
1442,ClujArena,1378
1443,StadionulAreni,1379
1444,StadionulAvântul,1380
1445,StadionulCeahlăul,1381
1446,StadionulCentral,1382
1447,StadionulConcordia,1383
1448,StadionulCotroceni,1384
1449,StadionulDanPaltinisanu,1385
1450,StadionulDinamo,1384
1451,StadionulDr.ConstantinRădulescu,1378
1452,StadionulEmilAlexandrescu,1388
1453,StadionulFarul,1389
1454,StadionulFlacăra,1390
1455,StadionulFlacăra,1391
1456,StadionulFranciscvonNeumann,1392
1457,StadionulGazMetan,1393
1458,StadionulGhencea,1384
1459,StadionulGiuleşti-ValentinStănescu,1384
1460,StadionulGloria,1395
1461,StadionulIlieOană,1396
1462,StadionulIonOblemenco,1397
1463,StadionulIuliuBodola,1398
1464,StadionulJiul,1399
1465,StadionulLadislauBölöni,1393
1466,StadionulMarinAnastasovici,1401
1467,StadionulMetalul,1402
1468,StadionulMichaelKlein,1403
1469,StadionulMirceaChivu,1404
1470,StadionulMunicipal,1393
1471,StadionulMunicipalBacău,1406
1472,StadionulMunicipalBotoșani,1407
1473,StadionulMunicipalBrăila,1408
1474,StadionulMunicipalBuzău,1409
1475,StadionulMunicipalSibiu,1410
1476,StadionulNaţional,1384
1477,StadionulRegie,1384
1478,StadionulTineretului,1412
1479,StadionulTudorVladimirescu,1413
1480,StadionulViitorul,1414
1481,AchmatArena,1415
1482,AnjiArena,1416
1483,ArenaKhimki,1417
1484,ArsenałStadion,1418
1485,CentralnyjStadion,1419
1486,DinamoStadion,1420
1487,FishtOlympicStadium,1421
1488,KazanArena,1419
1489,KubanStadion,1423
1490,LokomotivStadion,1424
1491,Luzhniki,1424
1492,MalajaSportivnajaArenaLokomotiv,1424
1493,MalayaArena-Petrovsky,1425
1494,MetallurgStadion,1426
1495,MordoviaArena,1427
1496,Olimp-2Stadion,1428
1497,OtkritieArena,1424
1498,PetrovskyStadion,1425
1499,RostovArena,1428
1500,SamaraArena,1426
1501,SpartakStadion,1433
1502,StadionDynamo,1424
1503,StadionFKKrasnodar,1423
1504,StadionFOPIzmailovo,1424
1505,StadionKaliningrad,1437
1506,StadionNizhnyNovgorod,1438
1507,StadionSanktPetersburg,1425
1508,TorpedoStadion,1440
1509,TorpedoStadion,1424
1510,TsentralnyiStadion,1442
1511,TsentralnyiStadion,1443
1512,VEBArena,1424
1513,VolgogradArena,1445
1514,ZvezdaStadion,1446
1515,StadeAmahoro,1447
1516,KingAbdullahSportsCityStadium,1448
1517,KingAbdullahStadium,1449
1518,KingFahdInternationalStadium,1450
1519,KSUStadium,1450
1520,PrinceAbdullahAl-FaisalStadium,1449
1521,BroadwoodStadium,1452
1522,BTMurrayfield,1453
1523,CaledonianStadium,1454
1524,Cappielow,1455
1525,CathkinPark,1456
1526,CelticPark,1456
1527,DamPark,1457
1528,EastEndPark,1458
1529,EasterRoadStadium,1453
1530,EnergyCheckStadium,1456
1531,ExcelsiorStadium,1461
1532,FalkirkStadium,1462
1533,FirPark,1463
1534,Galabank,1464
1535,GlobalEnergyStadium,1465
1536,HampdenPark,1456
1537,IbroxStadium,1456
1538,KilmacStadium,1467
1539,McDiarmidPark,43
1540,MeadowPark,1469
1541,Meadowbank,1453
1542,NewDouglasPark,204
1543,Paisley2021Stadium,1472
1544,PalmerstonPark,1473
1545,PetershillPark,1456
1546,PittodrieStadium,1475
1547,RugbyPark,1476
1548,Stark’sPark,1477
1549,TannadicePark,1467
1550,TheYOURRadio103FMStadium,1479
1551,TonyMacaroniArena,1480
1552,TynecastlePark,1453
1553,StadeLéopoldSenghor,1482
1554,GradskiStadionGuča,1483
1555,GradskiStadionKraljevo,1484
1556,GradskiStadionNoviPazar,1485
1557,GradskiStadionSubotica,1486
1558,GradskiStadionSurdulica,1487
1559,GradskiStadionUžice,1488
1560,OmladinskiStadion,1489
1561,StadionČair,1490
1562,StadionČikaDača,1491
1563,StadionFKJagodina,1492
1564,StadionFKPartizan,1489
1565,StadionFKSmederevo,1494
1566,StadionFKZemun,1489
1567,StadionHajdukanaLionu,1489
1568,StadionKarađorđe,1496
1569,StadionkrajMoravice,1497
1570,StadionKraljPetarPrvi,1489
1571,StadionMetalac,1499
1572,StadionMladost,1500
1573,StadionMladostKruševac,1501
1574,StadionObilić,1489
1575,StadionRajkoMitić,1489
1576,StadionVašarište,1503
1577,StadionVoždovac,1489
1578,ChoaChuKangStadium,1505
1579,JalanBesarStadium,1505
1580,SingaporeNationalStadium,1505
1581,TheFloat@MarinaBay,1505
1582,AreálAFCPovažan,1506
1583,CityArena-SAM,1507
1584,FutbalovýštadiónPrievidza,1508
1585,Humenskýštadión,1509
1586,Mestskýfutbalovýštadión,1510
1587,MestskýštadiónSkalica,1511
1588,NTCPoprad,1512
1589,ŠtadiónDACDunajskáStreda,1513
1590,ŠtadiónFCViOn,1514
1591,ŠtadiónFKPúchov,1515
1592,ŠtadiónFKSenica,1516
1593,ŠtadiónLokomotívy,1517
1594,ŠtadiónMFKRužomberok,1518
1595,ŠtadiónnaSihoti,1519
1596,ŠtadiónNTC,1520
1597,ŠtadiónPasienky,1521
1598,ŠtadiónPetržalka,1521
1599,ŠtadiónpodDubňom,1522
1600,ŠtadiónpodZoborom,1523
1601,ŠtadiónŠKPDúbravka,1521
1602,ŠtadiónSpartakaMyjava,1525
1603,ŠtadionŠtiavničky,1526
1604,ŠtadiónTatran,1527
1605,ŠtadionvČiernomBalogu,1528
1606,SteelSlovakiaAréna,1529
1607,LjudskiVrt,1530
1608,MestniStadionLendava,1531
1609,ŠportniParkDomžale,1532
1610,ŠportniParkNovaGorica,1533
1611,StadionBežigrad,1534
1612,StadionFazanerija,1535
1613,StadionMatijaGubec,1536
1614,StadionPrimorje,1537
1615,StadionStožice,1534
1616,StadionZ’dežele,1539
1617,StadionŽŠD,1534
1618,AlpensiaStadium,1541
1619,BigBirdStadium,1542
1620,BucheonStadium,1543
1621,BusanAsiadStadium,1544
1622,ChangwonCivicStadium,1545
1623,ChangwonFootballStadium,1545
1624,DaeguStadium,1546
1625,DaejeonWorldCupStadium,1547
1626,GuusHiddinkStadium,1548
1627,GwangyangStadium,1549
1628,HwaseongStadium,1550
1629,IcheonStadium,1551
1630,IncheonAsiadMainStadium,1552
1631,IncheonFootballStadium,1552
1632,IncheonMunhakStadium,1552
1633,JejuWorldCupStadium,1553
1634,JeonjuWorldCupStadium,1554
1635,JinjuStadium,1555
1636,MunsuFootballStadium,1556
1637,SeongnamSportsComplexStadium,1557
1638,SeoulWorldCupStadium,1558
1639,Steelyard,1559
1640,TanCheonStadium,1557
1641,UlsanStadium,1556
1642,AbancaBalaídos,1562
1643,Abanca-Riazor,1563
1644,Campd'Esports,1564
1645,CampMunicipalNarcísSala,1565
1646,CampNou,1565
1647,CampodeFútboldeVallecas,1566
1648,CIAT,1567
1649,ColiseumAlfonsoPérez,1568
1650,ComplejoDeportivolaFuensanta,1569
1651,EstadiCiutatdeValencia,1570
1652,EstadiNovaCreuAlta,1571
1653,EstadiOlimpic,1572
1654,EstadiOlímpicLluísCompanys,1565
1655,EstadioNuevolasGaunas,1574
1656,EstadioAlfredodiStefano,1575
1657,EstadioAnoeta,1576
1658,EstadioBenitoVillamarín,1577
1659,EstadioCarlosBelmonte,1578
1660,EstadioCarlosTartiere,1579
1661,EstadioCartagonova,276
1662,EstadioCiudaddeLepe,1581
1663,EstadioCiudaddeLucena,1582
1664,EstadiodeButarque,1583
1665,EstadiodelaCerámica,1584
1666,EstadiodeLaRomareda,1585
1667,EstadiodeLasesarre,1586
1668,EstadiodeMendizorrotza,1587
1669,EstadiodePasarón,1588
1670,EstadiodeTenerife,1567
1671,EstadioElMolinón,1590
1672,EstadioElSadar,1591
1673,EstadioElSardinero,1592
1674,EstadioFranciscoMuñozPérez,1593
1675,EstadioGranCanaria,1594
1676,EstadioHelmántico,1595
1677,EstadioIberoamericano2010,1596
1678,EstadioIpurúa,1597
1679,EstadioJoséRicoPérez,1598
1680,EstadioJoséZorrilla,1599
1681,EstadioLaCondomina,1600
1682,EstadioLaRosaleda,1601
1683,EstadioManuelMartinezValero,1602
1684,EstadioMediterráneo,1603
1685,EstadioMestalla,1570
1686,EstadioMunicipaldeAnduva,1605
1687,EstadioMunicipaldeChapín,1606
1688,EstadioNuevaBalastera,1607
1689,EstadioNuevaCondomina,1600
1690,EstadioNuevoArcángel,27
1691,EstadioNuevoColombino,1610
1692,EstadioNuevoLosCármenes,1611
1693,EstadioNuevoVivero,1612
1694,EstadioOlímpicodeSevilla,1577
1695,EstadioRamondeCarranza,1614
1696,EstadioRomano,1615
1697,EstadioSantiagoBernabéu,1566
1698,EstadioSilvestreCarrillo,1617
1699,EstadioVicenteCalderón,1566
1700,EstadioZubietaXXI,1619
1701,IberostarEstadi,1620
1702,MiniEstadi,1565
1703,MiniestadioCerrodelEspino,1622
1704,NouCampMunicipalUECornellá,1565
1705,NouEstadi,1624
1706,NouEstadiCastalia,1625
1707,NouSardenya,1565
1708,NuevoEstadioLosPajaritos,1627
1709,RamónRamónSánchezPizjuán,1577
1710,RCDEStadium,1565
1711,SanMamésBarria,1630
1712,StadiumGal,1631
1713,WandaMetropolitano,1566
1714,Arosvallen,1633
1715,BehrnArena,1634
1716,BoråsArena,1635
1717,BravidaArena,1636
1718,FredriksskansIP,1637
1719,FriendsArena,1638
1720,GamlaUllevi,1636
1721,Gavlevallen,1640
1722,GuldfågelnArena,1637
1723,JämtkraftArena,1642
1724,Jernvallen,1643
1725,Klostergårdens,1644
1726,Kopparvallen,1645
1727,LandskronaIP,1646
1728,MalmöStadion,1647
1729,MyresjöhusArena,1648
1730,NorrportenArena,1649
1731,NyaParken,1650
1732,OlympiaStadion,1651
1733,ÖrjansVall,1652
1734,RosvallaStadion,1653
1735,Slottskogsvallen,1636
1736,Söderstadion,1655
1737,SödertäljeFotbollsarena,1656
1738,Sollentunavallen,1657
1739,StockholmsStadion,1655
1740,SwedbankPark,1633
1741,SwedbankStadion,1647
1742,Tele2Arena,1655
1743,Tunavallen,1662
1744,UlleviStadion,1636
1745,Varendsvallen,1648
1746,AFGArena,1665
1747,LaMaladière,1666
1748,Letzigrund,1667
1749,St.Jakob-Park,1668
1750,StadedeGenéve,1669
1751,StadedeSuisse,1670
1752,StadeOlympiquedelaPontaise,1671
1753,StadioComunalediBellinzona,1672
1754,StadionBrügglifeld,1673
1755,StadionGurzelen,1674
1756,StadionSchützenwiese,1675
1757,StockhornArena,1676
1758,swissporarena,1677
1759,TissotArena,1674
1760,Tourbillon,1679
1761,AbbasiyyinStadium,1680
1762,Al-HamadaniahStadium,1681
1763,AleppoInternationalStadium,1681
1764,IdlibStadium,1682
1765,ChungshanStadium,1683
1766,KaohsiungStadium,1684
1767,TaipeiMunicipalStadium,1683
1768,TaoyuanStadium,1686
1769,BenjaminMkapaStadium,1687
1770,ChulalongkornStadium,1688
1771,i-mobileStadium,1689
1772,PATStadium,1688
1773,RajamangalaStadium,1688
1774,Thai-JapaneseStadium,1688
1775,TOTStadium,1688
1776,AtoBoldonStadium,1691
1777,HaselyCrawfordStadium,1692
1778,MannieRamjohnStadium,1693
1779,MarvinLeeStadium,1694
1780,Stade7Novembre,1695
1781,Stadedu15Octobre,1696
1782,StadeElMenzah,1697
1783,StadeMoustaphaBenJannet,1698
1784,StadeOlympique,1699
1785,19EylülStadyumu,1700
1786,19MayısStadyumu,1701
1787,19MayısStadyumu,1702
1788,19MayısStadyumu,1703
1789,Adana5OcakStadyumu,1704
1790,AkdenizÜniversitesiStadyumu,1705
1791,AntalyaArena,1705
1792,AtatürkOlimpiyatStadyumu,1706
1793,AtatürkStadyumu,1707
1794,AtatürkStadyumu,1708
1795,BeykozStadyumu,1706
1796,BornovaStadyumu,1710
1797,ÇaykurDidiStadyumu,1711
1798,ÇetinEmeçStadyumu,1706
1799,FatihTerimStadyumu,1706
1800,GaziantepStadyumu,1713
1801,GümüşhaneStadyumu,1714
1802,HasanPolatStadyumu,1706
1803,HüseyinAvniAkerStadyumu,1716
1804,İzmirAtatürkStadyumu,1710
1805,KadirHasStadyumu,1718
1806,KamilOcakStadyumu,1713
1807,KartalStadyumu,1706
1808,MedicalParkStadyumu,1716
1809,MersinArena,1722
1810,MimarYahyaBaşStadyumu,1706
1811,NecmiKadıoğluStadyumu,1706
1812,OsmanlıStadyumu,1724
1813,ÖzerTürkStadyumu,1725
1814,RecepTayyipErdoğanStadyumu,1706
1815,SivasArena,1727
1816,TimsahArena,1707
1817,TorkuArena,1708
1818,TürkTelekomStadium,1706
1819,ÜlkerStadyumu,1706
1820,VodafonePark,1706
1821,YeniEskişehirStadyumu,1731
1822,YeniMalatyaStadyumu,1732
1823,YeniSakaryaStadyumu,1733
1824,YusufZiyaÖnişStadyumu,1706
1825,ZeytinburnuStadyumu,1706
1826,AşgabatOlimpiýaStadiony,1735
1827,AşgabatStadiony,1735
1828,MandelaNationalStadium,1736
1829,ArenaLviv,1737
1830,DniproArena,1738
1831,DonbassArena,1739
1832,LafortArena,1740
1833,NSKOlimpiyskiy,1741
1834,ObolonArena,1741
1835,RSKOlimpiyskyi,1739
1836,SławutyczArena,1743
1837,SportiwnyjKompleksPodilya,1744
1838,StadionAwangard,1745
1839,StadionAwangard,1746
1840,StadionBukovyna,1747
1841,StadionCentralnyj,1748
1842,StadionChernomorets,1749
1843,StadionIllichivets,1750
1844,StadionimW.Łobanowskiego,1741
1845,StadionJubilejnyj,1752
1846,StadionLokomotyv,1753
1847,StadionMetalist,1754
1848,StadionMetalurga,1755
1849,StadionMeteor,1738
1850,StadionNTK,1741
1851,StadionRuch,1758
1852,StadionStali,1759
1853,StadionSzachtara,1739
1854,StadionUkraina,1737
1855,StadionVorskla,1762
1856,Al-MaktoumStadium,1763
1857,Al-NahyanStadium,1764
1858,Al-RashidStadium,1763
1859,Al-ShababStadium,1763
1860,BaniyasStadium,1764
1861,EmiratesClubStadium,1767
1862,HBZStadium,1768
1863,KhalidBinMohammedStadium,1769
1864,MohammedBinZayedStadium,1764
1865,PoliceOfficers’ClubStadium,1763
1866,SheikhKhalifaBinZayedStadium,1768
1867,SheikhZayedStadium,1764
1868,TahnounBinMohamedStadium,1768
1869,ZabeelStadium,1763
1870,AlLangStadium,1776
1871,Alamodome,1777
1872,AlohaStadium,1778
1873,ArrowheadStadium,1779
1874,AT&TStadium,1780
1875,AudiField,1781
1876,AutzenStadium,1782
1877,AvayaStadium,284
1878,BancofCaliforniaStadium,1784
1879,BankofAmericaStadium,1785
1880,BB&TField,1786
1881,BBVACompassStadium,1787
1882,BeaverStadium,1788
1883,BenHillGriffinStadium,1789
1884,BillSnyderFamilyStadium,1790
1885,BoonePickensStadium,1791
1886,BristolMotorSpeedway,379
1887,Bryant-DennyStadium,1793
1888,BuckShawStadium,1794
1889,ByrdStadium,1795
1890,CaliforniaMemorialStadium,1796
1891,CampRandallStadium,1797
1892,CampingWorldStadium,1373
1893,CandlestickPark,1799
1894,CanvasStadium,1800
1895,CarrierDome,1801
1896,CenturyLinkField,1802
1897,Children’sMercyPark,1779
1898,ClemsonMemorialStadium,1804
1899,CottonBowl,1805
1900,DoakCampbellStadium,1806
1901,DSGPark,1807
1902,EdwardJonesDome,1808
1903,FAUStadium,1809
1904,FaurotField,1810
1905,FedExField,1811
1906,FirstEnergyStadium,1812
1907,FordField,1813
1908,ForemanField,1814
1909,GeorgiaDome,1815
1910,GilletteStadium,1816
1911,HardRockStadium,1817
1912,HarvardStadium,1818
1913,HaywardField,1782
1914,HeinzField,1820
1915,HighPointSolutionsStadium,1821
1916,HuskyStadium,1802
1917,JoanC.EdwardsStadium,1823
1918,Jordan-HareStadium,1824
1919,KenanStadium,1825
1920,KiddBrewerStadium,1826
1921,KinnickStadium,1827
1922,KUMemorialStadium,1828
1923,KyleField,1829
1924,LAMemorialColiseum,1784
1925,LambeauField,1831
1926,LaneStadium,1832
1927,LaVellEdwardsStadium,1833
1928,LegionField,375
1929,Levi'sStadium,1794
1930,LibertyBowl,1836
1931,LincolnFinancialField,1837
1932,LockhartStadium,1838
1933,LucasOilStadium,1839
1934,M&TBankStadium,1840
1935,MAPFREStadium,1841
1936,McLaneStadium,1842
1937,MemorialStadium,450
1938,MemorialStadium,1844
1939,Mercedes-BenzStadium,1815
1940,Mercedes-BenzSuperdome,1846
1941,MetLifeStadium,1847
1942,MichieStadium,1848
1943,MichiganStadium,1849
1944,NeylandStadium,1850
1945,NippertStadium,1851
1946,NissanStadium,1852
1947,NotreDameStadium,1853
1948,NRGStadium,1787
1949,NSCStadium,1855
1950,O.coColiseum,1856
1951,OhioStadium,1841
1952,OklahomaMemorialStadium,1858
1953,OrlandoCityStadium,1373
1954,PaulBrownStadium,1851
1955,Pier40,1861
1956,PrincetonStadium,1862
1957,ProvidencePark,1863
1958,QualcommStadium,1864
1959,RalphWilsonStadium,1865
1960,RaymondJamesStadium,1866
1961,RazorbackStadium,1867
1962,RedBullArena,1868
1963,ReserStadium,1869
1964,RFKStadium,1781
1965,Rice-EcclesStadium,1871
1966,RioTintoStadium,1872
1967,RoseBowl,1873
1968,Ross-AdeStadium,1874
1969,RoyalMemorialStadium,1875
1970,RyanField,1876
1971,SanfordStadium,685
1972,SoldierField,1878
1973,SpartanStadium,1879
1974,SportsAuthorityField,1807
1975,StadiumBowl,1881
1976,StubHubCenter,1882
1977,SunDevilStadium,1883
1978,TalenEnergyStadium,460
1979,TCFBankStadium,1885
1980,TDECUStadium,1787
1981,TIAABankField,1887
1982,TigerStadium,1888
1983,ToyotaField,1777
1984,ToyotaPark,1890
1985,ToyotaStadium,1891
1986,TropicanaField,1776
1987,U.S.BankStadium,1885
1988,UNI-Dome,1894
1989,UniversityofPhoenixStadium,1895
1990,UniversityofRichmondStadium,1896
1991,WakeMedSoccerPark,1897
1992,WaldoStadium,1898
1993,Williams-BriceStadium,1810
1994,YaleBowl,1900
1995,YankeeStadium,1861
1996,ElParqueCentral,1902
1997,EstadioCampeóndelSiglo,1903
1998,EstadioCentenario,1902
1999,EstadioOlímpico,1902
2000,BuxoroArena,1905
2001,MilliyStadioni,1906
2002,PakhtakorMarkaziyStadioni,1906
2003,CocodrilosSportsPark,1907
2004,EstadioAgustínTovar,1908
2005,EstadioJosé“Pachencho”Romero,1909
2006,EstadioMetropolitano,1615
2007,EstadioMetropolitanodeFútboldeLara,1911
2008,EstadioMonumentaldeMaturín,1912
2009,EstadioOlimpico,1907
2010,EstadioOlímpicoLuisRamos,1914
2011,EstadioPolideportivoCachamay,1915
2012,EstadioPolideportivodePuebloNuevo,1916
2013,GoDauStadium,1917
2014,HangDayStadium,1918
2015,MyDinhStadium,1918
2016,ThongNhatStadium,1919
2017,BangorUniversityStadium,1920
2018,CardiffCityStadium,1921
2019,LibertyStadium,1922
2020,ParcyScarlets,1923
2021,ParkAvenue,1924
2022,PrincipalityStadium,1921
2023,RacecourseGround,1926
